Player_id, won_contest, accurate_pass, touch_factor, aerial_won, saves, tackles, yellow_card, red_card, goal_factor, assist_factor, shot_factor, cross_factor, tackle_factor
25604,0.0,20.8574653433,0.0488093469717,0.0807387840379,2.16626708626,0.0,0.0,0.0,0.0,0.0,0.0,0.0,0.0
73399,0.0,13.0446084234,0.0647250577744,0.261876411,2.88825189875,0.0,0.2439,0.0,0.0,0.0,0.0,0.0,0.0
322595,0.0,0.0,0.0,0.0,0.0,0.0,0.0,0.0,0.0,0.0,0.0,0.0,0.0
133381,0.531441,16.563281,0.0456234891884,0.22122,0.0,0.371269,0.0,0.0,0.09,0.03645,0.0906384408749,0.05,0.0211224784426
322596,0.0,12.0,0.0485232067511,0.0,0.0,2.0,0.0,0.0,0.0,0.0,0.2,0.05,0.105263157895
14179,0.0,0.0,0.0,0.0,0.0,0.0,0.0,0.0,0.0,0.0,0.0,0.0,0.0
130330,0.0,0.0,0.0,0.0,0.0,0.0,0.0,0.0,0.0,0.0,0.0,0.0,0.0
69956,0.352412325284,43.1494171667,0.106739104339,0.924388669689,0.0,2.69946242481,0.105952747608,0.2,0.0141214768241,0.0937543683748,0.0468386656424,0.07025,0.16558094484
19494,0.0,0.0,0.0,0.0,0.0,0.0,0.0,0.0,0.0,0.0,0.0,0.0,0.0
11981,0.0623066349596,43.5229829608,0.0849414542707,2.23655597836,0.0,1.47390785365,0.0243474050948,0.00523347633027,0.0338299751684,0.0,0.0395867774897,0.05,0.0862327951576
114075,1.31226096484,55.9354980379,0.103528686116,0.783584134655,0.0,3.12650514181,0.262457202898,0.0,0.00822204041059,0.000675851986348,0.0647552878226,0.05,0.175556691151
23444,1.51613558818,31.3955274556,0.105913627711,0.479543485096,0.0,2.97444747716,0.29376003762,0.0,0.0809296533494,0.0471426842777,0.0977547040818,0.05,0.185619421595
322594,0.0,0.0,0.0,0.0,0.0,0.0,0.0,0.0,0.0,0.0,0.0,0.0,0.0
3553,0.205946721,21.058415255,0.0726772234469,0.230049,0.0,1.045160442,0.63612621,0.1458,0.0,0.0,0.021471615,0.0901460685,0.0660465999745
140088,6.59977314921,15.6664679816,0.077688053161,0.789776465103,0.0,1.07857041142,0.0,0.0,0.0,0.0215233605,0.0642384558776,0.25134918699,0.0592299238623
4145,0.0,14.5459672994,0.0616387323259,2.97236583407,0.0,1.09171697769,0.326842093113,0.0,0.00873771416542,0.012687549897,0.063971711528,0.05,0.0712987483104
121454,0.464491529278,36.9519538219,0.0964558379,3.52261773111,0.0,1.66854950846,0.0,0.0,0.0,0.0052301766015,0.0640027098635,0.05,0.0861285202718
295133,0.0,0.0,0.0,0.0,0.0,0.0,0.0,0.0,0.0,0.0,0.0,0.0,0.0
33748,0.247376747136,24.6955761964,0.0955337268226,1.15040562136,0.0,0.965264734701,0.0834343533295,0.0,0.00654380264501,0.081,0.0519590974017,0.202541865828,0.0555165921303
24711,1.34910448488,35.3632771499,0.102468763667,1.19737145405,0.0,2.67202038099,0.419758722727,0.0,0.0704186582833,0.052,0.0714304858237,0.200007665459,0.149383490651
275887,0.0,0.0,0.0,0.0,0.0,0.0,0.0,0.0,0.0,0.0,0.0,0.0,0.0
107395,0.0185302018885,14.128207839,0.0743376895481,0.388996889863,2.91005294434,0.0,0.0,0.0,0.0,0.0,0.0,0.0,0.0
19155,0.722875536309,31.1579530484,0.0922840764131,0.133214485857,0.0,1.59279401487,0.113287187364,0.0,0.00886293811965,0.0199844965844,0.0776659444714,0.0617753217431,0.101464652229
73084,1.57695457673,50.5658093624,0.103195365571,0.493607031236,0.0,1.58118922391,0.134727118905,0.0,0.0782583016231,0.187018468034,0.160326928351,0.083988611413,0.0962674950058
3859,0.614291997665,32.9352085562,0.0850569386675,0.776689846597,0.0,1.08403940059,0.135717324438,0.0,0.299774749103,0.141665840288,0.206423687479,0.124759044573,0.061052571276
73382,0.29,12.4,0.044227908455,3.0,0.0,0.352,0.0,0.0,0.0,0.0,0.176397619048,0.05,0.0171892230576
108055,0.40133840391,17.1203795888,0.0645696938176,3.60099711548,0.0,0.508195752157,0.081,0.0,0.303482620756,0.0769911836481,0.175555965738,0.05,0.031712487189
19277,0.275107251012,28.5407114052,0.087702731524,2.44090964334,0.0,1.05711176081,0.297451494497,0.062762119218,0.045376792455,0.0306999933342,0.0305532120829,0.05,0.0987659458157
19270,0.0,18.539,0.0392291209909,0.0,1.109,0.1,0.0,0.0,0.0,0.0,0.0,0.0,0.00454545454545
2856,0.0,0.0,0.0,0.0,0.0,0.0,0.0,0.0,0.0,0.0,0.0,0.0,0.0
73063,0.371737651236,17.0342246368,0.105037290397,4.59068932233,0.0,1.46178360819,0.368380481482,0.0,0.00444261138017,0.0,0.0452824497308,0.190849078385,0.0811595462709
19782,0.1,15.6033362286,0.069491302751,0.337327780609,3.45339541371,0.0,0.0387420489,0.0,0.0,0.0,0.0,0.0,0.0
125209,0.2341441,58.0618262688,0.0908473665302,0.3560430978,0.0,2.2828516201,0.0,0.0,0.0,0.0119574225,0.117152349802,0.05,0.11526476107
255961,0.83826721,20.21778441,0.105080831067,1.70496944,0.0,1.73122798,0.081,0.0,0.0,0.018225,0.0150174,0.243046721,0.0796274422737
255962,0.0,0.0,0.0,0.0,0.0,0.0,0.0,0.0,0.0,0.0,0.0,0.0,0.0
104368,1.62,21.80601,0.097248749303,2.75851,0.0,1.13924,0.0,0.0,0.0,0.0,0.0,0.185,0.0671281344538
243552,0.1,32.0185933626,0.0981139637476,2.02761935621,0.0,2.16313098579,0.181387053648,0.0,0.0405,0.03486784401,0.0575855728181,0.0530883669814,0.13036427867
317804,1.35197185581,16.5300982835,0.0812249655018,4.80219003506,0.0,1.74502564977,0.160210749609,0.0,0.192166567857,0.160827282505,0.288864643151,0.178831670555,0.0968800279951
98317,2.291,12.846,0.0531778441909,0.0,0.0,1.1,0.1,0.0,0.0,0.0,0.21225,0.0885,0.0469134090909
71714,1.43095628228,52.1740560076,0.0972923880865,2.21417972561,0.0,2.09025506155,0.207032642219,0.0,0.0510779193243,0.0019297881681,0.0776547553488,0.05,0.110903192318
69375,0.535242913089,42.6351230638,0.0936291892314,0.38703169523,0.0,2.30757732119,0.0,0.0,0.0,0.0280523658824,0.0636877349746,0.2,0.119594589072
99165,0.0,0.0,0.0,0.0,0.0,0.0,0.0,0.0,0.0,0.0,0.0,0.0,0.0
8236,0.570882220434,19.9082603383,0.0991097435074,2.92460483324,0.0,2.40217484518,0.248991452413,0.0,0.0141214768241,0.0,0.0530885534892,0.188958516063,0.161696157104
33831,0.0,12.9,0.0423671511974,0.0,4.2,0.0,0.0,0.0,0.0,0.0,0.0,0.0,0.0
142438,0.0,34.297,0.141178730114,1.842,0.0,2.0359,0.0,0.0,0.0,0.0,0.01,0.2,0.0906737012987
6292,0.0,37.444,0.0808448146987,10.279,0.0,0.819,0.0,0.0,0.729,0.0,0.0862941176471,0.05,0.046125
13450,0.0,14.6140525699,0.0747744271922,0.471986150391,2.77685358687,0.0,0.0,0.0,0.0,0.0,0.0,0.0,0.0
26682,1.25388,25.53162,0.0939300999503,0.53631,0.0,1.7929,0.0729,0.0,0.0,0.0,0.0460604117647,0.21,0.11135758042
32018,0.160488550738,27.0618813034,0.0892598780254,1.69622037157,0.0,2.51878543774,0.198107383588,0.0,0.0366525,0.0,0.108211259237,0.05,0.138643436843
260451,0.0,0.0,0.0,0.0,0.0,0.0,0.0,0.0,0.0,0.0,0.0,0.0,0.0
80758,0.32535999,26.2240470747,0.0773586994,2.6711294697,0.0,0.752063301,0.186190821,0.0,0.0,0.0,0.0401993084729,0.05,0.04921639402
289253,0.933661,10.093284,0.0340889149347,0.801171,0.0,0.677241,0.09,0.0,0.0477495,0.0477495,0.115428958647,0.05,0.064881
298599,0.0,0.0,0.0,0.0,0.0,0.0,0.0,0.0,0.0,0.0,0.0,0.0,0.0
69778,1.14136587082,49.7789803944,0.107580009125,1.90908114197,0.0,2.77425274073,0.315952937361,0.00942025739449,0.0,0.0888252354403,0.0307478328436,0.189245878622,0.164752314051
75830,2.288592,34.829332,0.0912291821215,0.687051,0.0,1.76941,0.09,0.0,0.531441,0.06561,0.186947610839,0.3,0.0914130905456
70483,0.0,14.587,0.049641990256,0.729,2.514,0.0,0.0,0.0,0.0,0.0,0.0,0.0,0.0
327683,0.823146468796,37.4976825943,0.117102532557,3.32263870808,0.0,4.47274740982,0.0567997178923,0.0,0.00764204509148,0.0951757439631,0.160902668637,0.05,0.247443298637
8730,0.245934801229,40.4018000708,0.0805600525824,0.178968728694,0.0,1.38935121847,0.134402467149,0.0,0.0,0.0,0.0,0.05,0.0739270328466
8040,0.78249035967,66.7404635087,0.127151712422,0.541612309799,0.0,2.15365653986,0.232358233221,0.0333543633993,0.123057971987,0.194938315272,0.0891422913356,0.05,0.11901898732
9156,1.17993475718,34.0861855557,0.10775701095,0.610625760616,0.0,1.94148821909,0.440673385466,0.0,0.0,0.0584268463118,0.121249848302,0.110283677808,0.123526776598
121488,0.67149,32.300418,0.0847088452222,0.867051,0.0,1.971361,0.0729,0.0,0.0,0.0,0.0215253968254,0.05,0.112376948255
134668,0.0,0.0,0.0,0.0,0.0,0.0,0.0,0.0,0.0,0.0,0.0,0.0,0.0
34052,0.38887938,46.388903,0.110217615443,1.83224279,0.0,0.80977286,0.0,0.0,0.0295245,0.0,0.123558494026,0.05,0.0407129986844
31558,0.435250179,25.9459457248,0.0870657140964,0.8169666401,0.0,1.820950311,0.043046721,0.0,0.0,0.0,0.0474644464377,0.2,0.110719941425
136466,0.0,0.0,0.0,0.0,0.0,0.0,0.0,0.0,0.0,0.0,0.0,0.0,0.0
136396,0.0,0.0,0.0,0.0,0.0,0.0,0.0,0.0,0.0,0.0,0.0,0.0,0.0
303172,0.0,0.0,0.0,0.0,0.0,0.0,0.0,0.0,0.0,0.0,0.0,0.0,0.0
260779,0.0,0.0,0.0,0.0,0.0,0.0,0.0,0.0,0.0,0.0,0.0,0.0,0.0
23547,0.305688579701,31.1892669528,0.0852460306758,2.62644435837,0.0,1.53922989696,0.119323490877,0.0,0.04782969,0.0,0.0245066659813,0.0518236498189,0.118608702006
9484,0.0,17.2523650558,0.0698855190334,0.124998264354,3.21872100709,0.058149737003,0.0531441,0.0,0.0,0.0,0.0,0.0,0.00323054094461
108176,0.2,31.752,0.0766306589454,0.09,0.0,0.6787,0.1629,0.0,0.0,0.0,0.02479,0.05,0.0391980392157
14524,1.9,30.69,0.0754777000033,0.9,0.0,0.0,0.0,0.0,0.0,0.0,0.243611111111,0.1865,0.0
330916,5.0,28.0,0.079528718704,0.0,0.0,2.0,0.0,0.0,0.0,1.0,0.176470588235,0.2,0.0909090909091
84129,0.0,0.0,0.0,0.0,0.0,0.0,0.0,0.0,0.0,0.0,0.0,0.0,0.0
17876,0.0,0.0,0.0,0.0,0.0,0.0,0.0,0.0,0.0,0.0,0.0,0.0,0.0
94024,0.858706507872,9.88262780259,0.0408697785159,0.38013456501,0.0,0.983575532862,0.081,0.0,0.0,0.0,0.147488479722,0.05,0.0530483243576
70140,0.755454437008,37.8398424292,0.092672067281,0.540141200709,0.0,2.15722004165,0.291340101493,0.0,0.0,0.0435085171767,0.0278243171781,0.05,0.115742214357
141246,1.0,41.0,0.0996835443038,2.0,0.0,2.0,0.0,0.0,0.0,0.0,0.0,0.05,0.0833333333333
106880,1.1341459,13.157368525,0.0584324243956,5.392108878,0.0,0.2775303,0.0,0.0,0.416944989,0.0,0.112338779275,0.05,0.01433851875
90549,0.0,0.0,0.0,0.0,0.0,0.0,0.0,0.0,0.0,0.0,0.0,0.0,0.0
135211,1.31307105394,29.690276674,0.0746573570238,2.03349317519,0.0,2.07244444053,0.11343969,0.0,0.0811630233333,0.022971537225,0.0797788924443,0.05,0.114855334947
136945,2.20077672201,18.2710323032,0.0763106957666,0.257010878198,0.0,1.12878278265,0.14661,0.0,0.123814845,0.017433922005,0.224401198704,0.197978354292,0.072855557692
12124,0.073561241171,25.696177732,0.079105142255,4.05537818973,0.0,0.901601755227,0.143254636825,0.0,0.0196977027813,0.013286025,0.0853093560738,0.05,0.0584379682032
35371,0.357705721,9.6831865431,0.0528705725268,1.837300701,0.0,0.534030489,0.271876411,0.0,0.082805,0.05,0.0975107935,0.103685,0.0279685307823
9734,0.750504846499,50.2971304847,0.105888114631,0.571492081078,0.0,2.22586827421,0.0113660936246,0.0,0.0583009750681,0.00837654413648,0.051682786524,0.05,0.118770155938
14038,0.1,5.4,0.0583059833375,0.1,0.0,1.9,0.0,0.0,0.0,0.1,0.00909090909091,0.3,0.104347826087
3807,0.278964636465,18.5399309447,0.0751877435685,10.2092781259,0.0,0.141286502293,0.04782969,0.0,0.24195821718,0.065598957985,0.17154130823,0.05,0.00780619885881
90000,0.846980784913,19.9159272335,0.0626728762621,0.118098,0.0,0.371679960838,0.0536616119314,0.081,0.04889552445,0.0127728757874,0.065606457114,0.174265605112,0.0231105974062
8462,0.0,10.0,0.0431778929188,0.0,2.0,0.0,1.0,0.0,0.0,0.0,0.0,0.0,0.0
8466,0.043046721,29.4512474333,0.0880017554456,2.31183728584,0.0,1.04154427694,0.391831619066,0.0,0.0,0.0885047317648,0.00917444896172,0.05,0.0727762780148
332124,0.0,0.0,0.0,0.0,0.0,0.0,0.0,0.0,0.0,0.0,0.0,0.0,0.0
322655,0.2726541,46.8118279133,0.0883004343891,3.141941331,0.0,1.1080694477,0.0,0.1,0.0,0.0,0.0303599285714,0.05,0.0667718507445
322652,0.0,0.0,0.0,0.0,0.0,0.0,0.0,0.0,0.0,0.0,0.0,0.0,0.0
248351,1.90596823399,14.1855844361,0.0594513463262,0.28367132401,0.0,0.80479190682,0.06561,0.0,0.0,0.0626568939,0.078673938506,0.242363268291,0.0468061297382
32720,1.8400348,24.3107873,0.105426742385,0.740459,0.0,0.7825581,0.059049,0.0,0.0,0.0,0.0,0.2,0.0474233763866
21686,0.843698501075,16.6411460222,0.0779836986329,0.974005552492,0.0,1.32826167163,0.133895965273,0.0,0.0855118115042,0.06561,0.201289756803,0.273635284222,0.0909052058701
8943,0.0,0.0,0.0,0.0,0.0,0.0,0.0,0.0,0.0,0.0,0.0,0.0,0.0
21682,0.04782969,10.45566248,0.0796959732857,0.081,7.4985221,0.0,0.0,0.0,0.0,0.0,0.0,0.0,0.0
21683,0.983960631626,41.6277362241,0.079744122552,0.625803756179,0.0,1.91611008954,0.102497074877,0.0,0.132080910532,0.165199017674,0.0848491233367,0.0686027843456,0.103071140524
8194,0.246343706471,39.6686480312,0.0976072229388,0.65948449853,0.0,0.925962731827,0.164091828553,0.0254186582833,0.0185302018885,0.0,0.0603108397896,0.05,0.0538933573986
8195,0.0,16.9539370967,0.0706831252618,0.22732246819,3.13497693572,0.0531441,0.00523347633027,0.0,0.0,0.0,0.0,0.0,0.00332150625
19119,0.690019583803,70.2247750269,0.110006347439,2.36933006064,0.0,2.11730575385,0.122494190213,0.0734651672113,0.0136957713501,0.0440103457644,0.0585168065792,0.0522471932314,0.131937999519
9767,0.944232581643,29.9999618977,0.0921472241364,0.786670889767,0.0,1.23726823278,0.1043520489,0.0,0.199407531768,0.0452762422339,0.171737172837,0.151024484861,0.0708751505981
255777,3.47779813888,27.5012924565,0.0895915054105,1.23257892809,0.0,1.43478931321,0.0,0.0,0.032805,0.023914845,0.105896844385,0.1923831975,0.0697399874554
135732,0.0,0.0,0.0,0.0,0.0,0.0,0.0,0.0,0.0,0.0,0.0,0.0,0.0
35691,0.152300880997,27.7709887897,0.0906464574895,1.44401510456,0.0,3.04395396397,0.255276577391,0.0,0.0,0.0,0.0643714950653,0.05,0.178916460201
138695,0.0,0.0,0.0,0.0,0.0,0.0,0.0,0.0,0.0,0.0,0.0,0.0,0.0
85059,3.80281027645,14.4527626425,0.0810261281331,0.43058202037,0.0,1.59815707736,0.193930250135,0.0,0.0698771073905,0.0990732724409,0.119590465047,0.187142505152,0.0863066639185
36849,0.702109431569,33.2324491361,0.094555272769,1.03764307295,0.0,2.64255816355,0.184251651005,0.00717897987692,0.019683,0.0423229585222,0.125536814094,0.05,0.146751587725
103837,0.541085188938,39.431528085,0.104315331373,2.06764121924,0.0,1.64727948319,0.0254186582833,0.0,0.0292634673495,0.0599982527748,0.0566514801512,0.2,0.117017440207
3860,0.39338379,11.3192240768,0.0624493960622,3.60502801696,0.0,0.707417736481,0.031381059609,0.0,0.21436456501,0.059049,0.199714140335,0.132370127972,0.0610077896654
14621,0.0,16.0,0.0523560209424,2.0,0.0,2.0,0.0,0.0,0.0,0.0,0.0,0.05,0.105263157895
133445,0.081,5.755,0.0485625944843,0.819,0.0,0.171,0.0,0.0,0.0,0.0,0.0825230769231,0.05,0.0111932773109
71824,0.268119372193,24.5214660774,0.0888524982157,0.552097650753,0.0,0.966719948614,0.0387420489,0.0,0.0516336357654,0.152929428492,0.0806310394133,0.05,0.0710846609664
243562,1.54125585795,15.2942946409,0.0552785595535,3.15834262943,0.0,1.10218372296,0.0,0.0,0.044433922005,0.0,0.133509557818,0.123299438528,0.0607883495709
244565,0.09,15.5511,0.0501541367352,1.343,0.0,1.839,0.0,0.0,0.0,0.0,0.0104142857143,0.05,0.123688970588
331928,0.0,0.0,0.0,0.0,0.0,0.0,0.0,0.0,0.0,0.0,0.0,0.0,0.0
34974,2.0,9.0,0.0446735395189,0.0,0.0,0.0,0.0,0.0,0.0,0.0,0.333333333333,0.05,0.0
331924,0.0,0.0,0.0,0.0,0.0,0.0,0.0,0.0,0.0,0.0,0.0,0.0,0.0
130331,0.10687869,43.076675049,0.0831635398563,2.065995579,0.0,2.232309846,0.0,0.0,0.0,0.0,0.0302119319966,0.05,0.100015351966
130334,3.05999822941,13.0088657215,0.0803060195203,0.505151033245,0.0,0.7960216933,0.131406994343,0.13122,0.0,0.111438396227,0.120026412062,0.149705614641,0.0567136124727
29820,0.370269,34.4841771,0.0911376746034,1.1154439,0.0,2.792126,0.0729,0.0,0.0,0.0,0.029308721978,0.2,0.167951835801
31958,0.1,31.7509,0.0613891288421,1.1998,0.0,1.434,0.2629,0.0,0.0,0.0,0.00820827067669,0.060935,0.0785333198381
8408,0.0631718927369,33.4629654477,0.0930144513134,3.12312452281,0.0,1.54976171903,0.101511672156,0.00225283995449,0.042490512225,0.00511478108187,0.0506424335949,0.05,0.082981645487
71345,0.0135085171767,30.0906278169,0.0686761711819,2.69157780732,0.0,1.14380053024,0.0813870536481,0.0,0.0184333033024,0.00328256967395,0.0361309271143,0.05,0.0724697090659
69517,2.3544297351,16.7185778267,0.0859866345743,1.98105483123,0.0,0.750897460023,0.121166327762,0.00618063087653,0.123080976616,0.00182480036314,0.190206884996,0.184707504879,0.0563216374104
345336,0.0,0.0,0.0,0.0,0.0,0.0,0.0,0.0,0.0,0.0,0.0,0.0,0.0
11530,0.043753686049,13.9388353985,0.0796002488405,0.264891311887,3.25981957814,0.00278128389444,0.128414783188,0.0,0.0,0.0,0.000346836749524,0.0,0.000146383362865
34876,0.405342995231,36.2855281098,0.119340140612,1.81301809603,0.0,1.53315300938,0.179118517177,0.0282429536481,0.0,0.058149737003,0.0302759627181,0.208759692673,0.0869344211778
41589,0.50336721,28.90582578,0.0999683847172,0.47763317,0.0,2.73698093,0.48951621,0.0,0.0,0.0,0.0289120768831,0.1492200815,0.157879119168
11869,0.0,30.0,0.128571428571,0.0,0.0,2.0,0.0,0.0,0.0,0.0,0.222222222222,0.2,0.105263157895
243511,0.259398997658,21.7739431758,0.0735247833864,1.21212864811,0.0,1.65089837292,0.115946721,0.0,0.0,0.0,0.0402889827456,0.06363146165,0.0982971851953
13056,0.712818772033,12.1969984697,0.0629315618586,0.59518459699,0.0,2.78161011445,0.166551898913,0.0,0.0328118989132,0.00833859084983,0.0927646762067,0.3,0.170205858747
127119,0.99,10.123,0.0411043034263,1.513,0.0,0.181,0.0,0.0,0.0,0.0,0.0,0.27975,0.0139823529412
82972,0.713744714108,39.6784845299,0.0943016258846,0.506982721751,0.0,2.03547019451,0.120814386459,0.0,0.0,0.02657205,0.107581382939,0.05,0.128150510678
83297,0.2,8.2,0.0485533453888,4.6,0.0,0.1,0.0,0.0,0.1,0.0,0.0333333333333,0.05,0.00625
43948,0.0,0.0,0.0,0.0,0.0,0.0,0.0,0.0,0.0,0.0,0.0,0.0,0.0
328106,0.0,0.0,0.0,0.0,0.0,0.0,0.0,0.0,0.0,0.0,0.0,0.0,0.0
83357,0.219886956196,34.2676904119,0.0868460314353,1.76794981829,0.0,1.65007815206,0.464501033059,0.0,0.0,0.0,0.0439415098599,0.05,0.0831194179303
30635,0.0,47.0,0.0851370851371,2.0,0.0,1.0,0.0,0.0,0.0,0.0,0.0714285714286,0.05,0.0833333333333
338118,0.0,0.0,0.0,0.0,0.0,0.0,0.0,0.0,0.0,0.0,0.0,0.0,0.0
323097,0.0,0.0,0.0,0.0,0.0,0.0,0.0,0.0,0.0,0.0,0.0,0.0,0.0
14244,0.408698929742,31.2949911891,0.0953985404214,2.17070559499,0.0,3.18562564378,0.221549940893,0.0,0.0405,0.0,0.0204102423167,0.180466877166,0.183040702849
23220,0.129164992455,27.6456524989,0.0825797386053,1.36739629189,0.0,2.61564516516,0.27378881134,0.0,0.0,0.0,0.0269240995,0.196187201258,0.148667370387
4616,1.9,21.1,0.054411674289,0.1,0.0,1.0,0.0,0.0,0.0,0.0,0.00909090909091,0.05,0.104166666667
288989,0.0,0.0,0.0,0.0,0.0,0.0,0.0,0.0,0.0,0.0,0.0,0.0,0.0
23054,2.0,7.0,0.0505226480836,0.0,0.0,0.0,0.0,0.0,0.0,0.0,0.0,0.05,0.0
31826,0.955623076654,27.7295351709,0.102019910005,0.947412136919,0.0,1.81491901278,0.147248903619,0.0,0.100768225605,0.0105720694841,0.0489868100007,0.2,0.0925038073219
235743,0.0,0.0,0.0,0.0,0.0,0.0,0.0,0.0,0.0,0.0,0.0,0.0,0.0
6105,0.0161753752434,34.3193456014,0.0940248509412,3.07967975559,0.0,1.74096815639,0.221416334308,0.18,0.00644502610073,0.0082387588338,0.0269388242938,0.05,0.0888563923995
34131,0.752583421125,34.2429853162,0.125169454237,1.71403738697,0.0,2.85212361222,0.118942799191,0.0,0.00171684191015,0.00323054094461,0.0475246362417,0.200523347633,0.175973199373
94935,0.00810340221605,25.3189254833,0.0965488860462,3.58517583587,0.0,1.47088559341,0.227757756897,0.0,0.00636268544114,0.0,0.040551834602,0.05,0.0880372466789
94936,0.162,29.02698,0.0787989988316,0.375849,0.0,0.50851,0.0,0.0,0.0,0.0,0.0,0.2,0.0300098851675
24444,0.1187541,21.5137123882,0.0508976097918,3.7405083369,0.0,1.74437694937,0.16561,0.0,0.31466342494,0.02324522934,0.112612726805,0.05,0.0796775566841
27349,0.0412287686308,23.1769931611,0.0723069364459,1.51183544868,0.0,1.26858198459,0.179825376994,0.0218837978263,0.02187,0.01937102445,0.0690565644136,0.05,0.0828397989436
331089,0.0,0.0,0.0,0.0,0.0,0.0,0.0,0.0,0.0,0.0,0.0,0.0,0.0
277239,0.0,0.0,0.0,0.0,0.0,0.0,0.0,0.0,0.0,0.0,0.0,0.0,0.0
132838,0.0,13.0,0.0725075528701,0.0,0.0,3.0,0.0,0.0,0.0,0.0,0.125,0.2,0.09375
30524,1.5588010991,14.7021519595,0.0770585354053,0.36164028609,0.0,0.54821202499,0.09,0.0,0.0,0.013286025,0.134607147897,0.3,0.045506276646
76304,1.16646992414,21.2429778694,0.0828018338,0.125509040315,0.0,0.439478862101,0.112785380908,0.0,0.117363584991,0.0694293079727,0.192028043082,0.154378187142,0.0273565612528
10839,0.416845798114,59.3674004848,0.0941578370303,1.91230592311,0.0,1.29019620049,0.129472100802,0.0,0.0,0.0,0.00701655124306,0.05,0.0740418999895
33590,0.705040355836,35.3084868685,0.0979445191077,0.692839445997,0.0,1.37694413206,0.151127349688,0.0,0.0716818053978,0.00416929542492,0.12772106124,0.0509538010612,0.0878922070384
136896,0.0,23.58,0.0992813779905,0.81,0.0,2.52,0.09,0.0,0.0,0.0,0.115714285714,0.2,0.126236842105
8166,1.32734992126,32.2290083864,0.109827023617,0.540880444648,0.0,2.16144227813,0.261576749258,0.0,0.0405,0.0692761554913,0.0719227255688,0.226458368291,0.133049670386
31281,0.67149,24.374629,0.0611151789607,1.308241,0.0,1.007849,0.1629,0.0,0.0885735,0.0885735,0.153353314286,0.06869885,0.0501360590467
9446,0.88056048701,30.0269164665,0.0736587931212,0.80572164499,0.0,0.92119150521,0.1287420489,0.0,0.0,0.0,0.0276376004512,0.25616274401,0.0538002113751
9794,0.0,6.0,0.0537848605578,0.0,0.0,4.0,0.0,0.0,0.0,0.0,0.1,0.3,0.307692307692
106086,0.884813515272,23.8499156779,0.09632742515,3.08392341131,0.0,1.93959940214,0.0,0.0,0.0295245,0.00463255047213,0.0517910257237,0.05,0.118952573552
22319,0.0,0.0,0.0,0.0,0.0,0.0,0.0,0.0,0.0,0.0,0.0,0.0,0.0
135865,0.0,0.0,0.0,0.0,0.0,0.0,0.0,0.0,0.0,0.0,0.0,0.0,0.0
92547,1.55542367854,37.3822505308,0.0980829004559,1.51523144077,0.0,0.934081097623,0.209804316091,0.0,0.121007117948,0.0666178134934,0.174276896243,0.0834725042926,0.0576177649939
40560,0.0,0.0,0.0,0.0,0.0,0.0,0.0,0.0,0.0,0.0,0.0,0.0,0.0
41868,0.96145464625,16.6950310269,0.0756707669207,1.37046439676,0.0,1.19111641188,0.03486784401,0.0,0.014348907,0.21440879991,0.175649131097,0.3,0.0725398910499
8247,0.620694173278,39.375208392,0.0963331887696,0.0839626974716,0.0,1.29266877793,0.266225335078,0.0,0.154734385168,0.0,0.0425676790858,0.05,0.0876047774669
101374,0.854732160932,57.3781962583,0.0838944871917,1.53026213823,0.0,1.1020563433,0.00984770902184,0.0,0.0,0.0,0.0242572236987,0.05,0.0684507867204
299451,3.178,20.524,0.0552835328396,0.0,0.0,1.729,0.0,0.0,0.0,0.0,0.181985714286,0.21,0.0782139037433
319889,0.0,0.0,0.0,0.0,0.0,0.0,0.0,0.0,0.0,0.0,0.0,0.0,0.0
24248,1.98861799015,22.8772821493,0.0710818416461,1.01809063117,0.0,0.376323428401,0.223417485843,0.0,0.401924033954,0.0889778255024,0.196697860507,0.05,0.0191841305429
90918,1.04009017179,15.6955323661,0.0628341482233,0.538002946282,0.0,1.86417673173,0.0,0.0,0.0,0.0,0.272063344312,0.186503456428,0.0907958479919
101373,0.0,0.0,0.0,0.0,0.0,0.0,0.0,0.0,0.0,0.0,0.0,0.0,0.0
100008,0.09,49.806,0.0826339965138,1.18,0.0,1.081,0.0,0.0,0.0,0.0,0.0,0.05,0.0778952380952
144711,2.51940629787,27.3079192951,0.0627555478904,0.604994187816,0.0,1.44172460456,0.161294862649,0.0,0.121334130767,0.128535352621,0.106171075723,0.231125839263,0.0811885593425
260780,0.0,0.0,0.0,0.0,0.0,0.0,0.0,0.0,0.0,0.0,0.0,0.0,0.0
135663,0.0,28.8,0.0586896413544,0.1,0.0,0.9,0.0,0.0,0.0,0.0,0.0877005347594,0.275,0.036
29106,0.0254186582833,60.0958997052,0.10129906182,2.98544467048,0.0,1.01659652257,0.241837119196,0.0,0.0118256140274,0.00821160163413,0.0153790600233,0.05,0.0510695735758
299271,0.1,34.065,0.0771793794071,0.2,0.0,4.035,0.0,0.0,0.0,0.0,0.0192929292929,0.15935,0.187681818182
299272,1.33264171012,24.0937864083,0.108723787221,4.65349206512,0.0,2.4772675309,0.0387420489,0.0,0.03486784401,0.0,0.111684480484,0.21341441,0.159159050785
23757,0.476012867673,18.097292911,0.0651193468171,5.809851569,0.0,0.386573672823,0.242735773005,0.0,0.157322767256,0.142112473709,0.179046382134,0.05,0.0209770845212
34123,0.433175408658,28.7420694813,0.0870033848249,0.826699853475,0.0,2.43925207158,0.40739835501,0.0,0.114383962275,0.0,0.111088146134,0.05,0.165710930814
274630,0.0,6.0,0.0264765784114,0.0,0.0,0.0,0.0,0.0,0.0,0.0,0.0,0.05,0.0
145999,0.43046721,30.30846989,0.068362645574,1.46134459,0.0,2.36469358,0.124659,0.0,0.0,0.0,0.00888634978022,0.05,0.131146046115
105577,1.47051505773,20.3378643967,0.0755533428283,0.35993573181,0.0,1.22606076403,0.51075731709,0.0,0.05526225,0.0,0.173212108223,0.286713975,0.0825572737407
73798,0.0,14.7892067304,0.0422188695349,0.0891428047664,1.90694329647,0.0,0.00523347633027,0.0,0.0,0.0,0.0,0.0,0.0
22932,2.53333350508,17.3971532814,0.0882596136505,0.221063689747,0.0,1.70841409095,0.139542519725,0.0,0.0,0.089563612005,0.0965280710117,0.220379036108,0.11102342639
13938,0.147021326978,11.947344217,0.0685315198885,8.52727087127,0.0,0.345645273299,0.0,0.0,0.169351612548,0.0617532215384,0.202385830139,0.05,0.0252482963644
349484,0.0,0.0,0.0,0.0,0.0,0.0,0.0,0.0,0.0,0.0,0.0,0.0,0.0
344695,0.0,0.0,0.0,0.0,0.0,0.0,0.0,0.0,0.0,0.0,0.0,0.0,0.0
329820,0.0,0.0,0.0,0.0,0.0,0.0,0.0,0.0,0.0,0.0,0.0,0.0,0.0
108226,2.6502320195,21.4367075972,0.060136897578,0.31533966345,0.0,0.0567997178923,0.0,0.0,0.4096085037,0.0402693645708,0.258757209449,0.16399265,0.00656800072167
331582,0.0,0.0,0.0,0.0,0.0,0.0,0.0,0.0,0.0,0.0,0.0,0.0,0.0
12376,0.292197824343,34.8888962073,0.10471226303,0.181038828381,0.0,2.08477182902,0.151669147233,0.0,0.128619976356,0.0427280843124,0.125905596251,0.05,0.115574567305
5625,0.3468400489,13.4510443743,0.0487240967162,0.28179553401,0.0,1.47761542279,0.0,0.0,0.0,0.0,0.0606523039717,0.26771,0.083039450154
294516,0.0,0.0,0.0,0.0,0.0,0.0,0.0,0.0,0.0,0.0,0.0,0.0,0.0
122926,1.46168721,17.7558398,0.0862317322903,0.5003541,0.0,1.7327098,0.059049,0.0,0.06561,0.019683,0.0623206742143,0.3,0.139814252971
42947,2.1234169,16.05603776,0.0621142047507,0.13851,0.0,0.22072969,0.06561,0.1,0.081,0.0,0.115185692453,0.3,0.0146712034842
329677,0.0,0.0,0.0,0.0,0.0,0.0,0.0,0.0,0.0,0.0,0.0,0.0,0.0
141172,0.3260441,42.2376681,0.0977511113635,1.5625982,0.0,1.5417049,0.06561,0.0,0.0,0.0,0.0345669992889,0.05,0.0779011467567
28746,0.0,12.421694208,0.0618830604508,0.0,3.788667938,0.0,0.0,0.0,0.0,0.0,0.0,0.0,0.0
74603,0.18787869,16.6797640869,0.0681217468505,5.11622820174,0.0,0.909472561391,0.0531441,0.0,0.187189899827,0.0,0.147993081947,0.05,0.0576784467062
70050,0.465674701025,38.9015545234,0.0814883391941,2.19120414391,0.0,1.19226568013,0.445464856858,0.0,0.0185302018885,0.0,0.0207577626323,0.0525015772549,0.0639563700626
25829,1.0,29.0,0.0683139534884,0.0,0.0,0.0,0.0,0.0,0.0,0.0,0.2,0.3,0.0
14102,1.44033093314,63.4473188633,0.103285755693,0.406160501359,0.0,1.36119760703,0.204697206308,0.0,0.126972270556,0.131170882706,0.116225052095,0.102787315667,0.0828014395774
21571,0.0,14.2455737913,0.0716143287886,0.145797528338,3.12338116241,0.0,0.0531441,0.0,0.0,0.0,0.0,0.0,0.0
13727,0.0,48.0,0.13064516129,5.0,0.0,6.0,0.0,0.0,0.0,0.0,0.0,0.05,0.214285714286
79970,0.1,27.3,0.115123862465,0.0,0.0,2.62,0.0,0.0,0.0,0.0,0.00833333333333,0.2,0.0952631578947
280766,0.0,4.0,0.00722543352601,0.0,0.0,0.0,0.0,0.0,0.0,0.0,0.0,0.05,0.0
29814,0.0,0.0,0.0,0.0,0.0,0.0,0.0,0.0,0.0,0.0,0.0,0.0,0.0
325156,0.0,0.0,0.0,0.0,0.0,0.0,0.0,0.0,0.0,0.0,0.0,0.0,0.0
273257,0.0,0.0,0.0,0.0,0.0,0.0,0.0,0.0,0.0,0.0,0.0,0.0,0.0
22847,0.802609673731,37.5160425359,0.106798703971,1.42034684966,0.0,1.45610986126,0.165471198126,0.0,0.01937102445,0.00174449211009,0.0576351885607,0.05,0.0827549797263
22846,0.694020658232,36.0274912589,0.105877522205,0.919619070036,0.0,1.37251166632,0.0396532817761,0.0,0.0313906419472,0.099715153558,0.0954895987073,0.2,0.0700065930398
347436,0.0,16.0,0.0550098231827,1.0,0.0,1.0,0.0,0.0,0.0,0.0,0.0,0.05,0.05
21778,0.562794725412,55.8693083139,0.103128314937,3.93068140476,0.0,1.56166880215,0.243040061058,0.0,0.0,0.0,0.0148401082018,0.0529004968004,0.0914464565008
23683,0.0683990732346,24.244067301,0.100549119079,1.42539714563,0.0,1.40395915651,0.382059919081,0.0,0.0,0.00119725151826,0.0169606365294,0.2,0.0773269339341
3841,0.0,19.2172995918,0.0709342863471,1.94123901298,0.0,1.16082030761,0.243754099995,0.0,0.0,0.0141214768241,0.00935880882849,0.05,0.0729081528979
75198,0.1,16.335,0.0667240840038,1.45,0.0,3.196,0.09,0.0,0.0,0.0,0.0322532467532,0.05,0.185266785502
343975,1.64,17.01,0.0563446898496,0.19,0.0,0.19,0.0,0.0,0.0,0.0,0.0504341880342,0.0725,0.017
112009,0.0,3.0,0.0139534883721,0.0,0.0,0.0,0.0,0.0,0.0,0.0,0.0,0.2,0.0
110260,0.507754426843,43.0852448119,0.0895077004227,1.89800391734,0.0,2.32123025412,0.031381059609,0.0,0.02657205,0.10937834902,0.0487999449377,0.161872012575,0.126832023907
255505,0.0,0.0,0.0,0.0,0.0,0.0,0.0,0.0,0.0,0.0,0.0,0.0,0.0
86794,1.7076497374,29.2316859806,0.0892284388867,1.04638660944,0.0,1.37901502802,0.1817887699,0.0,0.043046721,0.059049,0.143702767133,0.3,0.0811514279477
71015,2.43,16.63,0.0734412724407,0.0,0.0,1.72,0.0,0.0,0.0,0.81,0.162401315789,0.2675,0.109583333333
12713,0.0,28.0,0.089605734767,2.0,0.0,0.0,1.0,0.0,0.0,0.0,0.0,0.05,0.0
125211,1.12505549217,44.1552089432,0.0903304668773,0.924625552392,0.0,1.17912617808,0.142484674206,0.0,0.00127173474826,0.00559771287215,0.0712536380188,0.2,0.0774629926166
38772,1.15971044682,28.4130994101,0.102314735181,2.60541836048,0.0,2.21501639755,0.00886293811965,0.0,0.0,0.0205891132095,0.0683207159887,0.0755184662764,0.127812002431
80921,0.344184426068,46.2737372292,0.0874221377186,3.67195908018,0.0,1.49894401682,0.316199486611,0.0,0.0288622278548,0.0212305409446,0.0384906913137,0.05,0.0909071971741
317506,1.093147101,8.41778934586,0.0408814678575,1.18433896389,0.0,0.74208577699,0.0,0.0,0.07842002445,0.0729,0.357865697725,0.0970715894135,0.0564544596325
317507,0.0,0.0,0.0,0.0,0.0,0.0,0.0,0.0,0.0,0.0,0.0,0.0,0.0
73078,1.43266167694,17.9654108339,0.0441330081257,1.07330899887,0.0,1.20860670527,0.0,0.0,0.229577867811,0.032805,0.123180230747,0.05,0.0671459181208
13756,0.906499205947,64.6132551322,0.111776422545,0.330319472584,0.0,0.650501653445,0.041920635533,0.0,0.0570631162287,0.171451869809,0.0864108065516,0.05,0.0375677195413
131171,0.12072969,20.7918380938,0.0764169788029,0.671339213128,2.53368649482,0.0,0.0,0.0,0.0,0.0215233605,0.0,0.0,0.0
68312,0.557552075426,15.8496817447,0.0706808983937,8.81834233615,0.0,0.285032853232,0.301823861316,0.0,0.126596029618,0.0109370899775,0.211268744661,0.05,0.0149519818671
68648,0.56551850134,25.0084748037,0.097366574894,1.05988702908,0.0,1.44007577918,0.231309790378,0.0,0.0,0.0977372094164,0.123138117919,0.2919,0.0942059914118
124688,0.464007402855,14.9995017371,0.0485391805235,1.06545367365,0.0,0.470819584252,0.0,0.0,0.115772779805,0.0411214768241,0.137766106703,0.05,0.0230002162051
32224,0.1,26.764,0.0854021203109,2.457,0.0,0.909,0.0,0.0,0.0,0.0,0.0736071428571,0.21,0.051064171123
100718,0.32425176501,28.7936408901,0.0922389891918,0.3765679389,0.0,1.22807977318,0.0,0.0,0.0,0.0,0.0340885184039,0.1901585,0.0887119891794
8806,0.0,0.0,0.0,0.0,0.0,0.0,0.0,0.0,0.0,0.0,0.0,0.0,0.0
73380,0.13782969,14.3325139514,0.0695855382875,3.8189484545,0.0,0.387420489,0.0531441,0.0,0.4382725401,0.0,0.270464580836,0.05,0.0228930288955
83895,1.7211702,10.7581088,0.0533586110494,0.67051,0.0,1.3397869,0.4782969,0.0,0.0,0.0,0.15812180487,0.24605319,0.0667230209317
44055,1.87640885868,24.7307924057,0.0597013577146,0.145433389905,0.0,1.29617481013,0.261147152111,0.0,0.12738641068,0.0452495567689,0.172915851443,0.153968120414,0.0687851876099
40027,0.7485031,27.78234948,0.0862626336141,0.29565938,0.0,1.31937831,0.1629,0.63046721,0.0,0.0,0.104119334502,0.05,0.0943830147744
43742,0.0,0.0,0.0,0.0,0.0,0.0,0.0,0.0,0.0,0.0,0.0,0.0,0.0
33318,0.0,8.0,0.0585480093677,1.0,0.0,5.0,0.0,0.0,0.0,0.0,0.0,0.05,0.384615384615
19847,0.99,26.49,0.118887446665,15.39,0.0,3.52,0.0,0.0,0.0,0.0,0.192,0.05,0.161022727273
69346,0.744420908682,22.5748173351,0.0847482543575,0.551776042209,0.0,1.54393296197,0.113586029151,0.0,0.121465633925,0.105220232458,0.297652161267,0.168852516364,0.0823513866688
69344,0.858661005849,47.814686696,0.103626701202,0.490542442487,0.0,1.42139190527,0.0,0.0,0.145371350396,0.143936666718,0.208444384985,0.163595744172,0.0767546441241
18181,0.197321250789,22.2679213346,0.096678755996,1.38707488505,0.0,1.92344867986,0.442401224889,0.0564859072962,0.0,0.0,0.0471092055292,0.2,0.104607188523
135242,0.1,12.79,0.0428629735069,0.1,0.0,0.9,0.0,0.0,0.0,0.0,0.209523809524,0.05,0.0529411764706
302206,0.1,11.0,0.0648627609272,3.9,0.0,0.1,1.0,0.0,0.0,0.0,0.32,0.05,0.00833333333333
28416,0.3,7.5,0.0306467813992,0.0,0.0,1.2,0.0,0.0,0.0,0.0,0.0,0.21,0.0511304347826
12462,0.234481490874,22.7760325949,0.069302095825,0.823687671533,0.0,2.63720068484,0.318091063168,0.0,0.0,0.0,0.0133088597741,0.05,0.163481735367
2837,0.48920490218,8.3589067688,0.0380380485033,0.0573607962483,0.0,0.632543864755,0.1260441,0.0,0.296642249512,0.030347938305,0.218130092332,0.05,0.0441791845961
58761,1.99711111744,18.8928471378,0.0765635959057,0.798711320637,0.0,0.669933377984,0.0732483482833,0.0,0.0366241741416,0.0366241741416,0.167269202363,0.220379389799,0.0352006443708
140889,0.0,0.0,0.0,0.0,0.0,0.0,0.0,0.0,0.0,0.0,0.0,0.0,0.0
90810,0.0463670089157,27.1089795206,0.0746736817596,1.39844804878,0.0,1.70728342293,0.14798441754,0.0,0.05,0.0,0.0563462774174,0.0525015772549,0.0950039948193
332418,0.0,0.0,0.0,0.0,0.0,0.0,0.0,0.0,0.0,0.0,0.0,0.0,0.0
74341,0.122735655965,63.3176622691,0.103943834259,3.14950544627,0.0,1.36511034238,0.0334957823077,0.0,0.0252434475,0.0,0.0443883089026,0.05,0.0840664146078
108860,0.0,17.36,0.0380707961037,0.2,0.0,0.81,0.0,0.0,0.0,0.0,0.09,0.0725,0.0476470588235
122554,0.0,0.0,0.0,0.0,0.0,0.0,0.0,0.0,0.0,0.0,0.0,0.0,0.0
33891,0.785158183421,12.056779466,0.0582517679864,3.13770537688,0.0,0.831926936609,0.0335396654182,0.0,0.110090390651,0.0176961575015,0.22985485103,0.086178302438,0.0491669546062
34239,0.6682119878,15.5952420463,0.0560139782216,0.4316680188,0.0,1.367412931,0.0,0.3486784401,0.0924385163,0.0700245,0.0931608963009,0.223156643765,0.0968765553119
104010,0.30861,66.1551999325,0.11576693514,3.4906499435,0.0,0.8620591878,0.453030489,0.0,0.081,0.023914845,0.0444731800301,0.05,0.0409656779462
26222,0.449230280289,13.9848611237,0.0553834362336,1.07549857839,0.0,1.6350376849,0.0,0.0,0.122743139942,0.0334418989132,0.116858763169,0.05,0.0792699452044
29026,0.0387420489,31.6664693225,0.0946126491532,2.08553675816,0.0,1.03162230035,0.0641607071833,0.0,0.0,0.045,0.0887012316292,0.05,0.059696105171
13447,0.581930714336,51.2805291183,0.106336842795,1.44366269263,0.0,0.599805264579,0.0684188032095,0.00942025739449,0.0249386537698,0.175906356947,0.04847292451,0.05,0.0471572870496
79050,0.0,26.1903,0.0901615765753,0.371,0.0,1.05732,0.7561,0.0,0.0,0.0,0.0175396825397,0.05,0.0937761428571
76050,1.00440041162,11.9431972611,0.0701369532506,0.79611539307,0.0,3.37572264553,0.395497590113,0.0,0.013286025,0.00762559748499,0.0866814934564,0.276586591426,0.191219837047
64343,1.26065161,29.32163064,0.111837055413,1.51284268,0.0,2.97108325,0.1341441,0.0,0.0,0.059049,0.10076322304,0.05,0.171466800269
8505,0.411815650182,42.695904423,0.101916835205,0.994798713106,0.0,1.71897935867,0.127958486454,0.0,0.0,0.00675425858836,0.0225980910021,0.05,0.0998350906101
349485,0.0,0.0,0.0,0.0,0.0,0.0,0.0,0.0,0.0,0.0,0.0,0.0,0.0
8507,0.672561335195,23.5065572693,0.101968802988,0.71401007762,0.0,1.29214152423,0.208275468348,0.0,0.0347554118312,0.0986645242198,0.116296427176,0.258221751067,0.0827032891609
34693,1.78489548092,16.6378593586,0.0662450916343,0.638601417477,0.0,0.996231347662,0.222334563919,0.109847709022,0.0932461825193,0.0560881522808,0.212826013821,0.225428020404,0.0610376553936
106981,0.718917576506,8.28442414781,0.0423386008121,2.22341361457,0.0,0.407619982269,0.0768654123681,0.1,0.135611403839,0.0502520065921,0.133568138912,0.05,0.0302212783873
284123,0.0,0.0,0.0,0.0,0.0,0.0,0.0,0.0,0.0,0.0,0.0,0.0,0.0
23122,0.0,13.2442488352,0.0576981372631,0.417482547508,2.54458760573,0.0,0.1287420489,0.0,0.0,0.0,0.0,0.0,0.0
113275,0.716141009676,43.5449311914,0.107718315036,0.699613326352,0.0,3.31714364437,0.0282429536481,0.0,0.0,0.0164025,0.0562093409164,0.2,0.176540287926
86173,0.9,43.0,0.108075819549,4.6,0.0,2.0,0.9,0.0,0.0,0.0,0.075,0.05,0.121590909091
118244,0.689893921,39.929840014,0.0871375502442,0.738943263,0.0,2.415914256,0.043046721,0.0,0.0,0.014348907,0.0148138038457,0.2,0.182163127385
294849,1.801,7.549,0.0571409963533,0.1,0.0,0.713,0.81,0.0,0.0,0.0,0.009,0.25725,0.054138548951
294848,0.0,0.0,0.0,0.0,0.0,0.0,0.0,0.0,0.0,0.0,0.0,0.0,0.0
116615,0.0,0.0,0.0,0.0,0.0,0.0,0.0,0.0,0.0,0.0,0.0,0.0,0.0
67807,0.584584786108,54.7797543453,0.109371433376,0.177813387841,0.0,2.18122023685,0.310653782634,0.0143579597538,0.0083379610003,0.0259824003569,0.0890149333264,0.05,0.150201863613
143990,0.778663279,51.1255057506,0.0822320657851,0.1584840978,0.0,1.3083324311,0.0,0.0,0.02187,0.045,0.0262677583095,0.05,0.0911289476606
30060,0.507812271628,17.0814406465,0.0533768413313,1.28816482627,0.0,1.08016937196,0.0135085171767,0.0,0.115867451016,0.0864425423511,0.114342873811,0.120438266523,0.0634759346472
244779,0.0,0.0,0.0,0.0,0.0,0.0,0.0,0.0,0.0,0.0,0.0,0.0,0.0
39308,0.3278400489,14.6838093401,0.0433861079862,1.63828867787,0.0,1.16602805953,0.0729,0.0,0.344472193333,0.0624294,0.148380815818,0.113546645708,0.0738168384906
80067,0.394931332133,18.1312004907,0.10735100959,1.20619821954,0.0,2.30061649267,0.186966728658,0.0,0.0,0.0273481311932,0.00907984487105,0.2,0.142112343293
318871,0.67341,26.1862116,0.0961742746812,0.124659,0.0,2.7865757,0.124659,0.0,0.0,0.0,0.0519577835165,0.2,0.138841244824
118326,0.501949,9.9434541,0.0452981336519,2.9485306,0.0,0.7173459,0.0,0.0,0.19161,0.045,0.238684495192,0.05,0.0515373456767
105339,0.0,0.0,0.0,0.0,0.0,0.0,0.0,0.0,0.0,0.0,0.0,0.0,0.0
6042,0.234641022574,50.7367259149,0.10286387092,1.30514111306,0.0,1.70628245968,0.0372662949091,0.0,0.0443146905983,0.0,0.00838171973311,0.193966945365,0.109360066191
141931,0.0,0.0,0.0,0.0,0.0,0.0,0.0,0.0,0.0,0.0,0.0,0.0,0.0
75691,0.246911811802,66.0538937098,0.106427420137,4.25416603828,0.0,1.84340131477,0.321335916417,0.0,0.0649930008687,0.017433922005,0.0455045713345,0.05,0.11224466175
75692,0.0536616119314,27.7970157776,0.0911917986119,4.15969783676,0.0,0.727481779705,0.179688593619,0.0,0.0,0.0,0.102580308072,0.05,0.045755113924
11624,0.0,0.0,0.0,0.0,0.0,0.0,0.0,0.0,0.0,0.0,0.0,0.0,0.0
10620,0.0,0.0,0.0,0.0,0.0,0.0,0.0,0.0,0.0,0.0,0.0,0.0,0.0
188,0.291524078229,36.1992221745,0.0953588001718,1.1952497169,0.0,2.14504795705,0.25941957359,0.0,0.00655478648787,0.054621476824,0.0574833920564,0.05,0.111285890728
106872,0.729,22.319,0.0702413003333,1.629,0.0,0.729,0.0,0.0,0.0,0.0,0.20412012987,0.05,0.0331363636364
2115,0.259430784228,63.5403141564,0.105964286133,0.554184060573,0.0,1.54542655397,0.022876792455,0.0,0.0,0.0,0.0240740066086,0.05,0.0863157419183
343270,0.0,0.0,0.0,0.0,0.0,0.0,0.0,0.0,0.0,0.0,0.0,0.0,0.0
318896,0.0,0.0,0.0,0.0,0.0,0.0,0.0,0.0,0.0,0.0,0.0,0.0,0.0
24238,0.360514603416,39.0422474347,0.103956313497,0.869936891245,0.0,2.44197785345,0.0,0.0,0.0,0.031381059609,0.0699869311271,0.05,0.153188848872
295603,0.0,0.0,0.0,0.0,0.0,0.0,0.0,0.0,0.0,0.0,0.0,0.0,0.0
3874,0.0,12.56,0.0890034918967,0.0,4.52,0.0,0.0,0.0,0.0,0.0,0.0,0.0,0.0
335753,0.0,0.0,0.0,0.0,0.0,0.0,0.0,0.0,0.0,0.0,0.0,0.0,0.0
76810,0.392915949892,42.1090086466,0.0824407182114,3.16563328278,0.0,1.03864150804,0.276620880609,0.0,0.0,0.0,0.0267066152446,0.0835329007311,0.0560300945074
8572,0.0,0.0,0.0,0.0,0.0,0.0,0.0,0.0,0.0,0.0,0.0,0.0,0.0
13805,0.115418658283,28.6140571646,0.0834298165877,3.42426345788,0.0,1.74780813615,0.1260441,0.0,0.0,0.0,0.0219204596522,0.05,0.116285767363
97635,3.9148148,24.6819444,0.0862661159644,1.3032038,0.0,2.5390856,0.0,0.0,0.0,0.0,0.146120239286,0.2669,0.141990808937
69844,3.46662751116,16.4634053219,0.0695665844068,1.191309822,0.0,1.59986739699,0.12072969,0.0,0.059049,0.11048573097,0.129861807405,0.2585982675,0.0755245902779
11235,0.0817887699,27.3379510881,0.0911079466303,0.64049899136,0.0,1.90337697258,0.272593972533,0.0531441,0.0,0.0,0.0798484833245,0.121722783024,0.102703758074
3281,0.451536335522,28.6949408025,0.0679422396982,2.76755987311,0.0,0.356880001488,0.230113051533,0.0,0.399774245594,0.120474103966,0.241247012104,0.05,0.0329848403465
106028,2.064782,12.079486,0.0613941993589,0.0,0.0,0.445708,0.0,0.0,0.531441,0.045,0.179932835227,0.07715,0.0274489669856
296332,0.27,9.636,0.037670954121,1.638,0.0,0.271,0.0,0.0,0.0,0.0,0.158285714286,0.05,0.0177459893048
109227,0.696151701726,23.7432700267,0.0953300550238,1.2799249214,0.0,1.65852268183,0.118258276758,0.0,0.0109418989132,0.0,0.0111878849936,0.2,0.0987109821321
302386,0.0,0.0,0.0,0.0,0.0,0.0,0.0,0.0,0.0,0.0,0.0,0.0,0.0
255169,1.0,62.0,0.112938596491,1.0,0.0,0.0,0.0,0.0,0.0,0.0,0.0454545454545,0.2,0.0
131487,0.472368448552,9.30131550271,0.0448825039882,0.281890766406,0.0,0.202105613495,0.128540072227,0.0,0.214233753338,0.063884836178,0.182866262396,0.05,0.0114257488142
10498,0.676944233502,28.5517645087,0.0862447930029,0.249509832138,0.0,1.38639032811,0.0387420489,0.0,0.139424450763,0.0397093291416,0.100597371048,0.05,0.094795445213
43712,0.149049,35.2152424051,0.106291429971,1.13437121337,0.0,2.35065466263,0.0,0.0,0.0,0.0,0.0109809720265,0.2,0.128023631814
86458,0.286518766595,36.2873713273,0.0907323169292,1.32985636174,0.0,0.870647378932,0.107836380554,0.0,0.0254186582833,0.00290748685015,0.0314336395946,0.05,0.0471300233493
317541,0.0,0.0,0.0,0.0,0.0,0.0,0.0,0.0,0.0,0.0,0.0,0.0,0.0
344324,0.0,0.0,0.0,0.0,0.0,0.0,0.0,0.0,0.0,0.0,0.0,0.0,0.0
318153,0.503578843995,43.3938597822,0.128337729598,0.668262929509,0.0,2.9356733992,0.115946721,0.0,0.044400152955,0.0686303773649,0.0752515564053,0.05,0.13605743931
108724,0.575107329609,22.5430480605,0.0914505262818,2.97356669941,0.0,1.35701657571,0.1397158389,0.0,0.185302018885,0.0,0.0829153936288,0.05,0.0840539379472
19736,0.0,0.0,0.0,0.0,0.0,0.0,0.0,0.0,0.0,0.0,0.0,0.0,0.0
71522,1.77016812555,16.7437863619,0.0751505682775,0.0283748348716,0.0,1.75492034686,0.05569228124,0.0,0.00422546552686,0.127193978712,0.125355639442,0.246025076931,0.105402524714
80882,0.789351059909,18.7907392632,0.0841843437655,1.36352931849,0.0,0.861749441879,0.266233223293,0.0,0.09,0.0,0.16231605863,0.170386283305,0.0478954848186
101664,0.0918861489,22.621100824,0.0997609990637,0.23880348,0.0,2.94240681128,0.0,0.0,0.0,0.0,0.0511761146867,0.2,0.138832576093
69933,0.281906814272,46.5135642253,0.0898095684514,1.17619342274,0.0,1.44595053377,0.0784202352191,0.0,0.00173680935129,0.0,0.0407684269637,0.05,0.109830601241
110189,0.0,14.9128199519,0.0851849025937,0.418254664095,3.85397880642,0.0,0.0,0.0,0.0,0.0,0.0,0.0,0.0
34822,1.40739079591,27.1694241148,0.109075749497,1.76461548457,0.0,3.08205699893,0.108940596798,0.0,0.0,0.101438396227,0.0569524490359,0.213508517177,0.1569069235
35565,0.0,0.0,0.0,0.0,0.0,0.0,0.0,0.0,0.0,0.0,0.0,0.0,0.0
149599,0.657920202163,29.5812442533,0.0971704251444,0.819666841515,0.0,2.549381502,0.213627881825,0.0,0.00199416107692,0.0,0.0341774287573,0.05,0.141461871719
312670,0.0,0.0,0.0,0.0,0.0,0.0,0.0,0.0,0.0,0.0,0.0,0.0,0.0
312739,0.09565938,27.701505696,0.0854592784031,0.800382263,0.0,3.05185611,0.0,0.0,0.0,0.0,0.0535110843929,0.15969807335,0.151102953858
69525,1.8019,19.1305,0.0534238402315,0.6561,0.0,0.2539,0.0,0.0,0.0,0.0,0.00526315789474,0.2,0.0203466386555
134887,0.0,0.0,0.0,0.0,0.0,0.0,0.0,0.0,0.0,0.0,0.0,0.0,0.0
24148,0.597769262609,26.0806293983,0.112456179013,1.26895566314,0.0,2.59691062132,0.0292493396212,0.0,0.0,0.09,0.0292066535676,0.198923153018,0.164713804676
89998,1.80198512403,39.0893829039,0.0995245372674,0.097575648651,0.0,0.806722232229,0.168285557063,0.0,0.0749405668418,0.105568582475,0.120385006552,0.0676567179939,0.0597244320054
14805,0.490828928125,20.399870081,0.0833458705971,2.43638381974,0.0,1.31309567592,0.100941898913,0.0,0.0858452758064,0.0,0.0696395443519,0.0662795302833,0.0839384198095
279379,1.0603197955,22.9995725971,0.0478803622043,1.20493890742,0.0,1.10073411875,0.257862479307,0.0,0.201653556861,0.11683854712,0.138283808742,0.0863776183143,0.0677262413771
78559,0.0,28.4609645072,0.0810726679016,2.7522987832,0.0,1.8074836134,0.221949,0.0,0.081,0.0,0.0657608083516,0.05,0.0804135428447
107940,0.0,21.093,0.0534050068164,1.539,0.0,0.09,0.0,0.0,0.0,0.0,0.03825,0.05,0.0075
278129,2.0,45.3,0.123499139169,0.0,0.0,6.3,0.9,0.0,0.0,0.0,0.00833333333333,0.05,0.370588235294
109915,2.26008670545,31.4122389226,0.0746677316876,1.39462877659,0.0,0.902537465085,0.145629022755,0.00984770902184,0.168008818919,0.0868277322229,0.12227595952,0.200491873358,0.0492793932094
280663,0.0,60.0,0.0989304812834,1.0,0.0,2.0,0.0,0.0,0.0,0.0,0.0,0.05,0.2
107176,0.0,16.2747614374,0.0466501987396,0.60381059609,1.3333502188,0.0,0.0,0.0,0.0,0.0,0.0,0.0,0.0
70,0.0,36.41378,0.0720034837003,3.21266,0.0,0.76149,0.1,0.0,0.1476225,0.0,0.092463961039,0.05,0.0332175183824
86425,1.69855860252,26.9760002953,0.0751174645233,0.115752502954,0.0,1.22304238632,0.016123970409,0.1,0.0442775987927,0.0438313895198,0.138039547583,0.218232107008,0.0554458934349
32323,0.794175404992,17.7090655513,0.0808235770275,1.14479579643,0.0,1.98362963278,0.0375763237423,0.0,0.143558417883,0.01594323,0.135702968265,0.217075719631,0.129061196118
25363,0.721136883702,39.3601939627,0.0723205417917,0.177712710757,0.0,0.753994681038,0.1126936637,0.0,0.0836267078846,0.104005644848,0.0799610944498,0.206468836861,0.0417657470896
77464,0.639721332,39.919451198,0.0661329274025,0.14661,0.0,0.78660217,0.0,0.0,0.12637962225,0.01476225,0.0881228834292,0.05,0.0519228777878
78152,2.1141,34.2687,0.0840785709985,1.0081,0.0,2.6119,0.1629,0.1,0.0,0.0243,0.0,0.2,0.186832692308
312920,0.0,0.0,0.0,0.0,0.0,0.0,0.0,0.0,0.0,0.0,0.0,0.0,0.0
29474,1.20992094384,23.2514411871,0.0652723407503,0.243862832553,0.0,0.988800568898,0.183845509918,0.0,0.0237898559236,0.191356087742,0.0948511273103,0.167012149452,0.055249704123
29574,0.17248869,10.8018665384,0.0534548279319,2.2232980701,0.0,1.7845657012,0.305659,0.0,0.0,0.0,0.0458824769178,0.05,0.0863002601519
29575,0.423222769061,29.9061651649,0.078314355188,2.05549333487,0.0,0.859451823661,0.06561,0.0,0.03645,0.023914845,0.0230676372469,0.05,0.053352419753
27213,1.59512454587,80.2390166219,0.118786296592,0.980979115599,0.0,2.69066682712,0.282429536481,0.0,0.010460353203,0.00553457841429,0.0689243015225,0.140778410587,0.184528617322
29809,1.32899575267,16.1603017899,0.0832997812765,1.78611255906,0.0,1.13259697933,0.0531441,0.0,0.0610479536481,0.09672521445,0.200525249921,0.09643613375,0.0654461381206
280060,0.0,0.0,0.0,0.0,0.0,0.0,0.0,0.0,0.0,0.0,0.0,0.0,0.0
83601,0.0,0.0,0.0,0.0,0.0,0.0,0.0,0.0,0.0,0.0,0.0,0.0,0.0
12480,1.62,31.67,0.0789092235638,0.0,0.0,0.09,0.0,0.0,0.0,0.0,0.123214285714,0.275,0.00529411764706
29595,0.856505059467,34.4777978045,0.0667529926065,0.67721565535,0.0,1.18033341604,0.0205891132095,0.0,0.0,0.0,0.0509938709282,0.180008744804,0.0598787307857
68049,0.271697263231,26.7517179714,0.0998915724294,1.57783369214,0.0,0.982019211117,0.0946674327944,0.0333543633993,0.0,0.0790054489742,0.0390385443578,0.1750124315,0.0606360491644
30051,0.0525033108613,53.4294096096,0.0947355612319,3.47020199739,0.0,1.82700428651,0.241936737876,0.00381520424477,0.0141724398578,0.0,0.00925650986123,0.05,0.115345927372
8157,0.302604765399,17.015564444,0.0604209719687,2.0807729062,0.0,0.801184910687,0.162533750408,0.0,0.00211955791376,0.0,0.0394955642184,0.05,0.0492802995569
135724,0.0,24.0,0.0471567267684,1.0,0.0,2.0,0.0,0.0,0.0,0.0,0.0,0.05,0.08
135727,0.41245914617,39.0942279402,0.0934573176301,3.12516277386,0.0,0.898483546881,0.00309031543826,0.0,0.0280724335543,0.0,0.0565788248136,0.05,0.0535530188467
92331,0.0,0.0,0.0,0.0,0.0,0.0,0.0,0.0,0.0,0.0,0.0,0.0,0.0
4574,1.01591686776,27.3768461209,0.093719233914,0.774083934549,0.0,1.63519067437,0.081,0.0,0.0,0.0,0.0382115845288,0.141656759866,0.0973497330693
33833,0.612230931589,23.5849541831,0.0874824396408,1.65741584442,0.0,2.25231398045,0.366330677168,0.0,0.0,0.0531441,0.114160062694,0.05,0.130945185082
42686,3.10762756326,40.3942073829,0.0917552989467,0.560636245899,0.0,1.087495686,0.180430059609,0.0,0.0,0.0855028390589,0.125622892447,0.05,0.059052807737
92550,0.593717124399,39.4730977236,0.0912754837627,1.827654712,0.0,1.28087097724,0.159049,0.0,0.0,0.00847288609443,0.0204579172777,0.065,0.0769077962107
13361,0.307503633194,20.1953320217,0.0631223385724,4.84837026842,0.0,0.622146607667,0.0670126751227,0.0,0.184549795169,0.0141214768241,0.140329106894,0.05,0.0392490285455
8786,0.031381059609,13.745294359,0.0631270644639,0.1594323,2.38652305709,0.0531441,0.0,0.0,0.0,0.0531441,0.0,0.0,0.0059049
243814,0.447099110674,32.3251787425,0.0742598721265,1.66691473145,0.0,1.96270917638,0.216859266062,0.0,0.00514727830237,0.0,0.0178504143104,0.0676714539604,0.117320634992
81726,0.122821282152,39.1967048346,0.0766604562614,2.46184397368,0.0,1.25532628925,0.0576605921208,0.0,0.0,0.0,0.013401299537,0.05,0.0699840520552
315290,0.0,0.0,0.0,0.0,0.0,0.0,0.0,0.0,0.0,0.0,0.0,0.0,0.0
31376,1.2041017118,13.1218463573,0.056845770534,1.11432835748,0.0,0.45337427892,0.03486784401,0.0,0.009685512225,0.009685512225,0.194324800092,0.057971615,0.0304262158404
34098,0.0,0.0,0.0,0.0,0.0,0.0,0.0,0.0,0.0,0.0,0.0,0.0,0.0
7616,0.0,0.0,0.0,0.0,0.0,0.0,0.0,0.0,0.0,0.0,0.0,0.0,0.0
342565,0.0,0.0,0.0,0.0,0.0,0.0,0.0,0.0,0.0,0.0,0.0,0.0,0.0
28421,1.1298135151,32.4293055973,0.082765429751,0.541443587739,0.0,1.16582087276,0.121381059609,0.0,0.11037329597,0.0465738909232,0.0986936973855,0.130607897797,0.0676019115163
34302,0.525851840545,19.1303916317,0.0701985244748,0.491411869919,0.0,0.921508673359,0.113430602293,0.0,0.149740458764,0.033093867682,0.158873462006,0.170752966583,0.0595704454876
326414,0.0,0.0,0.0,0.0,0.0,0.0,0.0,0.0,0.0,0.0,0.0,0.0,0.0
335593,0.0,0.0,0.0,0.0,0.0,0.0,0.0,0.0,0.0,0.0,0.0,0.0,0.0
93309,0.0,17.0,0.0691318327974,2.0,0.0,0.0,0.0,0.0,0.0,0.0,0.0,0.2,0.0
349750,0.0,0.0,0.0,0.0,0.0,0.0,0.0,0.0,0.0,0.0,0.0,0.0,0.0
135837,0.629538631733,22.2251030271,0.104281872859,0.715995319715,0.0,1.6938584027,0.431989682833,0.0,0.0,0.0,0.0559511337693,0.2,0.0808263605941
122980,3.69900394144,30.6110659722,0.114579278758,1.2131361345,0.0,2.99629978362,0.1287420489,0.0,0.0,0.0387420489,0.0461576598197,0.217295445074,0.179068496233
13846,1.15962294909,38.9965363319,0.101070641694,0.833144585847,0.0,2.33740143381,0.362018891889,0.0,0.0531441,0.0,0.0803435375189,0.05,0.139081243788
79442,0.0,12.4,0.0424126479365,1.2,0.0,0.0,0.0,0.0,0.0,0.0,0.0,0.29,0.0
82102,0.0817887699,15.0936441558,0.0514187302121,3.55036032176,0.0,0.672675002468,0.1729,0.0,0.346623737223,0.0094143178827,0.206271166996,0.05,0.0353203197008
299450,1.706706,34.715895,0.0942439371103,0.09,0.0,0.643169,0.06561,0.0,0.0,0.0,0.121895641353,0.05,0.0402227983193
12431,0.398198058656,26.4061264512,0.123411378324,2.12540213757,0.0,2.28388926234,0.311874548129,0.0,0.00902032620337,0.0714873588081,0.0472901727018,0.197954413231,0.13742622907
109670,0.1,13.8,0.0727017105366,1.8,0.0,2.8,0.0,0.0,0.9,0.0,0.279365079365,0.2,0.252121212121
83335,1.411029,30.183556,0.0904278546765,0.321949,0.0,1.854198,0.059049,0.0,0.0,0.0,0.140823914286,0.05,0.105910443694
297544,0.46532509771,25.9721658429,0.0912315674879,2.73166155467,0.0,1.63109623286,0.188477090218,0.0,0.0,0.017433922005,0.0297619681294,0.104251701087,0.0896779000675
141312,0.3978,28.47495,0.0707734289453,0.92539,0.0,1.68889,0.0,0.0,0.0,0.0,0.0622706664388,0.206561,0.0965187061218
84146,2.60070549053,30.1020019898,0.0773492049897,0.753947225443,0.0,1.68670085246,0.0806194635297,0.0,0.0265374225,0.124015982139,0.0930148567646,0.214099365415,0.0895900457339
11020,0.1717887699,31.135615469,0.0786028336777,0.991513760491,0.0,1.3456073476,0.031381059609,0.0,0.01594323,0.0,0.0426246809259,0.05,0.0789225229168
96257,1.2116420489,16.156456293,0.0732825967054,0.777174589,0.0,0.4276001988,0.0,0.0,0.023914845,0.014348907,0.20520548092,0.3,0.0250047416571
44847,0.010411692384,36.3092295794,0.0975044357098,2.37742954802,0.0,1.18107403851,0.169014050606,0.0,0.0,0.0215451577191,0.0189515361575,0.05,0.0715341641068
332416,0.0,0.0,0.0,0.0,0.0,0.0,0.0,0.0,0.0,0.0,0.0,0.0,0.0
332411,1.0,19.0,0.0977272727273,0.0,0.0,1.0,0.0,0.0,0.0,0.0,0.0,0.2,0.05
332410,0.0,0.0,0.0,0.0,0.0,0.0,0.0,0.0,0.0,0.0,0.0,0.0,0.0
332412,0.0,0.0,0.0,0.0,0.0,0.0,0.0,0.0,0.0,0.0,0.0,0.0,0.0
141414,0.1,17.57,0.0770385473036,0.0,0.0,3.24,0.09,0.0,0.0,0.0,0.02,0.2,0.231428571429
138785,0.0,0.0,0.0,0.0,0.0,0.0,0.0,0.0,0.0,0.0,0.0,0.0,0.0
12267,0.612527097939,52.3199905215,0.107395724729,3.21698864164,0.0,1.60101729101,0.205548741488,0.0,0.03645,0.03645,0.0861502971965,0.102837722762,0.10912272663
36745,0.0,22.0,0.0703764320786,1.0,3.0,0.0,0.0,0.0,0.0,0.0,0.0,0.0,0.0
81959,3.55854214,39.58564173,0.10271061326,1.54530163,0.0,1.50927411,0.0729,0.0,0.0,0.0,0.0442251433929,0.05,0.086930125127
70099,0.1843641,25.4633200137,0.098340598999,1.6477199191,0.0,1.24785731709,0.13782969,0.0,0.0534140163,0.0,0.0917814764545,0.05,0.0897528258386
14111,0.04782969,15.3735802405,0.0569845601604,0.355472151137,3.19143348858,0.0,0.0506896313993,0.0,0.0,0.0,0.0,0.0,0.0
14114,0.995831120242,13.4358903412,0.0810830868077,4.95094500384,0.0,0.430336529468,0.0865717389,0.0,0.059344245,0.0,0.162123944126,0.168589804974,0.0254937454694
91822,0.528666947309,24.1114105489,0.0967454525237,2.15367122451,0.0,2.67953744087,0.0813870536481,0.0,0.0,0.0,0.0601409385674,0.229264738378,0.152414898344
92804,0.743405865678,12.9599175154,0.0567563491179,1.05768810598,0.0,2.73316414931,0.043046721,0.0,0.0,0.0254186582833,0.0621813462632,0.281775,0.139671463307
126958,0.826184263,24.9740290306,0.097892400343,1.37632704814,0.0,2.40339670807,0.043046721,0.0,0.0,0.06561,0.0286650425779,0.2,0.125721617313
71647,0.7461,12.8418,0.0471736033779,2.0171,0.0,0.7461,0.7371,0.0,0.0,0.0,0.103893451857,0.05,0.058275
19471,0.109630007296,44.8703477164,0.0908602344012,3.91204435876,0.0,1.30855793313,0.319796582833,0.0,0.0,0.02187,0.0119714833782,0.1865,0.115629860183
14058,2.36268602198,33.0076518001,0.105812219951,0.190876411,0.0,0.513773302802,0.210720677168,0.0,0.0610479536481,0.142539453447,0.213386245757,0.174842571618,0.0378952785961
69877,0.795937813357,32.3338531086,0.0927451035908,0.660794477799,0.0,1.75088470609,0.235166685543,0.0,0.00523347633027,0.0547950456516,0.086433712865,0.230772074961,0.115807785767
69090,0.0729,9.42302,0.0465554970753,0.99461,0.0,2.4393,0.0,0.0,0.0,0.0,0.07381125,0.05,0.126300762837
14053,1.13584708228,69.2470114974,0.114421931615,1.94972510793,0.0,1.96719130259,0.234367849303,0.0,0.108744595882,0.0,0.0892522191511,0.05,0.111190841676
69878,0.4646251611,26.1343982677,0.073049546374,0.460320489,0.0,1.1359659511,0.167705721,0.0,0.0531441,0.0,0.122040969713,0.09525,0.0781090083135
8327,0.474704880833,31.9630229117,0.114865784657,1.91381737634,0.0,1.10925059255,0.253248006119,0.0,0.081,0.192165056622,0.159708529035,0.05,0.0764951699834
131464,0.31286194353,22.1809897434,0.0915588550527,5.49188151791,0.0,1.87044264931,0.122257470609,0.0,0.0,0.0,0.0597663386164,0.05,0.121550833908
68393,0.270672142773,22.5046054186,0.0788048167604,3.34780248908,0.0,1.50577270979,0.217186833142,0.0,0.184569103588,0.0,0.0526437312275,0.0728293940287,0.101919475035
316077,0.441178380563,25.0360790456,0.0700133946994,0.726051196763,0.0,1.67628452534,0.323559005098,0.0,0.00771335919066,0.0369621664676,0.0430972551916,0.05,0.0988717879851
17708,0.0,13.2170554573,0.0831539633332,0.156342531131,4.07703429513,0.0,0.04782969,0.0,0.0,0.0,0.0,0.0,0.0
107941,0.20540878827,23.5620620128,0.0888632370255,3.66567539313,0.0,0.71896796017,0.0602424632883,0.0,0.00839657891519,0.00119725151826,0.0448629200672,0.05,0.051610828356
21742,0.3043520489,31.9874984006,0.0982874713118,1.1370526238,0.0,1.8947647658,0.4486784401,0.0,0.0,0.0225,0.0629328763777,0.163728266015,0.143419106257
107942,0.0,0.0,0.0,0.0,0.0,0.0,0.0,0.0,0.0,0.0,0.0,0.0,0.0
135366,0.79194163401,13.8634220243,0.0684837849867,1.24461691318,0.0,1.66122556418,0.059049,0.0,0.032805,0.0129140163,0.06989876353,0.05,0.11501494424
11367,0.0,9.0,0.018759018759,0.0,0.0,0.0,0.0,0.0,0.0,0.0,0.0,0.2,0.0
75138,0.835136183257,46.0662162054,0.124194584391,0.888241083534,0.0,2.84449000582,0.1193987897,0.0,0.00295431270655,0.0141214768241,0.0975164307454,0.05,0.169368489269
74921,0.423068315098,9.66703586075,0.0307986571726,0.833293596057,0.0,0.202997860172,0.0934891132095,0.0,0.271798896243,0.0,0.160872724647,0.05,0.0123733024175
134115,0.496669728013,9.47472773995,0.0419647798441,0.425035478296,0.0,0.326613611476,0.0,0.0,0.188090193573,0.0,0.15272116361,0.05,0.0195228134884
130964,0.767330529391,31.028125709,0.0856705322618,0.321135159609,0.0,0.998197954111,0.182316208509,0.0,0.0,0.0,0.0944111156168,0.125290600905,0.067367614463
110154,0.0,0.0,0.0,0.0,0.0,0.0,0.0,0.0,0.0,0.0,0.0,0.0,0.0
35328,2.0,13.0,0.0855018587361,0.0,0.0,4.0,0.0,0.0,0.0,0.0,0.25,0.3,0.235294117647
33404,5.4255568249,38.6147628353,0.0930626091012,0.46282303601,0.0,0.511370870856,0.0492524696262,0.0,0.158685173598,0.0822479945303,0.167168075467,0.139404388039,0.0277926703323
33403,0.0,10.104,0.0580236565051,10.183,0.0,0.181,0.1,0.0,0.0,0.0,0.154366452991,0.05,0.011431372549
75919,1.72833381575,35.2020900387,0.106588932395,0.32239527093,0.0,2.00301464107,0.1121931,0.0,0.0,0.017433922005,0.0190181693123,0.2,0.113319178571
88300,0.2,46.9288,0.0753570372948,1.0019,0.0,1.381,0.0,0.0,0.0,0.03645,0.0588857960118,0.25346,0.110409441735
32741,0.043046721,9.93053210115,0.0373483351472,1.35742182805,0.0,0.411256186026,0.0,0.0,0.173518316955,0.0477218340491,0.181190749792,0.05,0.03179803135
107846,0.0,0.0,0.0,0.0,0.0,0.0,0.0,0.0,0.0,0.0,0.0,0.0,0.0
74586,0.0,10.0,0.0585516178737,0.0,4.0,0.0,0.0,0.0,0.0,0.0,0.0,0.0,0.0
33568,0.602422141185,45.2820998516,0.0791705220729,1.06092835979,0.0,1.07369887694,0.0440164947298,0.0,0.112874470013,0.0230607191141,0.126661920118,0.05,0.0557839284718
145277,0.1729,34.8689,0.105004061875,1.3097,0.0,1.8558,0.1629,0.0,0.0,0.0,0.0819,0.05,0.0732805395843
9002,0.0,11.078230585,0.0603216484314,0.237272191704,3.61351621344,0.0,0.0,0.0,0.0,0.0,0.0,0.0,0.0
78193,0.0,0.0,0.0,0.0,0.0,0.0,0.0,0.0,0.0,0.0,0.0,0.0,0.0
5487,0.0,0.0,0.0,0.0,0.0,0.0,0.0,0.0,0.0,0.0,0.0,0.0,0.0
303387,0.0,0.0,0.0,0.0,0.0,0.0,0.0,0.0,0.0,0.0,0.0,0.0,0.0
122294,0.0,0.0,0.0,0.0,0.0,0.0,0.0,0.0,0.0,0.0,0.0,0.0,0.0
27586,0.46323185427,36.4351977991,0.0814050367597,1.40031758443,0.0,1.29119418198,0.178921282888,0.0166771816997,0.00695141046996,0.0,0.0695500034194,0.05,0.0784553008947
77429,1.23997504861,27.1950662531,0.090459980012,1.06482453043,0.0,1.44439233965,0.0387420489,0.0,0.0,0.043873407,0.167699514813,0.05,0.101640389432
4759,0.811043819156,15.0422567208,0.0595068556029,0.280150401438,0.0,0.819693851846,0.059049,0.0,0.13905618453,0.00295431270655,0.0560981576942,0.246510604977,0.0473000665301
109000,0.9192163168,29.3905282793,0.0651423201154,0.146988520877,0.0,0.82233882879,0.125598576739,0.0,0.0621495496377,0.0676075149022,0.130800777278,0.18041104924,0.0479935775693
27421,0.059049,24.8861762078,0.089876282899,3.17985095284,0.0,1.46829597251,0.0983186582833,0.0,0.0746674605,0.173432962275,0.0427914905128,0.05,0.0895117874767
6775,0.0233427144729,14.1454811389,0.045366140077,0.306127353878,2.20346638618,0.00278128389444,0.0270501950987,0.0,0.0,0.0,0.0,0.0,0.000120925386715
68659,0.198501542706,74.043841773,0.123123049552,1.23382332525,0.0,3.0282468519,0.113782158098,0.0,0.00771403873377,0.0722606710098,0.04289189409,0.05,0.155255170198
68852,0.0,55.9,0.0743154231741,4.7,0.0,1.0,0.0,0.0,0.0,0.0,0.0,0.05,0.0467914438503
15834,1.61018793574,19.7733947374,0.0600190994582,0.669550710848,0.0,0.920252847874,0.0135085171767,0.0,0.082710387231,0.0383184840276,0.140729532428,0.193148527209,0.0494335980107
332836,0.0,0.0,0.0,0.0,0.0,0.0,0.0,0.0,0.0,0.0,0.0,0.0,0.0
40036,1.84255799246,13.8936260832,0.0828361660023,1.97920768886,0.0,0.792670398566,0.0094725921578,0.0,0.0950590420295,0.223473111422,0.183208590454,0.286312636129,0.0461376682774
83078,0.31143958291,48.8961890861,0.121125353182,2.08411936527,0.0,3.05656561988,0.0,0.0,0.0,0.164659681587,0.0215405237059,0.218530201889,0.165875208405
336915,0.1,43.8,0.0810398899587,1.1,0.0,0.1,0.9,0.0,0.0,0.0,0.0,0.05,0.00769230769231
330545,0.0,0.0,0.0,0.0,0.0,0.0,0.0,0.0,0.0,0.0,0.0,0.0,0.0
19859,0.143895805526,43.7898944957,0.103391591808,2.24001058954,0.0,1.3978806285,0.10182482561,0.0,0.0,0.00926510094426,0.0627980464299,0.05,0.0779174573515
86454,0.752900051643,21.6372836824,0.0782298508589,0.845329466719,0.0,0.926039555949,0.263952702818,0.00147808829414,0.0567382912911,0.016624632329,0.114598238256,0.05,0.0577590909376
296522,0.0,0.0,0.0,0.0,0.0,0.0,0.0,0.0,0.0,0.0,0.0,0.0,0.0
122366,2.2612482089,22.5396482812,0.0679227537229,0.818672649732,0.0,0.769115216256,0.0470255094691,0.0,0.0814848816744,0.121169275905,0.131803049078,0.225839358687,0.0383499566726
18296,1.203559361,41.4767371808,0.107334594008,0.544267955487,0.0,1.87254329842,0.166618815401,0.0,0.0186883377284,0.00377224758624,0.0289835158167,0.209837798069,0.122404328423
82593,0.177190821,41.640443678,0.10104719009,1.068367689,0.0,3.448368999,0.12072969,0.0,0.0,0.0,0.00473684210526,0.05,0.164587669589
90802,0.09,36.9617805379,0.0753068746605,0.31806094401,0.0,1.1871974468,0.24661,0.0,0.0387420489,0.0333333333333,0.0842409111615,0.05,0.0625309695384
22738,0.741047461194,42.1622029191,0.0896201299834,4.36295462867,0.0,2.57798729893,0.266791193602,0.0254186582833,0.0373078390589,0.0,0.0845384912189,0.05,0.153525069419
132360,0.0,27.3260836497,0.0830357201039,3.64234539881,0.0,2.698820701,0.122257470609,0.118098,0.0,0.045,0.0209419277835,0.05,0.128249922175
333044,0.0,0.0,0.0,0.0,0.0,0.0,0.0,0.0,0.0,0.0,0.0,0.0,0.0
29545,0.04782969,19.11377277,0.0584946405935,0.12882969,2.48726379,0.0,0.0,0.0,0.0,0.0,0.0,0.0,0.0
29544,0.597321629309,47.075550339,0.0995378758932,1.85517468384,0.0,2.09544906413,0.144816558369,0.086093442,0.00617673396284,0.0,0.0366002230785,0.05,0.119452444742
91434,0.682561190385,18.2607256378,0.0990228212964,0.958111538618,0.0,3.06034554065,0.244686748397,0.0,0.0,0.021738650232,0.00366927556883,0.189481533724,0.178631299526
66957,0.0,0.0,0.0,0.0,0.0,0.0,0.0,0.0,0.0,0.0,0.0,0.0,0.0
320639,0.0,0.0,0.0,0.0,0.0,0.0,0.0,0.0,0.0,0.0,0.0,0.0,0.0
20339,0.653801637809,29.1066780477,0.0832926395667,1.72000354247,0.0,1.95976488474,0.224328694129,0.0,0.156737233898,0.0209389839628,0.126922797363,0.11081918253,0.113818689344
27512,0.0,0.0,0.0,0.0,0.0,0.0,0.0,0.0,0.0,0.0,0.0,0.0,0.0
297165,0.0,0.0,0.0,0.0,0.0,0.0,0.0,0.0,0.0,0.0,0.0,0.0,0.0
82923,2.4306350699,24.0693789075,0.0879602924327,1.03666829166,0.0,1.82336878393,0.405074659425,0.0508373165666,0.1105245,0.0946929536481,0.186526997792,0.179040870045,0.0946111717115
135259,0.702441,14.059261,0.0775461316741,6.801348,0.0,0.26244,0.59049,0.0,0.444294,0.0,0.251767192669,0.05,0.0154376470588
115726,0.647706378535,35.8475500715,0.103574401107,0.358217445478,0.0,1.62451999277,0.099747403003,0.0,0.00323054094461,0.0101385966525,0.0280788909783,0.200646108189,0.085482398953
101135,0.0,0.0,0.0,0.0,0.0,0.0,0.0,0.0,0.0,0.0,0.0,0.0,0.0
26236,0.0,18.0,0.0465408805031,1.0,4.0,0.0,0.0,0.0,0.0,0.0,0.0,0.0,0.0
1034,0.0,17.4964,0.0564282535471,0.18,2.1999,0.0,0.6561,0.0,0.0,0.0,0.0,0.0,0.0
6321,0.0,22.86,0.0774476672112,0.1,0.0,0.09,0.0,0.0,0.0,0.0,0.0,0.05,0.00473684210526
111212,0.987773519486,53.4893582075,0.10206411072,2.84370136591,0.0,2.59382304394,0.464103426233,0.0,0.0714399005955,0.0564074719641,0.116832152279,0.05,0.138671529437
35174,1.36100595811,32.1234445264,0.0891173579909,3.08276365369,0.0,2.07937083848,0.245932549175,0.0,0.0984546968266,0.00877646651311,0.0928881964433,0.0507065193046,0.12153134777
34171,0.0,0.0,0.0,0.0,0.0,0.0,0.0,0.0,0.0,0.0,0.0,0.0,0.0
122945,0.410955235721,37.6197985569,0.0889132721857,2.65539446403,0.0,2.08587366912,0.0189185432208,0.0,0.134667084609,0.00199416107692,0.0477625533098,0.05,0.160633080728
13298,0.0,0.0,0.0,0.0,0.0,0.0,0.0,0.0,0.0,0.0,0.0,0.0,0.0
329842,0.0,0.0,0.0,0.0,0.0,0.0,0.0,0.0,0.0,0.0,0.0,0.0,0.0
30395,0.785341,40.496896,0.104527858394,0.3458,0.0,1.314199,0.231949,0.0,0.0,0.0,0.0328074025974,0.05,0.0795177093137
36096,0.0993673285542,28.3990048975,0.0911702984315,3.63365409395,0.0,1.19837476687,0.325320589866,0.157650680955,0.00876928640685,0.00311520061821,0.060987306643,0.0533263515991,0.0830350475958
141451,0.0,20.6,0.0562421972534,0.1,0.0,1.8,0.0,0.0,0.9,0.0,0.1,0.05,0.072
313672,1.0,49.0,0.0919282511211,1.0,0.0,2.0,0.0,0.0,0.0,0.0,0.0,0.2,0.125
42248,1.1,31.3,0.0980735930736,0.1,0.0,3.2,0.0,0.0,0.0,0.0,0.0133333333333,0.2,0.246739130435
4835,0.5097420489,40.8533882997,0.122473487285,2.71743514228,0.0,3.6015121669,0.2238351489,0.0,0.0,0.0,0.082218501555,0.05,0.2022941865
4522,0.74073,56.72541,0.0966579826148,0.0,0.0,0.415657,0.13851,0.0,0.052488,0.0,0.106252579897,0.05,0.0232696476759
123167,0.059049,48.077379,0.0992126814518,1.919998,0.0,0.711189,0.09,0.0,0.0,0.0,0.006075,0.05,0.0422085630252
38128,0.763355666058,51.7948454064,0.107700946039,1.35665268572,0.0,1.87823782331,0.0914209729398,0.0,0.000927094631479,0.0532348631712,0.0292751419033,0.05,0.11570663608
316858,0.0,0.0,0.0,0.0,0.0,0.0,0.0,0.0,0.0,0.0,0.0,0.0,0.0
141510,0.0,0.0,0.0,0.0,0.0,0.0,0.0,0.0,0.0,0.0,0.0,0.0,0.0
141512,1.3009884665,8.6603469002,0.063896983916,1.2600820413,0.0,0.4224918699,0.043046721,0.0,0.0,0.07482969,0.129362707324,0.2729,0.0275348148794
288795,0.7211115721,47.147438962,0.0905289750563,3.22208827818,0.0,1.13056271902,0.259090821,0.0,0.0,0.0,0.0208690821,0.05,0.0622249194503
300299,1.63958900135,20.5118377865,0.0648053589958,0.333801516401,0.0,0.377425269335,0.1,0.0,0.144673581268,0.0358453956869,0.150333336505,0.212173443375,0.0245801071738
107462,0.0,0.0,0.0,0.0,0.0,0.0,0.0,0.0,0.0,0.0,0.0,0.0,0.0
23736,1.3181266242,22.4259396407,0.0459620291486,0.1962882,0.0,0.0,0.0,0.0,0.195622259048,0.013286025,0.197156721893,0.0571744535,0.0
34949,0.0,0.0,0.0,0.0,0.0,0.0,0.0,0.0,0.0,0.0,0.0,0.0,0.0
13797,0.0,14.9,0.0725980885312,0.0,4.5,0.0,0.9,0.0,0.0,0.0,0.0,0.0,0.0
13796,1.53181033367,16.0429387157,0.0517397941421,1.01466592559,0.0,1.30177192415,0.0109418989132,0.0,0.215656144407,0.0472149349944,0.203657876892,0.295367449528,0.0705821011218
13798,0.424633180995,12.9605214109,0.0502408550311,3.95963364798,0.0,1.08775327909,0.2106184599,0.0,0.120589113209,0.0672655768241,0.131221294988,0.0542364430472,0.0541599407984
66741,0.531429026946,25.1262774669,0.0737584150981,3.13500825276,0.0,1.84007090382,0.0367713548303,0.0,0.0563909548948,0.0,0.0696891867942,0.0512454566612,0.127475038576
14013,0.0,0.0,0.0,0.0,0.0,0.0,0.0,0.0,0.0,0.0,0.0,0.0,0.0
323442,0.0,0.0,0.0,0.0,0.0,0.0,0.0,0.0,0.0,0.0,0.0,0.0,0.0
74606,0.081,26.4945,0.0889470049254,3.1071,0.0,1.2729,0.0,0.0,0.0,0.0,0.0468642857143,0.05,0.106016883117
254550,0.0,0.0,0.0,0.0,0.0,0.0,0.0,0.0,0.0,0.0,0.0,0.0,0.0
101859,1.15075005154,51.2607408131,0.115422835767,1.00862478978,0.0,2.72558186921,0.0254186582833,0.0,0.0,0.0,0.102001276322,0.0664025,0.142304978352
8409,0.0,0.0,0.0,0.0,0.0,0.0,0.0,0.0,0.0,0.0,0.0,0.0,0.0
27188,0.81,24.632,0.0705801617311,2.301,0.0,1.972,0.0,0.0,0.0,0.0,0.0,0.05,0.183976470588
93647,0.364801933193,10.9569801928,0.0364055522048,2.34232169912,0.0,0.429760487899,0.022876792455,0.0,0.112994872529,0.042493441495,0.17316158073,0.05,0.0260266653942
13814,1.473581,22.68793,0.0630301547192,0.16561,0.0,0.704269,0.0729,0.0,0.0,0.0,0.0630724642857,0.2496441,0.0447303071429
104035,0.0,0.0,0.0,0.0,0.0,0.0,0.0,0.0,0.0,0.0,0.0,0.0,0.0
105962,0.891,33.262,0.084063384563,1.638,0.0,0.342,0.829,0.0,0.0,0.0162,0.00721428571429,0.2081,0.021045112782
75177,0.221949,35.069307,0.113733553853,1.763929,0.0,2.90532,0.15561,0.0,0.045,0.0,0.0346539348371,0.0707765,0.24174330182
71327,0.0,11.0,0.0489864864865,5.0,0.0,1.0,0.0,0.0,0.0,0.0,0.2,0.05,0.047619047619
85070,0.123166965471,30.2948210804,0.0874300837008,1.92700643899,0.0,2.33586078688,0.250353537536,0.0,0.0905271339863,0.0,0.108272156453,0.05,0.141196198562
91267,0.96273459,26.02447784,0.0539695412517,0.8959069,0.0,0.86673888,0.21951,0.059049,0.0,0.05239323,0.118103253162,0.267402621,0.0520727722504
90983,0.0,0.0,0.0,0.0,0.0,0.0,0.0,0.0,0.0,0.0,0.0,0.0,0.0
23072,0.328608226128,47.9167391435,0.0982525522181,1.79955737957,0.0,1.94198553844,0.0739301447624,0.0,0.0101966553714,0.0151344237211,0.0351956148027,0.127950337368,0.115933818344
42147,1.86697454153,20.4192085702,0.0973881518434,0.317622010276,0.0,1.81695966302,0.264181678604,0.0,0.0371388252607,0.14798934895,0.0362165196587,0.29174201007,0.1142055776
243548,1.449541,15.506989,0.0526287992744,0.149049,0.0,0.501949,0.09,0.0,0.060183,0.0,0.203627714286,0.3,0.0320959693022
84796,0.0,0.0,0.0,0.0,0.0,0.0,0.0,0.0,0.0,0.0,0.0,0.0,0.0
44687,0.1717887699,16.2301664498,0.0793945444757,1.98814514449,0.0,2.02092171671,0.164702826007,0.0,0.0,0.0143313088785,0.0033520458319,0.171239796647,0.10666327057
68662,0.358859743869,37.7484064704,0.0948589237362,4.20458240748,0.0,1.21289181056,0.117518570062,0.0,0.0414842135666,0.0,0.0582085954528,0.05,0.0786303519334
21427,0.1187541,12.334073494,0.0487720815675,2.470561796,0.0,0.2653641,0.1916541,0.0,0.23407956,0.0,0.156620594286,0.05,0.0165884650376
74077,0.262,24.145,0.0888424580843,0.1,0.0,3.3458,0.19,0.0,0.0,0.0729,0.00852631578947,0.2,0.192647354119
41065,0.1,42.2638,0.094498219659,0.7461,0.0,5.0135,0.081,0.0,0.0,0.045,0.120846932234,0.05,0.296766013072
108638,0.081,29.177,0.0637666367677,0.0,0.0,1.36,0.0,0.0,0.0705,0.0405,0.0292941176471,0.05,0.0812188644689
83683,0.8561,31.96514,0.113548506339,1.28282,0.0,3.7362,0.0,1.18098,0.05,0.0,0.0332153846154,0.2,0.203271004785
134258,0.0,0.0,0.0,0.0,0.0,0.0,0.0,0.0,0.0,0.0,0.0,0.0,0.0
69945,0.345744666735,29.4130220922,0.105622084265,1.20781415944,0.0,2.37009071298,0.0675018373586,0.0,0.0,0.0029503109179,0.0515244355729,0.2,0.11438137594
14085,0.414271388028,32.8372263854,0.107169308803,1.02698825203,0.0,2.41341737144,0.259738016828,0.0,0.0,0.0,0.00847978020565,0.194718892462,0.132928984893
131519,1.38983261492,27.6809924594,0.0718120004935,0.358319716153,0.0,1.42428382014,0.0457691231391,0.0,0.15077922577,0.102254375104,0.121985848969,0.0623681990892,0.0732848299424
141469,0.43282798902,10.4489458485,0.0517932183451,5.03455753783,0.0,0.284300420805,0.168465379283,0.0,0.0456472783024,0.172358903619,0.145651188833,0.0824029673618,0.0213622973128
93160,0.888425822657,24.8949967578,0.0704845438355,0.136437585343,0.0,0.357670585235,0.0121576654591,0.0,0.122873266256,0.0382449178566,0.0898388614976,0.265817097706,0.0234003374833
5835,0.847717937839,26.4293703723,0.0878503826881,0.612165698185,0.0,1.33322981873,0.0,0.0,0.023969839996,0.0718555474752,0.0437056473873,0.05,0.0814622813159
67491,1.47613710676,19.2289843601,0.0727520459504,0.497150511608,0.0,2.2930539635,0.00984770902184,0.0,0.0219744300859,0.100289055781,0.149060133189,0.109963469503,0.14416175883
9298,0.418775732146,43.4458930843,0.120157224064,3.97221393905,0.0,2.39039110311,0.138480111087,0.0643410745075,0.0,0.0295245,0.0152908696169,0.136162079012,0.15544068942
90278,0.99,23.458,0.0708637534438,1.0,0.0,0.81,0.1,0.0,0.0,0.0,0.0,0.05,0.0393671328671
18538,0.0,30.0,0.128787878788,1.0,0.0,3.0,0.0,0.0,0.0,0.0,0.0,0.2,0.142857142857
335107,0.0,0.0,0.0,0.0,0.0,0.0,0.0,0.0,0.0,0.0,0.0,0.0,0.0
20973,0.0,14.0996455304,0.0587235640958,0.342868662438,3.37950098462,0.0836579282021,0.04782969,0.0,0.0,0.0,0.0,0.0,0.00367597138653
83456,0.641996724012,27.5038358724,0.111672712372,3.23029332639,0.0,1.46165989903,0.114505957219,0.1062882,0.0,0.0,0.043401977183,0.05,0.102859785047
83455,1.27392310466,23.1174914027,0.101732982962,0.611441136103,0.0,3.90942938217,0.240077658283,0.0,0.0,0.0,0.0197002192002,0.2,0.226010986817
67327,0.0,38.554194124,0.0970257887324,3.528980957,0.0,1.208064926,0.090876411,0.0,0.0,0.0,0.00434815363636,0.05,0.0639457307685
18310,0.1,14.1915062581,0.0639436621721,0.205656543691,3.59171908441,0.0,0.0,0.0,0.0,0.0,0.0,0.0,0.0
71174,1.16276073937,64.7067695019,0.123559765004,0.774745783958,0.0,2.54806903841,0.146855092848,0.06973568802,0.00398832215384,0.136637924607,0.0915287627613,0.05,0.14263296993
280770,0.0,0.0,0.0,0.0,0.0,0.0,0.0,0.0,0.0,0.0,0.0,0.0,0.0
145940,5.5,19.7,0.102342652445,1.0,0.0,1.1,0.0,0.0,0.0,0.0,0.1375,0.075,0.0738095238095
327852,0.0,0.0,0.0,0.0,0.0,0.0,0.0,0.0,0.0,0.0,0.0,0.0,0.0
33930,0.262,30.7600951217,0.0884567961131,3.23051316228,0.0,2.05810198864,0.313764822912,0.0,0.0497571645708,0.0,0.058650214808,0.063022246055,0.121143222629
28981,0.3249,8.42742,0.0616361878578,6.09279,0.0,0.371,0.0,0.0,0.1143,0.0243,0.0814191071429,0.05,0.0252727732794
19545,0.173828645874,13.6527251426,0.0708682001869,0.296680447111,3.51086435902,0.0220053744809,0.16200703812,0.0,0.0,0.0,0.0,0.0,0.00129639106421
27550,0.981233550135,28.3535876432,0.0989118300176,1.73949287435,0.0,1.38680680637,0.323672375591,0.0,0.0,0.04356668025,0.0332887090883,0.2,0.0819644758473
14268,0.1718982,23.9532083,0.0901437026452,1.3190338,0.0,1.3707,0.7002459,0.0,0.0,0.0,0.0356087571429,0.05,0.0783982214084
22079,0.554924052194,25.9534383157,0.0899231949058,1.83979656407,0.0,1.35514102351,0.202741959652,0.0,0.0300009485571,0.0,0.0196097114631,0.0514915407541,0.0796715817653
15764,0.344233002978,19.8532658423,0.103495333764,1.26519221554,0.0,1.57306867547,0.121822021426,0.0,0.0206100946315,0.0107601092034,0.0169980920331,0.2,0.104135793676
26820,1.27039077871,49.9197936708,0.0914073566139,0.485104638355,0.0,1.58368945277,0.130220818892,0.0,0.0387009231628,0.206543443304,0.159325250807,0.0664025,0.0948527219422
14260,2.31407388008,21.785656388,0.051754490991,0.332040583295,0.0,0.455645268941,0.123267208509,0.0729,0.256558517819,0.0185625849615,0.271925075681,0.05,0.032663916645
303379,0.18,15.39557,0.104093544122,1.24149,0.0,2.51812,0.081,0.0,0.0,0.06561,0.00933515837104,0.2,0.131120378151
29463,2.70976533434,30.8116394085,0.0766511288758,0.202876294909,0.0,1.18417978037,0.0423229585222,0.0,0.11249116792,0.128355720144,0.122518165831,0.170986998839,0.068922821271
136824,1.52077170872,40.5136337267,0.0745852453238,0.16518128011,0.0,0.89116971905,0.0205891132095,0.0,0.0735137375795,0.018301433964,0.103571263861,0.216337412531,0.0520347855286
81523,0.0,13.7732001998,0.0701261876595,0.281967613455,3.24060480189,0.0,0.0,0.0,0.0,0.0,0.0,0.0,0.0
29299,0.0,0.0,0.0,0.0,0.0,0.0,0.0,0.0,0.0,0.0,0.0,0.0,0.0
323564,0.0,0.0,0.0,0.0,0.0,0.0,0.0,0.0,0.0,0.0,0.0,0.0,0.0
44031,0.841405177049,26.2790894091,0.0955235218156,1.98396808812,0.0,2.91002203778,0.301560476944,0.0,0.0,0.0,0.0383319581766,0.201350851718,0.16599077178
33477,0.0,20.1147166,0.101666510529,0.7950969,0.0,2.11268,0.0,0.0,0.0,0.0,0.00332150625,0.2,0.163738022647
312584,0.0,13.0,0.0453920220083,0.0,1.0,0.0,0.0,0.0,0.0,0.0,0.0,0.0,0.0
37204,0.0573832158275,45.7190655929,0.0966415551763,3.16621659763,0.0,1.29862102484,0.0621393154383,0.0,0.122135042192,0.0,0.0596728096331,0.05885735,0.0820198416159
8148,0.1043520489,25.7882440409,0.0745568227352,2.30573613405,0.0,1.09588720875,0.0850426715404,0.0,0.0397196504588,0.0,0.0419256527697,0.05,0.0649088144766
8222,0.50882090506,26.6841075153,0.0865537445113,0.939153860252,0.0,1.24828900376,0.141428279164,0.0,0.0932752182193,0.0993443494183,0.0460896421547,0.202824295365,0.0604425739282
260289,1.93219659007,23.5060372573,0.0773943877417,0.3904454909,0.0,1.47471627596,0.08269753401,0.0,0.0,0.254186582833,0.0402356057638,0.2088134175,0.0779560769764
67300,0.0,14.1881284,0.0694341803527,0.0531441,2.1437831,0.0,0.0,0.0,0.0,0.0,0.0,0.0,0.0
24827,0.404470646265,42.8720546859,0.111192759957,1.0634034202,0.0,1.71633027644,0.00984770902184,0.0,0.0389103311121,0.046415773777,0.0490034099401,0.188558911321,0.126117770772
23446,1.71,16.27,0.102710693732,2.63,0.0,0.19,0.91,0.0,0.0,0.0,0.0736363636364,0.185,0.0137373737374
111141,1.16719458291,10.5103183896,0.0593489897343,1.57061595166,0.0,0.53839419846,0.362876134643,0.043046721,0.0798452649022,0.06561,0.129389217995,0.05,0.0363331686033
4567,0.0,0.0,0.0,0.0,0.0,0.0,0.0,0.0,0.0,0.0,0.0,0.0,0.0
332326,0.0,0.0,0.0,0.0,0.0,0.0,0.0,0.0,0.0,0.0,0.0,0.0,0.0
332325,0.0,20.79,0.0771460552229,1.8,0.0,0.46,0.1,0.0,0.0,0.0,0.0,0.05,0.0261764705882
91213,1.17851886892,15.7707581566,0.0570911669779,2.63174958457,0.0,0.693354849609,0.22930753401,0.0,0.164320043304,0.0836680768241,0.280006109413,0.05,0.0338346895246
331515,0.0,0.0,0.0,0.0,0.0,0.0,0.0,0.0,0.0,0.0,0.0,0.0,0.0
116317,1.11128962526,53.9661318929,0.125116711095,1.05219155168,0.0,1.91971587366,0.209717657962,0.0,0.0942933456095,0.0,0.130888667677,0.0598415,0.111035651816
91762,0.0,0.0,0.0,0.0,0.0,0.0,0.0,0.0,0.0,0.0,0.0,0.0,0.0
259134,0.0,0.0,0.0,0.0,0.0,0.0,0.0,0.0,0.0,0.0,0.0,0.0,0.0
349444,0.0,0.0,0.0,0.0,0.0,0.0,0.0,0.0,0.0,0.0,0.0,0.0,0.0
11104,0.0,37.0,0.109375,2.0,0.0,2.0,1.0,0.0,0.0,0.0,0.0,0.2,0.285714285714
101550,0.13851,35.315083657,0.091781030437,1.18668158389,0.0,1.1892563245,0.216733108509,0.0,0.0,0.0,0.0,0.0635,0.0698467796373
331923,0.0,0.0,0.0,0.0,0.0,0.0,0.0,0.0,0.0,0.0,0.0,0.0,0.0
296870,0.0,0.0,0.0,0.0,0.0,0.0,0.0,0.0,0.0,0.0,0.0,0.0,0.0
2809,0.0,0.0,0.0,0.0,0.0,0.0,0.0,0.0,0.0,0.0,0.0,0.0,0.0
136742,0.0,0.0,0.0,0.0,0.0,0.0,0.0,0.0,0.0,0.0,0.0,0.0,0.0
136741,2.053,34.243,0.0643700265208,0.0,0.0,1.729,0.0,0.0,0.0,0.025,0.0535162471396,0.2,0.132661199095
7895,0.0729,9.75652,0.0650529458009,0.09,3.2407858,0.0,0.0,0.0,0.0,0.0,0.0,0.0,0.0
43105,0.365285967522,28.1307888285,0.107908500164,1.62882337953,0.0,1.79563491614,0.176193628841,0.0,0.0,0.0295915874641,0.0272750167771,0.200063626854,0.109374676194
83532,1.07813136002,14.5341890999,0.0464941273156,1.34431022353,0.0,0.719156017529,0.0489333069212,0.0,0.264914697834,0.0193184153135,0.236768918418,0.05,0.0376533354218
7890,0.0,0.0,0.0,0.0,0.0,0.0,0.0,0.0,0.0,0.0,0.0,0.0,0.0
105171,0.1,34.0884650691,0.0843740013223,2.7721340869,0.0,0.5227560019,0.4747225401,0.0,0.066961566,0.0,0.0256554814491,0.05,0.0331646184626
105797,1.88760831544,19.2356349018,0.0614025577757,0.0,0.0,0.805144872767,0.09,0.0,0.0,0.02025,0.0794096716839,0.296044602585,0.054189920068
91909,2.04693675632,24.3672942183,0.0586737961814,0.147256637146,0.0,0.368183835464,0.0434521775972,0.0,0.235986740995,0.0511464917524,0.156259666519,0.216844283542,0.0223361598118
121774,0.081,19.9896229404,0.0359370282929,0.234925696074,1.84807793241,0.0,0.0,0.0,0.0,0.0,0.0,0.0,0.0
42915,0.9829,23.3364,0.063041906133,0.2629,0.0,1.5561,0.0,0.0,0.0,0.0,0.0,0.10965,0.0595511904762
31402,1.13312,23.48989,0.0740328655066,0.0729,0.0,0.4059,0.0729,0.0,0.1229,0.0,0.122023279221,0.085935,0.0154537462537
136356,0.19686784401,25.2629143834,0.0878937287922,2.363184581,0.0,1.59001621714,0.36579325501,0.0,0.0295245,0.0,0.0311845895587,0.05,0.0997736711192
338497,0.0,0.0,0.0,0.0,0.0,0.0,0.0,0.0,0.0,0.0,0.0,0.0,0.0
338496,1.0,40.0,0.0935350756534,0.0,0.0,6.0,0.0,0.0,0.5,0.0,0.222222222222,0.2,0.24
338495,0.0,0.0,0.0,0.0,0.0,0.0,0.0,0.0,0.0,0.0,0.0,0.0,0.0
95408,0.415846452269,40.2536604797,0.0938911915572,5.01155657998,0.0,1.74047887844,0.0191478548942,0.2,0.09,0.0,0.0692198325526,0.05,0.0846443276809
92729,1.18019,32.94621,0.0875273177376,1.41921,0.0,2.46429,0.66339,0.0,0.0,0.0,0.0902956390977,0.05,0.0910552796053
336237,0.0,0.0,0.0,0.0,0.0,0.0,0.0,0.0,0.0,0.0,0.0,0.0,0.0
336236,0.0,0.0,0.0,0.0,0.0,0.0,0.0,0.0,0.0,0.0,0.0,0.0,0.0
89401,0.749043412907,73.4366554159,0.119099812553,1.11615566406,0.0,2.40201560574,0.0717468285637,0.0198604813532,0.00171684191015,0.0215861643321,0.0776050198253,0.05,0.13693048207
338499,0.0,0.0,0.0,0.0,0.0,0.0,0.0,0.0,0.0,0.0,0.0,0.0,0.0
338498,0.0,0.0,0.0,0.0,0.0,0.0,0.0,0.0,0.0,0.0,0.0,0.0,0.0
25964,0.884796884974,14.8952440951,0.0742313913678,3.6886467857,0.0,0.618495924741,0.1265288359,0.0,0.148197820161,0.0100609994322,0.296819113599,0.05,0.0381966675697
94030,0.0,22.58,0.112966108189,0.9,0.0,5.54,0.1,0.0,0.0,0.0,0.0,0.2,0.27189258312
5566,0.0826006951546,24.8004859205,0.078358273925,0.533142761123,0.0,1.53169900386,0.401399101276,0.0,0.0531441,0.0455891132095,0.0369876717108,0.05,0.0964502624368
90780,0.607449343326,46.6277789012,0.100468686201,1.86948552078,0.0,3.11101827118,0.320562210054,0.0,0.0437857651471,0.0,0.0497896256228,0.05,0.149044488368
333255,0.1,26.0,0.071174091262,4.0,0.0,0.1,0.1,0.0,0.0,0.9,0.0822222222222,0.05,0.004
99487,1.3380056911,30.0307168705,0.0995286618554,2.55260690296,0.0,2.46100509106,0.296610373669,0.0,0.010201376714,0.0596201168483,0.0882145201168,0.0517833662861,0.147492203656
31101,0.0,0.0,0.0,0.0,0.0,0.0,0.0,0.0,0.0,0.0,0.0,0.0,0.0
81026,2.40505542084,17.8386958662,0.0685556131308,1.4874923269,0.0,1.39616487743,0.0669850025481,0.0,0.0889919063726,0.00885904288177,0.110582699568,0.0865473741916,0.098406016778
10136,0.278318658283,56.8168560426,0.0852372029433,2.46048085523,0.0,0.949812170308,0.585977480426,0.0,0.0202600382461,0.0,0.0296768351864,0.05,0.0555302705969
10133,0.000572641689702,14.0078899782,0.0650811739008,0.265172082312,2.4689361434,0.0,0.00309031543826,0.0,0.0,0.0,0.0,0.0,0.0
244303,0.0,0.0,0.0,0.0,0.0,0.0,0.0,0.0,0.0,0.0,0.0,0.0,0.0
71381,2.230933,23.095227,0.110083559477,0.331949,0.0,1.11,0.25561,0.0,0.2657205,0.0,0.229237740413,0.2245485,0.0676631294118
5554,0.0,0.0,0.0,0.0,0.0,0.0,0.0,0.0,0.0,0.0,0.0,0.0,0.0
78498,1.62049444755,15.7686213462,0.0659214118295,4.79666719194,0.0,0.377029522075,0.163240353656,0.0,0.238561694678,0.0696835294219,0.203172472409,0.05,0.0236264886777
34749,0.0,20.7147529293,0.0442201206761,0.34296584401,1.75928054593,0.0254186582833,0.0,0.0,0.0,0.0,0.0,0.0,0.00127093291416
317243,0.320049,15.869926343,0.0580205718916,0.94626541,0.0,1.432967689,0.298656721,0.0,0.0405,0.0,0.0290925,0.075,0.0915660007835
19114,0.1,41.2,0.0804478974316,0.1,0.0,1.0,0.0,0.0,0.0,0.0,0.0,0.05,0.0550607287449
336285,0.0,0.0,0.0,0.0,0.0,0.0,0.0,0.0,0.0,0.0,0.0,0.0,0.0
78221,1.5823307836,26.3738017276,0.109539492931,0.23840055023,0.0,1.6203961298,0.0999209465644,0.0,0.0966520276104,0.01594323,0.118030954189,0.2,0.108889645559
8137,0.0,27.0,0.118181818182,0.0,0.0,0.0,0.0,0.0,0.0,0.0,0.0,0.05,0.0
33064,1.703769612,27.3053147564,0.0839264467535,0.909803182743,0.0,1.69676210018,0.212812604086,0.0,0.0299962465944,0.0330244017517,0.0985595698496,0.2,0.0999276291395
105172,0.258220734921,32.6128062299,0.0816675140049,0.7195246419,0.0,1.49948582466,0.191615642667,0.0,0.0178377312644,0.19517315703,0.0759768222894,0.161461467408,0.0795293719005
15338,1.02249,39.10444,0.0984093333818,4.83294,0.0,1.24832,0.1729,0.0,0.0,0.0,0.10152171176,0.2,0.0684070448179
33386,0.434383737118,11.0945956159,0.0659533747396,4.70513657568,0.0,0.808344080406,0.26276599839,0.037060403777,0.190494101189,0.0465233605,0.146297724748,0.05,0.0464843166309
70676,1.01145233715,30.4994679101,0.0871642527761,0.748453975899,0.0,2.3299033394,0.258921596334,0.0,0.0080171572963,0.00193832456677,0.0300982568661,0.05,0.183013156918
136464,0.0,0.0,0.0,0.0,0.0,0.0,0.0,0.0,0.0,0.0,0.0,0.0,0.0
23383,0.40299165213,15.7506577196,0.0695170031832,10.631747218,0.0,0.259948296159,0.268883466404,0.1062882,0.103008948498,0.0114383962275,0.209102362318,0.05,0.0173760579586
315543,0.0,0.0,0.0,0.0,0.0,0.0,0.0,0.0,0.0,0.0,0.0,0.0,0.0
315544,1.0,11.0,0.046,1.0,0.0,1.0,1.0,0.0,0.0,0.0,0.111111111111,0.05,0.0357142857143
9795,0.0,0.0,0.0,0.0,0.0,0.0,0.0,0.0,0.0,0.0,0.0,0.0,0.0
80464,0.526015709724,44.8444551244,0.115157523175,1.33852664802,0.0,4.34618386581,0.235662261356,0.0333543633993,0.000392758360564,0.00193832456677,0.0594375090319,0.05,0.231156017659
134459,0.647796024741,31.1446257184,0.087333978671,0.768069935513,0.0,1.83061293571,0.190484287997,0.00182480036314,0.0388511494101,0.01937102445,0.146419008397,0.0908140945416,0.116974617177
238916,1.3844439,41.065754221,0.12281177917,2.582017373,0.0,3.53575427,0.196190821,0.0,0.0,0.045,0.0655966068603,0.05,0.200178989664
331254,0.0,0.0,0.0,0.0,0.0,0.0,0.0,0.0,0.0,0.0,0.0,0.0,0.0
115279,0.0,0.0,0.0,0.0,0.0,0.0,0.0,0.0,0.0,0.0,0.0,0.0,0.0
4905,0.322994635297,26.287138613,0.0783918618472,2.43136696177,0.0,0.824147377761,0.180917255537,0.0,0.1246674605,0.0,0.0753272181542,0.05,0.0508082005446
131523,1.0,19.95,0.102364098677,2.43,0.0,2.09,0.0,0.0,0.0,0.0,0.124615384615,0.2,0.129889705882
23957,0.601742287218,30.2445656736,0.106486091123,0.689360854138,0.0,1.32966478063,0.161289674648,0.0,0.0,0.0,0.0,0.2,0.094330798927
81681,0.022876792455,14.5185072119,0.0549991722327,0.125408891889,2.72794944174,0.0166771816997,0.070706482455,0.0,0.0,0.045,0.0,0.0,0.000794151509508
322418,0.0,0.0,0.0,0.0,0.0,0.0,0.0,0.0,0.0,0.0,0.0,0.0,0.0
10254,0.0,0.0,0.0,0.0,0.0,0.0,0.0,0.0,0.0,0.0,0.0,0.0,0.0
344380,0.0,0.0,0.0,0.0,0.0,0.0,0.0,0.0,0.0,0.0,0.0,0.0,0.0
4065,0.09,13.0549012275,0.0537302287619,0.183562798509,2.21405434343,0.0,0.054257852064,0.0,0.0,0.0,0.0,0.0,0.0
96182,2.08194014259,30.6505864644,0.0758282879464,1.705676146,0.0,2.03087192186,0.0843536295029,0.0,0.0754937633049,0.0238992160918,0.177115416443,0.124904255874,0.109118760531
69912,0.510852382134,23.3120850184,0.0702058195285,0.735263167424,0.0,0.730807375052,0.0488320668576,0.0,0.0896896307302,0.149711174865,0.17620466338,0.281393054848,0.0488099989472
101605,0.0,31.9006957951,0.0866889238078,2.89343601042,0.0,1.45016028476,0.0511197461031,0.0,0.04782969,0.0,0.0701798033324,0.05,0.0838873429975
33704,0.0,7.2,0.0322702583135,1.9,0.0,0.9,0.0,0.0,0.0,0.0,0.333333333333,0.05,0.0333333333333
26013,0.450119143958,13.7755202157,0.0741308528869,4.35182542407,0.0,2.32152928091,0.220953916559,0.0,0.0692587818541,0.0833263085884,0.117783115621,0.191782536319,0.133304259487
29832,0.0,0.0,0.0,0.0,0.0,0.0,0.0,0.0,0.0,0.0,0.0,0.0,0.0
316536,0.0,0.0,0.0,0.0,0.0,0.0,0.0,0.0,0.0,0.0,0.0,0.0,0.0
70493,0.532374910038,36.2833190246,0.100148416644,1.38211065582,0.0,2.14688108906,0.338111057543,0.0,0.0768299651461,0.0,0.106989629683,0.05,0.119187728075
252285,0.0,0.0,0.0,0.0,0.0,0.0,0.0,0.0,0.0,0.0,0.0,0.0,0.0
42916,0.350735548063,37.8784434141,0.0854092709601,0.341884845519,0.0,1.23794464361,0.190735645229,0.0,0.0,0.0127093291416,0.0539384683,0.05,0.074922132826
136776,0.09,29.1652,0.0934583252515,2.3832,0.0,1.395,0.0,0.0,0.0,0.0,0.0442191176471,0.2,0.0909726923077
8773,0.515424746218,15.0326790612,0.0703739283282,2.98741846201,0.0,1.28040759715,0.188693594079,0.0,0.100065091249,0.00112641997725,0.0342961195928,0.05,0.0747259514949
14255,1.8231969,13.2248654643,0.0662683725383,3.9022028985,0.0,0.911040511,0.3917251611,0.0,0.108015573667,0.0,0.154448779982,0.065,0.0569430965663
80767,2.67946102863,45.1468970312,0.093441262308,0.210743655116,0.0,1.29039675843,0.0806194635297,0.0,0.135507353861,0.112438601443,0.196026833104,0.136343058878,0.074336132153
301029,0.0,0.0,0.0,0.0,0.0,0.0,0.0,0.0,0.0,0.0,0.0,0.0,0.0
12187,2.76192060297,51.3059633113,0.0936752806636,0.448026448647,0.0,2.39581337583,0.27263934912,0.0,0.00337712929418,0.00492385451092,0.042798046467,0.05,0.131331605987
333311,0.0,4.5,0.051039729822,0.0,0.0,1.0,0.0,0.0,0.0,0.0,0.0,0.2,0.0808823529412
97752,2.79437352586,59.9471961711,0.126447134326,2.99128620216,0.0,1.74593674845,0.257158257208,0.0531441,0.115119898654,0.164296494106,0.202644263596,0.05,0.132965467939
135179,0.0,0.0,0.0,0.0,0.0,0.0,0.0,0.0,0.0,0.0,0.0,0.0,0.0
97692,2.84378804746,29.7934908063,0.069269697139,0.158011877589,0.0,0.567673167784,0.0434303321842,0.0143579597538,0.113428898308,0.071666653806,0.150183400653,0.232806280581,0.0306613109655
123481,1.9638093,47.36867455,0.0995203486953,1.43531821,0.0,2.85460061,0.0,0.0,0.0,0.0,0.0688120394755,0.05,0.208918533852
93577,1.380271,9.817124,0.0534636870849,0.69049,0.0,2.200221,0.09,0.0,0.117,0.0,0.147432642857,0.13251225,0.156839486408
69609,0.6561,17.5039,0.0685718217099,2.7732,0.0,1.4068,0.09,0.0,0.0,0.0,0.0717954545455,0.05,0.101882203091
29796,0.00797664430769,9.68295603522,0.0439687009194,0.043125889518,2.6765484219,0.0,0.0212127135898,0.0,0.0,0.0,0.0,0.0,0.0
102248,0.0,19.2,0.037305878681,0.0,2.1,0.0,0.0,0.0,0.0,0.0,0.0,0.0,0.0
29798,0.117331698286,20.0991048362,0.0747940517854,4.87504301766,0.0,0.944748120494,0.0331716831197,0.0,0.0629765836056,0.0533412776047,0.0758114381594,0.05,0.0546454655999
34214,0.461940424955,19.307690414,0.0798921113234,2.50130305856,0.0,0.860973843574,0.15782201182,0.0,0.00145374342508,0.0,0.0428633215299,0.05,0.0489419779444
6695,0.20412,12.739551,0.0637525709191,1.183216,0.0,0.787051,0.678051,0.0,0.0,0.0,0.0190844615385,0.05,0.056424993311
93473,0.831606737996,18.9709521037,0.0945645668987,0.62160691835,0.0,1.99065866586,0.135257852064,0.0,0.154418989132,0.0768506191072,0.179487724243,0.3,0.125897187497
104749,1.9678804828,24.2759599992,0.0920584394163,0.587550948531,0.0,0.743854957438,0.0993881827858,0.0,0.142479768154,0.0637057260035,0.173351387459,0.259545089335,0.0479271589528
8176,0.0,0.0,0.0,0.0,0.0,0.0,0.0,0.0,0.0,0.0,0.0,0.0,0.0
294139,0.0,37.84,0.106106863694,1.71,0.0,0.49,0.1,0.0,0.0,0.0,0.0,0.0785,0.0280294117647
124316,0.370105283803,36.1997580206,0.105415520638,3.18417820456,0.0,1.82288301487,0.2397158389,0.0,0.0168114769443,0.00984770902184,0.0153042421771,0.0721935105386,0.107231863471
118303,0.20079553401,19.9960306724,0.092070749817,1.48476135699,0.0,1.1130917732,0.273095721,0.1062882,0.0,0.0,0.0453455451779,0.2,0.0688347512269
5641,0.20593737037,28.2660047321,0.0836957411883,0.273917638521,0.0,1.18156077267,0.03486784401,0.0,0.0405,0.1235558717,0.162933040379,0.269999162479,0.0520190515786
25241,0.059049,18.9005762188,0.0699808159251,1.10370308655,0.0,1.58387558851,0.398297380491,0.0,0.0,0.04782969,0.0125987827,0.0873517195279,0.0801301524943
25244,2.34769238811,34.4210859845,0.0853991294869,0.491721301036,0.0,1.36899469602,0.20442032818,0.0,0.224318993697,0.209905204198,0.206556842839,0.0996870071519,0.0847684796968
52197,0.122258351595,18.5211764436,0.0472234829423,0.383267831127,1.60419610366,0.0865717389,0.0848838305746,0.0,0.0,0.0,0.0,0.0,0.00445445455026
288783,0.0,0.0,0.0,0.0,0.0,0.0,0.0,0.0,0.0,0.0,0.0,0.0,0.0
42705,1.21398351191,15.3810050777,0.06865558148,3.03296072615,0.0,0.664570568198,0.150077658283,0.0,0.20288646,0.0,0.192411752159,0.05,0.0341673774784
105720,0.0,15.3836362458,0.0895993987487,0.363693945429,4.59484682861,0.0,0.282429536481,0.0,0.0,0.0,0.0,0.0,0.0
302862,0.0,0.0,0.0,0.0,0.0,0.0,0.0,0.0,0.0,0.0,0.0,0.0,0.0
90907,0.458928245746,36.6336610891,0.0934388773902,0.282553469849,0.0,1.52974638228,0.138376361187,0.0,0.00675425858836,0.040438224384,0.0980636978305,0.05,0.0962431465945
4511,0.921862624131,52.3277584907,0.115164196828,1.50423069533,0.0,2.97426863794,0.0341443735312,0.0,0.0528218279403,0.0356927783945,0.063821541258,0.165890919754,0.1522787765
70033,0.237937213997,44.3116288926,0.101468069074,1.33009613602,0.0,1.72314295988,0.19,0.0,0.03,0.023914845,0.026289274923,0.161214915658,0.0965021939761
35003,0.9794526012,16.2370411308,0.06313835535,0.3912987699,0.0,0.375750163,0.183095721,0.0,0.1132665489,0.0,0.187685049763,0.0651460685,0.0259787529037
302313,0.0,0.0,0.0,0.0,0.0,0.0,0.0,0.0,0.0,0.0,0.0,0.0,0.0
302312,0.0,0.0,0.0,0.0,0.0,0.0,0.0,0.0,0.0,0.0,0.0,0.0,0.0
67424,1.23104738,35.914408223,0.101450096584,2.209237878,0.0,1.732304711,0.04782969,0.0,0.0,0.02657205,0.109018252929,0.05,0.131430779796
21814,0.0,0.0,0.0,0.0,0.0,0.0,0.0,0.0,0.0,0.0,0.0,0.0,0.0
136457,2.0,43.0,0.111416781293,0.0,0.0,5.0,0.0,0.0,0.0,0.0,0.0,0.2,0.2
69738,0.818377696661,42.5851423148,0.0825832754243,1.39647549528,0.0,2.85009403329,0.145592095968,0.0,0.0,0.0,0.0335255430296,0.05,0.165969323599
141486,1.48141,10.67566,0.0512870250658,0.1629,0.0,0.891,0.0,0.0,0.0,0.0,0.156116964286,0.2775,0.0468385714286
97803,0.91,17.37,0.0506531699099,1.11,0.0,0.1,0.0,0.0,0.2025,0.0,0.173486842105,0.05,0.00434782608696
91879,0.0,21.0,0.0817941952507,3.0,0.0,4.0,0.0,0.0,0.0,0.0,0.0,0.2,0.173913043478
234363,3.31804837713,25.8015432559,0.0809549432886,0.387478229144,0.0,2.73057639972,0.240049,0.0,0.059049,0.0,0.10394979215,0.20625355743,0.135820004702
101862,0.46251,14.72285,0.0389641692684,0.13122,0.0,0.729,0.0,0.0,0.0,0.13851,0.0666675,0.101585,0.03067875
31451,0.12072969,61.7719556328,0.108291612141,3.64030508989,0.0,1.82773512993,0.16658379,0.0,0.0,0.133103007,0.0351748933475,0.05,0.0989398036774
14000,1.74672954736,26.5061905627,0.0734165802567,1.16364950481,0.0,0.951707286464,0.132262617177,0.0,0.0963546645708,0.00635466457082,0.113291691328,0.290152290978,0.0607530778852
349891,0.0,0.0,0.0,0.0,0.0,0.0,0.0,0.0,0.0,0.0,0.0,0.0,0.0
338119,0.0,0.0,0.0,0.0,0.0,0.0,0.0,0.0,0.0,0.0,0.0,0.0,0.0
117973,0.0871836199602,60.5319473454,0.102397541736,2.78698204006,0.0,1.19145622058,0.0979355070592,0.0,0.00132804915317,0.0,0.0335748229315,0.05,0.06908334271
104732,0.0,17.0,0.0389447236181,1.0,3.0,0.0,0.0,0.0,0.0,0.0,0.0,0.0,0.0
333888,0.0,0.0,0.0,0.0,0.0,0.0,0.0,0.0,0.0,0.0,0.0,0.0,0.0
21499,1.58683013046,25.4651104573,0.12214825973,1.101382317,0.0,1.72095337134,0.42192888418,0.0,0.0281541330116,0.0875825027792,0.0601836025598,0.20093781217,0.113363893857
14199,0.150837316567,19.0646100248,0.0469041486019,0.100261276935,1.44966091038,0.0,0.0,0.0,0.0,0.0,0.0,0.0,0.0
86441,0.057744636465,27.0932509195,0.0918174859383,1.94594024639,0.0,1.44373202558,0.1647861489,0.0,0.0,0.0,0.139251891539,0.05,0.0845242747909
303743,1.539,14.16,0.061882281672,1.638,0.0,2.01,0.0,0.0,0.0,0.0,0.0,0.2729,0.136574392713
22820,0.606879,13.6584114,0.0501924261735,2.9556176,0.0,0.1539,0.0,0.0,0.0,0.0729,0.0974161501357,0.05,0.01134
24400,0.709076019648,14.9287363599,0.0561902249615,2.70479695619,0.0,1.86851750589,0.196946721,0.0,0.143606482455,0.0,0.181248910927,0.197132273643,0.0839368753175
84008,0.630090540217,32.3697724285,0.0953357149163,2.15139958701,0.0,1.37467744927,0.186073812865,0.0,0.018665858062,0.042260916856,0.0923800939389,0.202287679245,0.0761306328337
330818,0.0,11.0,0.0324005891016,0.0,0.0,2.0,0.0,0.0,0.0,0.0,0.0,0.05,0.0869565217391
38577,0.0,0.0,0.0,0.0,0.0,0.0,0.0,0.0,0.0,0.0,0.0,0.0,0.0
12417,0.26561,24.882309,0.0778283927826,0.278559,0.0,1.23409,0.081,0.0,0.1,0.0,0.184133672222,0.05,0.0797251811594
249848,0.0,0.0,0.0,0.0,0.0,0.0,0.0,0.0,0.0,0.0,0.0,0.0,0.0
90996,1.81,15.99,0.0746396539545,0.19,0.0,0.0,0.0,0.0,0.0,0.0,0.236691729323,0.0975,0.0
136451,1.2767968201,55.792296058,0.108821514335,1.2754414829,0.0,3.2670403701,0.0865717389,0.0,0.0,0.109685512225,0.00714488398169,0.2,0.1792885703
79554,0.0135085171767,14.3121373696,0.0480464523543,0.000636268544114,3.24856176582,0.0,0.048536655049,0.0,0.0,0.0,0.0,0.0,0.0
8484,0.126163439674,25.4839655302,0.0788351932937,2.81416470426,0.0,1.69535274647,0.0977571725515,0.0,0.0,0.0583385908498,0.0210322882295,0.05,0.0925033971628
136456,1.375368589,43.007487743,0.100087625726,0.519369489,0.0,1.380089092,0.560320489,0.0,0.0,0.073914845,0.0581138853729,0.05,0.105746811542
136455,0.0,0.0,0.0,0.0,0.0,0.0,0.0,0.0,0.0,0.0,0.0,0.0,0.0
25832,0.441497031924,14.054282798,0.0617272134538,5.33922947298,0.0,0.369262843783,0.15083596857,0.0,0.0356045861801,0.103697284858,0.0880011323618,0.05,0.0203698136126
251136,0.0,0.0,0.0,0.0,0.0,0.0,0.0,0.0,0.0,0.0,0.0,0.0,0.0
338500,0.0,0.0,0.0,0.0,0.0,0.0,0.0,0.0,0.0,0.0,0.0,0.0,0.0
136459,0.9,20.6,0.0472867048538,3.8,0.0,1.8,0.0,0.0,0.0,0.3,0.0729813664596,0.05,0.128571428571
145427,0.0,0.0,0.0,0.0,0.0,0.0,0.0,0.0,0.0,0.0,0.0,0.0,0.0
25931,0.18976147263,64.0235956189,0.115639846854,2.13884799018,0.0,2.63407145257,0.0543323412481,0.0,0.00431557587105,0.118553368881,0.015546408198,0.059630181654,0.158927153932
