Date, MatchId, home_team_id, home_team_name, away_team_id, away_team_name, half_time_score,, full_time_score, 
14/08/2016 16:00:00,1080506,13,Arsenal,26,Liverpool,1,1,3,4
14/08/2016 13:30:00,1080507,183,Bournemouth,32,Manchester United,0,1,1,3
13/08/2016 15:00:00,1080508,184,Burnley,259,Swansea,0,0,0,1
15/08/2016 20:00:00,1080509,15,Chelsea,29,West Ham,0,0,2,1
13/08/2016 15:00:00,1080510,162,Crystal Palace,175,West Bromwich Albion,0,0,0,1
13/08/2016 15:00:00,1080511,31,Everton,30,Tottenham,1,0,1,1
13/08/2016 12:30:00,1080512,214,Hull,14,Leicester,1,0,2,1
13/08/2016 17:30:00,1080513,167,Manchester City,16,Sunderland,1,0,2,1
13/08/2016 15:00:00,1080514,21,Middlesbrough,96,Stoke,1,0,1,1
13/08/2016 15:00:00,1080515,18,Southampton,27,Watford,0,1,1,1
21/05/2017 15:00:00,1080516,13,Arsenal,31,Everton,2,0,3,1
21/05/2017 15:00:00,1080517,184,Burnley,29,West Ham,1,1,1,2
21/05/2017 15:00:00,1080518,15,Chelsea,16,Sunderland,1,1,5,1
21/05/2017 15:00:00,1080519,214,Hull,30,Tottenham,0,3,1,7
21/05/2017 15:00:00,1080520,14,Leicester,183,Bournemouth,0,1,1,1
21/05/2017 15:00:00,1080521,26,Liverpool,21,Middlesbrough,1,0,3,0
21/05/2017 15:00:00,1080522,32,Manchester United,162,Crystal Palace,2,0,2,0
21/05/2017 15:00:00,1080523,18,Southampton,96,Stoke,0,0,0,1
21/05/2017 15:00:00,1080524,259,Swansea,175,West Bromwich Albion,0,1,2,1
21/05/2017 16.00.00,1080525,27,Watford,167,Manchester City,0,4,0,5
20/08/2016 17:30:00,1080526,14,Leicester,13,Arsenal,0,0,0,0
12/03/2017 16:00:00,1080527,26,Liverpool,184,Burnley,1,1,2,1
19/08/2016 20:00:00,1080528,32,Manchester United,18,Southampton,1,0,2,0
20/08/2016 12:30:00,1080529,96,Stoke,167,Manchester City,0,2,1,4
21/08/2016 13:30:00,1080530,16,Sunderland,21,Middlesbrough,0,2,1,2
20/08/2016 15:00:00,1080531,259,Swansea,214,Hull,0,0,0,2
20/08/2016 15:00:00,1080532,30,Tottenham,162,Crystal Palace,0,0,1,0
20/08/2016 15:00:00,1080533,27,Watford,15,Chelsea,0,0,1,2
20/08/2016 15:00:00,1080534,175,West Bromwich Albion,31,Everton,1,1,1,2
21/08/2016 16:00:00,1080535,29,West Ham,183,Bournemouth,0,0,1,0
27/08/2016 15:00:00,1080536,15,Chelsea,184,Burnley,2,0,3,0
27/08/2016 15:00:00,1080537,162,Crystal Palace,183,Bournemouth,0,1,1,1
27/08/2016 15:00:00,1080538,31,Everton,96,Stoke,0,0,1,0
27/08/2016 17:30:00,1080539,214,Hull,32,Manchester United,0,0,0,1
27/08/2016 15:00:00,1080540,14,Leicester,259,Swansea,1,0,2,1
28/08/2016 16:00:00,1080541,167,Manchester City,29,West Ham,2,0,3,1
27/08/2016 15:00:00,1080542,18,Southampton,16,Sunderland,0,0,1,1
27/08/2016 12:30:00,1080543,30,Tottenham,26,Liverpool,0,1,1,1
27/08/2016 15:00:00,1080544,27,Watford,13,Arsenal,0,3,1,3
28/08/2016 13:30:00,1080545,175,West Bromwich Albion,21,Middlesbrough,0,0,0,0
10/09/2016 15:00:00,1080546,13,Arsenal,18,Southampton,1,1,2,1
10/09/2016 15:00:00,1080547,183,Bournemouth,175,West Bromwich Albion,0,0,1,0
10/09/2016 15:00:00,1080548,184,Burnley,214,Hull,0,0,1,1
10/09/2016 17:30:00,1080549,26,Liverpool,14,Leicester,2,1,4,1
10/09/2016 12:30:00,1080550,32,Manchester United,167,Manchester City,1,2,1,2
10/09/2016 15:00:00,1080551,21,Middlesbrough,162,Crystal Palace,1,1,1,2
10/09/2016 15:00:00,1080552,96,Stoke,30,Tottenham,0,1,0,4
12/09/2016 20:00:00,1080553,16,Sunderland,31,Everton,0,0,0,3
11/09/2016 16:00:00,1080554,259,Swansea,15,Chelsea,0,1,2,2
10/09/2016 15:00:00,1080555,29,West Ham,27,Watford,2,2,2,4
16/09/2016 20:00:00,1080556,15,Chelsea,26,Liverpool,0,2,1,2
18/09/2016 14:15:00,1080557,162,Crystal Palace,96,Stoke,2,0,4,1
17/09/2016 17:30:00,1080558,31,Everton,21,Middlesbrough,3,1,3,1
17/09/2016 15:00:00,1080559,214,Hull,13,Arsenal,0,1,1,4
17/09/2016 15:00:00,1080560,14,Leicester,184,Burnley,1,0,3,0
17/09/2016 15:00:00,1080561,167,Manchester City,183,Bournemouth,2,0,4,0
18/09/2016 14:15:00,1080562,18,Southampton,259,Swansea,0,0,1,0
18/09/2016 16:30:00,1080563,30,Tottenham,16,Sunderland,0,0,1,0
18/09/2016 12:00:00,1080564,27,Watford,32,Manchester United,1,0,3,1
17/09/2016 15:00:00,1080565,175,West Bromwich Albion,29,West Ham,3,0,4,2
24/09/2016 17:30:00,1080566,13,Arsenal,15,Chelsea,3,0,3,0
24/09/2016 15:00:00,1080567,183,Bournemouth,31,Everton,1,0,1,0
26/09/2016 20:00:00,1080568,184,Burnley,27,Watford,1,0,2,0
24/09/2016 15:00:00,1080569,26,Liverpool,214,Hull,3,0,5,1
24/09/2016 12:30:00,1080570,32,Manchester United,14,Leicester,4,0,4,1
24/09/2016 15:00:00,1080571,21,Middlesbrough,30,Tottenham,0,2,1,2
24/09/2016 15:00:00,1080572,96,Stoke,175,West Bromwich Albion,0,0,1,1
24/09/2016 15:00:00,1080573,16,Sunderland,162,Crystal Palace,1,0,2,3
24/09/2016 15:00:00,1080574,259,Swansea,167,Manchester City,1,1,1,3
25/09/2016 16:00:00,1080575,29,West Ham,18,Southampton,0,1,0,3
17/10/2016 20:00:00,1080576,26,Liverpool,32,Manchester United,0,0,0,0
15/10/2016 15:00:00,1080577,167,Manchester City,31,Everton,0,0,1,1
16/10/2016 13:30:00,1080578,21,Middlesbrough,27,Watford,0,0,0,1
16/10/2016 16:00:00,1080579,18,Southampton,184,Burnley,0,0,3,1
15/10/2016 15:00:00,1080580,96,Stoke,16,Sunderland,2,0,2,0
15/10/2016 15:00:00,1080581,175,West Bromwich Albion,30,Tottenham,0,0,1,1
22/10/2016 15:00:00,1080582,13,Arsenal,21,Middlesbrough,0,0,0,0
02/10/2016 16:30:00,1080583,184,Burnley,13,Arsenal,0,0,0,1
22/10/2016 12:30:00,1080584,183,Bournemouth,30,Tottenham,0,0,0,0
30/09/2016 20:00:00,1080585,31,Everton,162,Crystal Palace,1,0,1,1
22/10/2016 15:00:00,1080586,184,Burnley,31,Everton,1,0,2,1
01/10/2016 15:00:00,1080587,214,Hull,15,Chelsea,0,0,0,2
23/10/2016 16:00:00,1080588,15,Chelsea,32,Manchester United,2,0,4,0
02/10/2016 14:15:00,1080589,14,Leicester,18,Southampton,0,0,0,0
22/10/2016 15:00:00,1080590,214,Hull,96,Stoke,0,1,0,2
02/10/2016 12:00:00,1080591,32,Manchester United,96,Stoke,0,0,1,1
22/10/2016 15:00:00,1080592,14,Leicester,162,Crystal Palace,1,0,3,1
01/10/2016 15:00:00,1080593,16,Sunderland,175,West Bromwich Albion,0,1,1,1
22/10/2016 17:30:00,1080594,26,Liverpool,175,West Bromwich Albion,2,0,2,1
01/10/2016 12:30:00,1080595,259,Swansea,26,Liverpool,1,0,1,2
23/10/2016 13:30:00,1080596,167,Manchester City,18,Southampton,0,1,1,1
02/10/2016 14:15:00,1080597,30,Tottenham,167,Manchester City,2,0,2,0
22/10/2016 15:00:00,1080598,259,Swansea,27,Watford,0,0,0,0
01/10/2016 15:00:00,1080599,27,Watford,183,Bournemouth,0,1,2,2
22/10/2016 15:00:00,1080600,29,West Ham,16,Sunderland,0,0,1,0
01/10/2016 15:00:00,1080601,29,West Ham,21,Middlesbrough,0,0,1,1
29/10/2016 17:30:00,1080602,162,Crystal Palace,26,Liverpool,2,3,2,4
15/10/2016 15:00:00,1080603,13,Arsenal,259,Swansea,2,1,3,2
30/10/2016 13:30:00,1080604,31,Everton,29,West Ham,0,0,2,0
15/10/2016 15:00:00,1080605,183,Bournemouth,214,Hull,3,1,6,1
29/10/2016 15:00:00,1080606,32,Manchester United,184,Burnley,0,0,0,0
15/10/2016 12:30:00,1080607,15,Chelsea,14,Leicester,2,0,3,0
29/10/2016 15:00:00,1080608,21,Middlesbrough,183,Bournemouth,1,0,2,0
15/10/2016 17:30:00,1080609,162,Crystal Palace,29,West Ham,0,1,0,1
30/10/2016 16:00:00,1080610,18,Southampton,15,Chelsea,0,1,0,2
31/10/2016 20:00:00,1080611,96,Stoke,259,Swansea,1,1,3,1
29/10/2016 12:30:00,1080612,16,Sunderland,13,Arsenal,0,1,1,4
29/10/2016 15:00:00,1080613,30,Tottenham,14,Leicester,1,0,1,1
29/10/2016 15:00:00,1080614,27,Watford,214,Hull,0,0,1,0
29/10/2016 15:00:00,1080615,175,West Bromwich Albion,167,Manchester City,0,2,0,4
06/11/2016 12:00:00,1080616,13,Arsenal,30,Tottenham,1,0,1,1
05/11/2016 15:00:00,1080617,183,Bournemouth,16,Sunderland,1,1,1,2
05/11/2016 15:00:00,1080618,184,Burnley,162,Crystal Palace,2,0,3,2
05/11/2016 17:30:00,1080619,15,Chelsea,31,Everton,3,0,5,0
26/11/2016 15:00:00,1080620,14,Leicester,21,Middlesbrough,1,1,2,2
06/11/2016 14:15:00,1080621,26,Liverpool,27,Watford,3,0,6,1
26/11/2016 15:00:00,1080622,26,Liverpool,16,Sunderland,0,0,2,0
05/11/2016 15:00:00,1080623,167,Manchester City,21,Middlesbrough,1,0,1,1
27/11/2016 16:30:00,1080624,32,Manchester United,29,West Ham,1,1,1,1
06/11/2016 15:00:00,1080625,259,Swansea,32,Manchester United,0,3,1,3
27/11/2016 16:30:00,1080626,18,Southampton,31,Everton,1,0,1,0
05/11/2016 15:00:00,1080627,29,West Ham,96,Stoke,0,0,1,1
26/11/2016 15:00:00,1080628,259,Swansea,162,Crystal Palace,1,1,5,4
19/11/2016 15:00:00,1080629,162,Crystal Palace,167,Manchester City,0,1,1,2
27/11/2016 12:00:00,1080630,27,Watford,96,Stoke,0,1,0,1
19/11/2016 15:00:00,1080631,31,Everton,259,Swansea,0,1,1,1
04/12/2016 13:30:00,1080632,183,Bournemouth,26,Liverpool,0,2,4,3
19/11/2016 12:30:00,1080633,32,Manchester United,13,Arsenal,0,0,1,1
03/12/2016 15:00:00,1080634,162,Crystal Palace,18,Southampton,2,0,3,0
20/11/2016 16:00:00,1080635,21,Middlesbrough,15,Chelsea,0,1,0,1
06/11/2016 14:15:00,1080636,214,Hull,18,Southampton,0,1,2,1
04/12/2016 16:00:00,1080637,31,Everton,32,Manchester United,0,1,1,1
19/11/2016 15:00:00,1080638,18,Southampton,26,Liverpool,0,0,0,0
06/11/2016 16:30:00,1080639,14,Leicester,175,West Bromwich Albion,0,0,1,2
03/12/2016 12:30:00,1080640,167,Manchester City,15,Chelsea,1,0,1,3
19/11/2016 15:00:00,1080641,96,Stoke,183,Bournemouth,0,1,0,1
17/12/2016 15:00:00,1080642,96,Stoke,14,Leicester,2,0,2,2
05/12/2016 20:00:00,1080643,21,Middlesbrough,214,Hull,0,0,1,0
19/11/2016 15:00:00,1080644,16,Sunderland,214,Hull,1,0,3,0
17/12/2016 15:00:00,1080645,16,Sunderland,27,Watford,0,0,1,0
03/12/2016 15:00:00,1080646,96,Stoke,184,Burnley,2,0,2,0
19/11/2016 17:30:00,1080647,30,Tottenham,29,West Ham,0,1,3,2
18/12/2016 16:00:00,1080648,30,Tottenham,184,Burnley,1,1,2,1
03/12/2016 15:00:00,1080649,16,Sunderland,14,Leicester,0,0,2,1
19/11/2016 15:00:00,1080650,27,Watford,14,Leicester,2,1,2,1
17/12/2016 17:30:00,1080651,175,West Bromwich Albion,32,Manchester United,0,1,0,2
03/12/2016 15:00:00,1080652,30,Tottenham,259,Swansea,2,0,5,0
21/11/2016 20:00:00,1080653,175,West Bromwich Albion,184,Burnley,3,0,4,0
17/12/2016 15:00:00,1080654,29,West Ham,214,Hull,0,0,1,0
03/12/2016 15:00:00,1080655,175,West Bromwich Albion,27,Watford,2,0,3,1
27/11/2016 14:15:00,1080656,13,Arsenal,183,Bournemouth,1,1,3,1
26/12/2016 15:00:00,1080657,13,Arsenal,175,West Bromwich Albion,0,0,1,0
03/12/2016 17:30:00,1080658,29,West Ham,13,Arsenal,0,1,1,5
26/11/2016 12:30:00,1080659,184,Burnley,167,Manchester City,1,1,1,2
26/12/2016 15:00:00,1080660,184,Burnley,21,Middlesbrough,0,0,1,0
31/01/2017 20:00:00,1080661,26,Liverpool,15,Chelsea,0,1,1,1
26/11/2016 17:30:00,1080662,15,Chelsea,30,Tottenham,1,1,2,1
26/12/2016 15:00:00,1080663,15,Chelsea,183,Bournemouth,1,0,3,0
01/02/2017 20:00:00,1080664,96,Stoke,31,Everton,1,1,1,1
26/11/2016 15:00:00,1080665,214,Hull,175,West Bromwich Albion,0,1,1,1
26/12/2016 17:15:00,1080666,214,Hull,167,Manchester City,0,0,0,3
04/02/2017 12:30:00,1080667,15,Chelsea,13,Arsenal,1,0,3,1
02/01/2017 15:00:00,1080668,31,Everton,18,Southampton,0,0,3,0
26/12/2016 15:00:00,1080669,14,Leicester,31,Everton,0,0,0,2
04/02/2017 15:00:00,1080670,162,Crystal Palace,16,Sunderland,0,4,0,4
02/01/2017 15:00:00,1080671,167,Manchester City,184,Burnley,0,0,2,1
27/12/2016 17:15:00,1080672,26,Liverpool,96,Stoke,2,1,4,1
10/12/2016 15:00:00,1080673,13,Arsenal,96,Stoke,1,1,3,1
04/02/2017 15:00:00,1080674,31,Everton,183,Bournemouth,3,0,6,3
02/01/2017 12:30:00,1080675,21,Middlesbrough,14,Leicester,0,0,0,0
26/12/2016 15:00:00,1080676,32,Manchester United,16,Sunderland,1,0,3,1
10/12/2016 15:00:00,1080677,184,Burnley,183,Bournemouth,2,1,3,2
04/02/2017 15:00:00,1080678,214,Hull,26,Liverpool,1,0,2,0
03/01/2017 20:00:00,1080679,96,Stoke,27,Watford,1,0,2,0
28/12/2016 19:45:00,1080680,18,Southampton,30,Tottenham,1,1,1,4
11/12/2016 12:00:00,1080681,15,Chelsea,175,West Bromwich Albion,0,0,1,0
05/02/2017 16:00:00,1080682,14,Leicester,32,Manchester United,0,2,0,3
02/01/2017 15:00:00,1080683,16,Sunderland,26,Liverpool,1,1,2,2
26/12/2016 15:00:00,1080684,259,Swansea,29,West Ham,0,1,1,4
10/12/2016 15:00:00,1080685,214,Hull,162,Crystal Palace,1,0,3,3
05/02/2017 13:30:00,1080686,167,Manchester City,259,Swansea,1,0,2,1
04/01/2017 20:00:00,1080687,30,Tottenham,15,Chelsea,1,0,2,0
26/12/2016 12:30:00,1080688,27,Watford,162,Crystal Palace,0,1,1,1
10/12/2016 17:30:00,1080689,14,Leicester,167,Manchester City,3,0,4,2
04/02/2017 15:00:00,1080690,18,Southampton,29,West Ham,1,2,1,3
02/01/2017 15:00:00,1080691,175,West Bromwich Albion,214,Hull,0,1,3,1
01/01/2017 16:00:00,1080692,13,Arsenal,162,Crystal Palace,1,0,2,0
11/12/2016 16:30:00,1080693,26,Liverpool,29,West Ham,1,2,2,2
04/02/2017 17:30:00,1080694,30,Tottenham,21,Middlesbrough,0,0,1,0
02/01/2017 17:15:00,1080695,29,West Ham,32,Manchester United,0,0,0,2
31/12/2016 15:00:00,1080696,184,Burnley,16,Sunderland,1,0,4,1
11/12/2016 14:15:00,1080697,32,Manchester United,30,Tottenham,1,0,1,0
04/02/2017 15:00:00,1080698,27,Watford,184,Burnley,2,0,2,1
14/01/2017 15:00:00,1080699,184,Burnley,18,Southampton,0,0,1,0
31/12/2016 15:00:00,1080700,15,Chelsea,96,Stoke,1,0,4,2
11/12/2016 14:15:00,1080701,18,Southampton,21,Middlesbrough,0,0,1,0
04/02/2017 15:00:00,1080702,175,West Bromwich Albion,96,Stoke,1,0,1,0
15/01/2017 13:30:00,1080703,31,Everton,167,Manchester City,1,0,4,0
30/12/2016 20:00:00,1080704,214,Hull,31,Everton,1,1,2,2
10/12/2016 15:00:00,1080705,259,Swansea,16,Sunderland,0,0,3,0
11/02/2017 12:30:00,1080706,13,Arsenal,214,Hull,1,0,2,0
14/01/2017 15:00:00,1080707,214,Hull,183,Bournemouth,1,1,3,1
31/12/2016 15:00:00,1080708,14,Leicester,29,West Ham,1,0,1,0
10/12/2016 12:30:00,1080709,27,Watford,31,Everton,1,1,3,2
13/02/2017 20:00:00,1080710,183,Bournemouth,167,Manchester City,0,1,0,2
14/01/2017 17:30:00,1080711,14,Leicester,15,Chelsea,0,1,0,3
31/12/2016 17:30:00,1080712,26,Liverpool,167,Manchester City,1,0,1,0
13/12/2016 19:45:00,1080713,183,Bournemouth,14,Leicester,1,0,1,0
12/02/2017 13:30:00,1080714,184,Burnley,15,Chelsea,1,1,1,1
15/01/2017 16:00:00,1080715,32,Manchester United,26,Liverpool,0,1,1,1
31/12/2016 15:00:00,1080716,32,Manchester United,21,Middlesbrough,0,0,2,1
14/12/2016 19:45:00,1080717,21,Middlesbrough,26,Liverpool,0,1,0,3
11/02/2017 17:30:00,1080718,26,Liverpool,30,Tottenham,2,0,2,0
14/01/2017 15:00:00,1080719,16,Sunderland,96,Stoke,1,3,1,3
31/12/2016 15:00:00,1080720,18,Southampton,175,West Bromwich Albion,1,1,1,2
14/12/2016 19:45:00,1080721,16,Sunderland,15,Chelsea,0,1,0,1
11/02/2017 15:00:00,1080722,32,Manchester United,27,Watford,1,0,2,0
14/01/2017 15:00:00,1080723,259,Swansea,13,Arsenal,0,1,0,4
31/12/2016 15:00:00,1080724,259,Swansea,183,Bournemouth,0,2,0,3
14/12/2016 19:45:00,1080725,29,West Ham,184,Burnley,1,0,1,0
11/02/2017 15:00:00,1080726,21,Middlesbrough,31,Everton,0,0,0,0
14/01/2017 12:30:00,1080727,30,Tottenham,175,West Bromwich Albion,2,0,4,0
01/01/2017 13:30:00,1080728,27,Watford,30,Tottenham,0,3,1,4
14/12/2016 20:00:00,1080729,162,Crystal Palace,32,Manchester United,0,1,1,2
11/02/2017 15:00:00,1080730,96,Stoke,162,Crystal Palace,0,0,1,0
14/01/2017 15:00:00,1080731,27,Watford,21,Middlesbrough,0,0,0,0
03/01/2017 19:45:00,1080732,183,Bournemouth,13,Arsenal,2,0,3,3
14/12/2016 20:00:00,1080733,175,West Bromwich Albion,259,Swansea,0,0,3,1
11/02/2017 15:00:00,1080734,16,Sunderland,18,Southampton,0,2,0,4
14/01/2017 15:00:00,1080735,29,West Ham,162,Crystal Palace,0,0,3,0
03/01/2017 20:00:00,1080736,162,Crystal Palace,259,Swansea,0,1,1,2
13/12/2016 19:45:00,1080737,31,Everton,13,Arsenal,1,1,2,1
12/02/2017 16:00:00,1080738,259,Swansea,14,Leicester,2,0,2,0
22/01/2017 14:15:00,1080739,13,Arsenal,184,Burnley,0,0,2,1
14/12/2016 20:00:00,1080740,167,Manchester City,27,Watford,1,0,2,0
11/02/2017 15:00:00,1080741,29,West Ham,175,West Bromwich Albion,0,1,2,2
21/01/2017 15:00:00,1080742,183,Bournemouth,27,Watford,0,1,2,2
14/12/2016 20:00:00,1080743,96,Stoke,18,Southampton,0,0,0,0
25/02/2017 15:00:00,1080744,15,Chelsea,259,Swansea,1,1,3,1
22/01/2017 16:30:00,1080745,15,Chelsea,214,Hull,1,0,2,0
14/12/2016 20:00:00,1080746,30,Tottenham,214,Hull,1,0,3,0
25/02/2017 15:00:00,1080747,162,Crystal Palace,21,Middlesbrough,1,0,1,0
21/01/2017 15:00:00,1080748,162,Crystal Palace,31,Everton,0,0,0,1
18/12/2016 13:30:00,1080749,183,Bournemouth,18,Southampton,1,1,1,3
25/02/2017 15:00:00,1080750,31,Everton,16,Sunderland,1,0,2,0
21/01/2017 12:30:00,1080751,26,Liverpool,259,Swansea,0,0,2,3
17/12/2016 12:30:00,1080752,162,Crystal Palace,15,Chelsea,0,1,0,1
25/02/2017 15:00:00,1080753,214,Hull,184,Burnley,0,0,1,1
21/01/2017 17:30:00,1080754,167,Manchester City,30,Tottenham,0,0,2,2
19/12/2016 20:00:00,1080755,31,Everton,26,Liverpool,0,0,0,1
27/02/2017 20:00:00,1080756,14,Leicester,26,Liverpool,2,0,3,1
21/01/2017 15:00:00,1080757,21,Middlesbrough,29,West Ham,1,2,1,3
18/12/2016 16:00:00,1080758,167,Manchester City,13,Arsenal,0,1,2,1
27/04/2017 20:00:00,1080759,167,Manchester City,32,Manchester United,0,0,0,0
22/01/2017 12:00:00,1080760,18,Southampton,14,Leicester,2,0,3,0
17/12/2016 15:00:00,1080761,21,Middlesbrough,259,Swansea,2,0,3,0
10/05/2017 19:45:00,1080762,18,Southampton,13,Arsenal,0,0,0,2
21/01/2017 15:00:00,1080763,96,Stoke,32,Manchester United,1,0,1,1
26/02/2017 13:30:00,1080764,30,Tottenham,96,Stoke,4,0,4,0
21/01/2017 15:00:00,1080765,175,West Bromwich Albion,16,Sunderland,2,0,2,0
25/02/2017 17:30:00,1080766,27,Watford,29,West Ham,1,0,1,1
31/01/2017 19:45:00,1080767,13,Arsenal,27,Watford,0,2,1,2
25/02/2017 15:00:00,1080768,175,West Bromwich Albion,183,Bournemouth,2,1,2,1
31/01/2017 19:45:00,1080769,183,Bournemouth,162,Crystal Palace,0,0,0,2
04/03/2017 15:00:00,1080770,14,Leicester,214,Hull,1,1,3,1
31/01/2017 19:45:00,1080771,184,Burnley,14,Leicester,0,0,1,0
31/01/2017 19:45:00,1080772,21,Middlesbrough,175,West Bromwich Albion,1,1,1,1
31/01/2017 19:45:00,1080773,16,Sunderland,30,Tottenham,0,0,0,0
31/01/2017 19:45:00,1080774,259,Swansea,18,Southampton,1,0,2,1
01/02/2017 19:45:00,1080775,29,West Ham,167,Manchester City,0,3,0,4
01/02/2017 20:00:00,1080776,32,Manchester United,214,Hull,0,0,0,0
02/04/2017 16:00:00,1080777,13,Arsenal,167,Manchester City,1,2,2,2
04/04/2017 19:45:00,1080778,14,Leicester,16,Sunderland,0,0,2,0
15/05/2017 20:00:00,1080779,15,Chelsea,27,Watford,2,1,4,3
01/04/2017 15:00:00,1080780,184,Burnley,30,Tottenham,0,0,0,2
05/04/2017 19:45:00,1080781,259,Swansea,30,Tottenham,1,0,1,3
26/04/2017 20:00:00,1080782,162,Crystal Palace,30,Tottenham,0,0,0,1
01/04/2017 15:00:00,1080783,15,Chelsea,162,Crystal Palace,1,2,1,2
04/04/2017 19:45:00,1080784,27,Watford,175,West Bromwich Albion,1,0,2,0
11/03/2017 15:00:00,1080785,31,Everton,175,West Bromwich Albion,2,0,3,0
01/04/2017 15:00:00,1080786,214,Hull,29,West Ham,0,1,2,1
04/04/2017 20:00:00,1080787,32,Manchester United,31,Everton,0,1,1,1
11/03/2017 15:00:00,1080788,214,Hull,259,Swansea,0,0,2,1
01/04/2017 15:00:00,1080789,14,Leicester,96,Stoke,1,0,2,0
05/04/2017 20:00:00,1080790,15,Chelsea,167,Manchester City,2,1,2,1
08/03/2017 20:00:00,1080791,167,Manchester City,96,Stoke,0,0,0,0
01/04/2017 12:30:00,1080792,26,Liverpool,31,Everton,2,1,3,1
04/03/2017 17:30:00,1080793,26,Liverpool,13,Arsenal,2,0,3,1
05/04/2017 19:45:00,1080794,18,Southampton,162,Crystal Palace,1,1,3,1
26/04/2017 19:45:00,1080795,21,Middlesbrough,16,Sunderland,1,0,1,0
01/04/2017 15:00:00,1080796,32,Manchester United,175,West Bromwich Albion,0,0,0,0
04/03/2017 12:30:00,1080797,32,Manchester United,183,Bournemouth,1,1,1,1
05/04/2017 20:00:00,1080798,26,Liverpool,183,Bournemouth,1,1,2,2
17/05/2017 19:45:00,1080799,18,Southampton,32,Manchester United,0,0,0,0
01/04/2017 17:30:00,1080800,18,Southampton,183,Bournemouth,0,0,0,0
04/03/2017 15:00:00,1080801,96,Stoke,21,Middlesbrough,2,0,2,0
08/04/2017 17:30:00,1080802,183,Bournemouth,15,Chelsea,1,2,1,3
18/03/2017 17:30:00,1080803,183,Bournemouth,259,Swansea,1,0,2,0
02/04/2017 13:30:00,1080804,259,Swansea,21,Middlesbrough,0,0,0,0
05/03/2017 16:00:00,1080805,16,Sunderland,167,Manchester City,0,1,0,2
10/04/2017 20:00:00,1080806,162,Crystal Palace,13,Arsenal,1,0,3,0
18/03/2017 15:00:00,1080807,162,Crystal Palace,27,Watford,0,0,1,0
01/04/2017 15:00:00,1080808,27,Watford,16,Sunderland,0,0,1,0
04/03/2017 15:00:00,1080809,259,Swansea,184,Burnley,1,1,3,2
09/04/2017 16:00:00,1080810,31,Everton,14,Leicester,3,2,4,2
18/03/2017 15:00:00,1080811,31,Everton,214,Hull,1,0,4,0
05/04/2017 19:45:00,1080812,13,Arsenal,29,West Ham,0,0,3,0
05/03/2017 13:30:00,1080813,30,Tottenham,31,Everton,1,0,3,2
08/04/2017 15:00:00,1080814,167,Manchester City,214,Hull,1,0,3,1
19/03/2017 16:30:00,1080815,167,Manchester City,26,Liverpool,0,0,1,1
04/04/2017 19:45:00,1080816,184,Burnley,96,Stoke,0,0,1,0
04/03/2017 15:00:00,1080817,27,Watford,18,Southampton,1,2,3,4
08/04/2017 15:00:00,1080818,21,Middlesbrough,184,Burnley,0,0,0,0
19/03/2017 12:00:00,1080819,21,Middlesbrough,32,Manchester United,0,1,1,3
05/04/2017 19:45:00,1080820,214,Hull,21,Middlesbrough,3,2,4,2
04/03/2017 15:00:00,1080821,175,West Bromwich Albion,162,Crystal Palace,0,0,0,2
08/04/2017 15:00:00,1080822,96,Stoke,26,Liverpool,1,0,1,2
18/03/2017 15:00:00,1080823,96,Stoke,15,Chelsea,1,1,1,2
06/03/2017 20:00:00,1080824,29,West Ham,15,Chelsea,0,1,1,2
13/05/2017 17:30:00,1080825,96,Stoke,13,Arsenal,0,1,1,4
09/04/2017 13:30:00,1080826,16,Sunderland,32,Manchester United,0,1,0,3
18/03/2017 15:00:00,1080827,16,Sunderland,184,Burnley,0,0,0,0
26/04/2017 19:45:00,1080828,13,Arsenal,14,Leicester,0,0,1,0
13/05/2017 15:00:00,1080829,16,Sunderland,259,Swansea,0,2,0,2
08/04/2017 12:30:00,1080830,30,Tottenham,27,Watford,3,0,4,0
19/03/2017 14:15:00,1080831,30,Tottenham,18,Southampton,2,0,2,1
11/03/2017 15:00:00,1080832,183,Bournemouth,29,West Ham,1,1,3,2
14/05/2017 16:30:00,1080833,30,Tottenham,32,Manchester United,1,0,2,1
08/04/2017 15:00:00,1080834,175,West Bromwich Albion,18,Southampton,0,1,0,1
18/03/2017 12:30:00,1080835,175,West Bromwich Albion,13,Arsenal,1,1,3,1
20/08/2016 15:00:00,1080836,184,Burnley,26,Liverpool,2,0,2,0
12/05/2017 20:00:00,1080837,175,West Bromwich Albion,15,Chelsea,0,0,0,1
08/04/2017 15:00:00,1080838,29,West Ham,259,Swansea,1,0,1,0
18/03/2017 15:00:00,1080839,29,West Ham,14,Leicester,1,3,2,3
23/04/2017 14:15:00,1080840,184,Burnley,32,Manchester United,0,2,0,2
14/05/2017 14:15:00,1080841,29,West Ham,26,Liverpool,0,1,0,4
15/04/2017 15:00:00,1080842,162,Crystal Palace,14,Leicester,0,1,2,2
25/04/2017 19:45:00,1080843,15,Chelsea,18,Southampton,2,1,4,2
22/04/2017 15:00:00,1080844,214,Hull,27,Watford,0,0,2,0
18/05/2017 19:45:00,1080845,14,Leicester,30,Tottenham,0,2,1,6
23/04/2017 16:30:00,1080846,26,Liverpool,162,Crystal Palace,1,1,1,2
16/05/2017 20:00:00,1080847,167,Manchester City,175,West Bromwich Albion,2,0,3,1
22/04/2017 15:00:00,1080848,259,Swansea,96,Stoke,1,0,2,0
22/04/2017 15:00:00,1080849,29,West Ham,31,Everton,0,0,0,0
29/04/2017 17:30:00,1080850,162,Crystal Palace,184,Burnley,0,1,0,2
30/04/2017 14:05:00,1080851,31,Everton,15,Chelsea,0,0,0,3
30/04/2017 12:00:00,1080852,32,Manchester United,259,Swansea,1,0,1,1
30/04/2017 14:05:00,1080853,21,Middlesbrough,167,Manchester City,1,0,2,2
29/04/2017 15:00:00,1080854,18,Southampton,214,Hull,0,0,0,0
29/04/2017 15:00:00,1080855,96,Stoke,29,West Ham,0,0,0,0
29/04/2017 15:00:00,1080856,16,Sunderland,183,Bournemouth,0,0,0,1
30/04/2017 16:30:00,1080857,30,Tottenham,13,Arsenal,0,0,2,0
01/05/2017 20:00:00,1080858,27,Watford,26,Liverpool,0,1,0,1
15/04/2017 15:00:00,1080859,31,Everton,184,Burnley,0,0,3,1
29/04/2017 15:00:00,1080860,175,West Bromwich Albion,14,Leicester,0,1,0,1
16/04/2017 16:00:00,1080861,32,Manchester United,15,Chelsea,1,0,2,0
07/05/2017 16:00:00,1080862,13,Arsenal,32,Manchester United,0,0,2,0
17/04/2017 20:00:00,1080863,21,Middlesbrough,13,Arsenal,0,1,1,2
06/05/2017 15:00:00,1080864,183,Bournemouth,96,Stoke,0,1,2,2
15/04/2017 17:30:00,1080865,18,Southampton,167,Manchester City,0,0,0,3
06/05/2017 15:00:00,1080866,184,Burnley,175,West Bromwich Albion,0,0,2,2
15/04/2017 15:00:00,1080867,96,Stoke,214,Hull,1,0,3,1
08/05/2017 20:00:00,1080868,15,Chelsea,21,Middlesbrough,2,0,3,0
15/04/2017 15:00:00,1080869,16,Sunderland,29,West Ham,1,1,2,2
06/05/2017 15:00:00,1080870,214,Hull,16,Sunderland,0,0,0,2
15/04/2017 12:30:00,1080871,30,Tottenham,183,Bournemouth,2,0,4,0
06/05/2017 15:00:00,1080872,14,Leicester,27,Watford,1,0,3,0
15/04/2017 15:00:00,1080873,27,Watford,259,Swansea,1,0,1,0
07/05/2017 13:30:00,1080874,26,Liverpool,18,Southampton,0,0,0,0
16/04/2017 13:30:00,1080875,175,West Bromwich Albion,26,Liverpool,0,1,0,1
06/05/2017 12:30:00,1080876,167,Manchester City,162,Crystal Palace,1,0,5,0
16/05/2017 19:45:00,1080877,13,Arsenal,16,Sunderland,0,0,2,0
06/05/2017 17:30:00,1080878,259,Swansea,31,Everton,1,0,1,0
22/04/2017 15:00:00,1080879,183,Bournemouth,21,Middlesbrough,2,0,4,0
05/05/2017 20:00:00,1080880,29,West Ham,30,Tottenham,0,0,1,0
13/05/2017 15:00:00,1080881,183,Bournemouth,184,Burnley,1,0,2,1
14/05/2017 12:00:00,1080882,162,Crystal Palace,214,Hull,2,0,4,0
12/05/2017 19:45:00,1080883,31,Everton,27,Watford,0,0,1,0
13/05/2017 12:30:00,1080884,167,Manchester City,14,Leicester,2,1,2,1
13/05/2017 15:00:00,1080885,21,Middlesbrough,18,Southampton,0,1,1,2
