Date, MatchId, home_team_id, home_team_name, away_team_id, away_team_name, half_time_score,, full_time_score,, home_prob, draw_prob, away_prob, home_odds, draw_odds, away_odds, odds_home_prob, odds_draw_prob, odds_away_prob, model_pred, odds_pred, model_correct?, odds_correct?, payout
14/08/2016 16:00:00,1080506,13,Arsenal,26,Liverpool,1,1,3,4,0.450414985,0.210650021,0.338934993,2.4,3.5,3.1,0.406519296,0.278756088,0.314724616,0,0,0,0,0
14/08/2016 13:30:00,1080507,183,Bournemouth,32,Man United,0,1,1,3,0.397266094,0.226271996,0.37646191,4.75,3.6,1.85,0.204624011,0.269990015,0.525385974,0,2,0,1,0
13/08/2016 15:00:00,1080508,184,Burnley,259,Swansea,0,0,0,1,0.343725832,0.264640416,0.391633752,2.4,3.3,3.25,0.405558707,0.294951787,0.299489507,2,0,1,0,3.25
15/08/2016 20:00:00,1080509,15,Chelsea,29,West Ham,0,0,2,1,0.545337405,0.211192466,0.243470129,1.65,4,6,0.592592593,0.244444444,0.162962963,0,0,1,1,1.65
13/08/2016 15:00:00,1080510,162,Crystal Palace,175,West Brom,0,0,0,1,0.476309249,0.261563857,0.262126894,2,3.3,4.5,0.487684729,0.295566502,0.216748768,0,0,0,0,0
13/08/2016 15:00:00,1080511,31,Everton,30,Tottenham,1,0,1,1,0.404608161,0.228092795,0.367299044,3.2,3.4,2.4,0.305389222,0.28742515,0.407185629,0,2,0,0,0
13/08/2016 12:30:00,1080512,214,Hull,14,Leicester,1,0,2,1,0.441309136,0.259592748,0.299098117,4.5,3.6,1.91,0.217107133,0.271383916,0.511508951,0,2,1,0,4.5
13/08/2016 17:30:00,1080513,167,Man City,16,Sunderland,1,0,2,1,0.644057485,0.189802993,0.166139522,1.25,6.5,15,0.783919598,0.150753769,0.065326633,0,0,1,1,1.25
13/08/2016 15:00:00,1080514,21,Middlesbrough,96,Stoke,1,0,1,1,0.462116941,0.243469231,0.294413828,2.38,3.2,3.4,0.409207161,0.304347826,0.286445013,0,0,0,0,0
13/08/2016 15:00:00,1080515,18,Southampton,27,Watford,0,1,1,1,0.517805693,0.230708104,0.251486203,1.8,3.75,5,0.543478261,0.260869565,0.195652174,0,0,0,0,0
21/05/2017 15:00:00,1080516,13,Arsenal,31,Everton,2,0,3,1,0.521322562,0.211593925,0.267083513,1.45,5,7.5,0.674157303,0.195505618,0.130337079,0,0,1,1,1.45
21/05/2017 15:00:00,1080517,184,Burnley,29,West Ham,1,1,1,2,0.365093526,0.259825588,0.375080886,2.45,3.5,3,0.397350993,0.278145695,0.324503311,2,0,1,0,3
21/05/2017 15:00:00,1080518,15,Chelsea,16,Sunderland,1,1,5,1,0.603607092,0.208509461,0.187883446,1.14,9,23,0.850172499,0.107688517,0.042138985,0,0,1,1,1.14
21/05/2017 15:00:00,1080519,214,Hull,30,Tottenham,0,3,1,7,0.336684178,0.236757385,0.426558437,7,4.75,1.5,0.14004914,0.206388206,0.653562654,2,2,1,1,1.5
21/05/2017 15:00:00,1080520,14,Leicester,183,Bournemouth,0,1,1,1,0.36330234,0.252164072,0.384533588,2,3.6,4,0.486486486,0.27027027,0.243243243,2,0,0,0,0
21/05/2017 15:00:00,1080521,26,Liverpool,21,Middlesbrough,1,0,3,0,0.553712974,0.209197899,0.237089127,1.14,9,23,0.850172499,0.107688517,0.042138985,0,0,1,1,1.14
21/05/2017 15:00:00,1080522,32,Man United,162,Crystal Palace,2,0,2,0,0.548941587,0.217833758,0.233224655,2.5,3.3,3.1,0.390011437,0.29546321,0.314525353,0,0,1,1,2.5
21/05/2017 15:00:00,1080523,18,Southampton,96,Stoke,0,0,0,1,0.490167211,0.234396468,0.27543632,1.8,3.8,4.75,0.539772727,0.255681818,0.204545455,0,0,0,0,0
21/05/2017 15:00:00,1080524,259,Swansea,175,West Brom,0,1,2,1,0.51127829,0.248013955,0.240707755,2.1,3.5,3.75,0.462962963,0.277777778,0.259259259,0,0,1,1,2.1
21/05/2017 16.00.00,1080525,27,Watford,167,Man City,0,4,0,5,0.295886066,0.222092831,0.482021103,11,6,1.3,0.088535755,0.162315551,0.749148695,2,2,1,1,1.3
20/08/2016 17:30:00,1080526,14,Leicester,13,Arsenal,0,0,0,0,0.302623885,0.234351949,0.463024166,2.88,3.6,2.5,0.338753388,0.27100271,0.390243902,2,2,0,0,0
12/3/17 16:00,1080527,26,Liverpool,184,Burnley,1,1,2,1,0.629365,0.200611179,0.170023821,1.25,6.5,14,0.780278671,0.150053591,0.069667738,0,0,1,1,1.25
19/08/2016 20:00:00,1080528,32,Man United,18,Southampton,1,0,2,0,0.498247178,0.217407051,0.284345771,1.53,4.2,7.5,0.637638914,0.232282747,0.130078338,0,0,1,1,1.53
20/08/2016 12:30:00,1080529,96,Stoke,167,Man City,0,2,1,4,0.321213593,0.223485032,0.455301375,5.5,3.8,1.73,0.177728514,0.257238639,0.565032848,2,2,1,1,1.73
21/08/2016 13:30:00,1080530,16,Sunderland,21,Middlesbrough,0,2,1,2,0.33770489,0.260113852,0.402181258,2.55,3.2,3.1,0.381758707,0.30421397,0.314027323,2,0,1,0,3.1
20/08/2016 15:00:00,1080531,259,Swansea,214,Hull,0,0,0,2,0.469618819,0.245103834,0.285277347,1.8,3.6,5.25,0.542635659,0.271317829,0.186046512,0,0,0,0,0
20/08/2016 15:00:00,1080532,30,Tottenham,162,Crystal Palace,0,0,1,0,0.547617687,0.219496321,0.232885992,1.45,4.75,8,0.672715202,0.205355167,0.12192963,0,0,1,1,1.45
20/08/2016 15:00:00,1080533,27,Watford,15,Chelsea,0,0,1,2,0.322233216,0.23372056,0.444046224,5.5,3.8,1.73,0.177728514,0.257238639,0.565032848,2,2,1,1,1.73
20/08/2016 15:00:00,1080534,175,West Brom,31,Everton,1,1,1,2,0.319669287,0.256481854,0.423848859,3,3.25,2.6,0.325,0.3,0.375,2,2,1,1,2.6
21/08/2016 16:00:00,1080535,29,West Ham,183,Bournemouth,0,0,1,0,0.409728486,0.23701714,0.353254374,1.95,3.75,4,0.498132005,0.259028643,0.242839352,0,0,1,1,1.95
27/08/2016 15:00:00,1080536,15,Chelsea,184,Burnley,2,0,3,0,0.599073547,0.211557079,0.189369374,1.25,5.5,15,0.76300578,0.173410405,0.063583815,0,0,1,1,1.25
27/08/2016 15:00:00,1080537,162,Crystal Palace,183,Bournemouth,0,1,1,1,0.389402776,0.247590835,0.363006389,2.3,3.2,3.3,0.413955312,0.29753038,0.288514308,0,0,0,0,0
27/08/2016 15:00:00,1080538,31,Everton,96,Stoke,0,0,1,0,0.487669206,0.235481222,0.276849571,1.73,3.6,5.25,0.552461963,0.265488666,0.182049371,0,0,1,1,1.73
27/08/2016 17:30:00,1080539,214,Hull,32,Man United,0,0,0,1,0.337830755,0.23512657,0.427042675,8,4.1,1.44,0.117553361,0.229372412,0.653074227,2,2,1,1,1.44
27/08/2016 15:00:00,1080540,14,Leicester,259,Swansea,1,0,2,1,0.375233037,0.259518299,0.365248664,1.73,3.6,5.25,0.552461963,0.265488666,0.182049371,0,0,1,1,1.73
28/08/2016 16:00:00,1080541,167,Man City,29,West Ham,2,0,3,1,0.58702253,0.195691064,0.217286406,1.25,6,11,0.756446991,0.157593123,0.085959885,0,0,1,1,1.25
27/08/2016 15:00:00,1080542,18,Southampton,16,Sunderland,0,0,1,1,0.54817438,0.231322691,0.220502929,1.57,3.6,6.5,0.596072038,0.259953639,0.143974323,0,0,0,0,0
27/08/2016 12:30:00,1080543,30,Tottenham,26,Liverpool,0,1,1,1,0.427305684,0.216037584,0.356656731,2.38,3.4,3,0.401069519,0.280748663,0.318181818,0,0,0,0,0
27/08/2016 15:00:00,1080544,27,Watford,13,Arsenal,0,3,1,3,0.31133268,0.229394283,0.459273036,5,3.75,1.73,0.191442272,0.255256363,0.553301365,2,2,1,1,1.73
28/08/2016 13:30:00,1080545,175,West Brom,21,Middlesbrough,0,0,0,0,0.336184122,0.26295717,0.400858708,2.6,3.1,2.9,0.365595771,0.306628711,0.327775519,2,0,0,0,0
10/9/16 15:00,1080546,13,Arsenal,18,Southampton,1,1,2,1,0.519750921,0.211329648,0.268919431,1.57,4.2,6.5,0.619061657,0.231411143,0.1495272,0,0,1,1,1.57
10/9/16 15:00,1080547,183,Bournemouth,175,West Brom,0,0,1,0,0.534204518,0.236536903,0.229258579,2.05,3.25,4.33,0.475237661,0.299765294,0.224997045,0,0,1,1,2.05
10/9/16 15:00,1080548,184,Burnley,214,Hull,0,0,1,1,0.37584282,0.269684639,0.354472541,2.45,3.1,3.4,0.398261855,0.314755337,0.286982807,0,0,0,0,0
10/9/16 17:30,1080549,26,Liverpool,14,Leicester,2,1,4,1,0.604723271,0.204808438,0.190468291,1.7,4,5.5,0.576671035,0.24508519,0.178243775,0,0,1,1,1.7
10/9/16 12:30,1080550,32,Man United,167,Man City,1,2,1,2,0.423866012,0.210272754,0.365861234,2.38,3.25,3.4,0.411132195,0.301075269,0.287792536,0,0,0,0,0
10/9/16 15:00,1080551,21,Middlesbrough,162,Crystal Palace,1,1,1,2,0.467804771,0.246277641,0.285917588,2.3,3.2,3.6,0.424153166,0.304860088,0.270986745,0,0,0,0,0
10/9/16 15:00,1080552,96,Stoke,30,Tottenham,0,1,0,4,0.351976052,0.235799507,0.412224441,4.6,3.75,1.85,0.212172184,0.260264546,0.527563269,2,2,1,1,1.85
12/9/16 20:00,1080553,16,Sunderland,31,Everton,0,0,0,3,0.321246702,0.253827592,0.424925707,3.8,3.5,2.1,0.256723716,0.278728606,0.464547677,2,2,1,1,2.1
11/9/16 16:00,1080554,259,Swansea,15,Chelsea,0,1,2,2,0.370561785,0.23192667,0.397511546,5.75,4,1.67,0.170050277,0.244447273,0.58550245,2,2,0,0,0
10/9/16 15:00,1080555,29,West Ham,27,Watford,2,2,2,4,0.468999596,0.241011368,0.289989036,1.91,3.6,4.5,0.511508951,0.271383916,0.217107133,0,0,0,0,0
16/09/2016 20:00:00,1080556,15,Chelsea,26,Liverpool,0,2,1,2,0.433244091,0.214358265,0.352397644,2.25,3.5,3.4,0.433910665,0.278942571,0.287146764,0,0,0,0,0
18/09/2016 14:15:00,1080557,162,Crystal Palace,96,Stoke,2,0,4,1,0.421013886,0.255545351,0.323440764,2,3.5,4.2,0.488372093,0.279069767,0.23255814,0,0,1,1,2
17/09/2016 17:30:00,1080558,31,Everton,21,Middlesbrough,3,1,3,1,0.463578413,0.235450071,0.300971516,1.67,3.8,6,0.582137568,0.255834142,0.16202829,0,0,1,1,1.67
17/09/2016 15:00:00,1080559,214,Hull,13,Arsenal,0,1,1,4,0.322713144,0.23063763,0.446649225,6,4.2,1.6,0.161849711,0.231213873,0.606936416,2,2,1,1,1.6
17/09/2016 15:00:00,1080560,14,Leicester,184,Burnley,1,0,3,0,0.444785275,0.27132854,0.283886185,1.5,4.33,8,0.651924344,0.225839842,0.122235814,0,0,1,1,1.5
17/09/2016 15:00:00,1080561,167,Man City,183,Bournemouth,2,0,4,0,0.556048831,0.200603911,0.243347257,1.29,6,12,0.756143667,0.162570888,0.081285444,0,0,1,1,1.29
18/09/2016 14:15:00,1080562,18,Southampton,259,Swansea,0,0,1,0,0.47112125,0.234772407,0.294106343,1.7,3.8,5.75,0.573716686,0.256662728,0.169620586,0,0,1,1,1.7
18/09/2016 16:30:00,1080563,30,Tottenham,16,Sunderland,0,0,1,0,0.598239565,0.211449659,0.190310775,1.33,5.5,11,0.733822548,0.177451634,0.088725817,0,0,1,1,1.33
18/09/2016 12:00:00,1080564,27,Watford,32,Man United,1,0,3,1,0.326119727,0.234129436,0.439750837,6,4.2,1.62,0.163071613,0.232959448,0.603968939,2,2,0,0,0
17/09/2016 15:00:00,1080565,175,West Brom,29,West Ham,3,0,4,2,0.362081983,0.259721235,0.378196782,2.8,3.2,2.8,0.347826087,0.304347826,0.347826087,2,2,0,0,0
24/09/2016 17:30:00,1080566,13,Arsenal,15,Chelsea,3,0,3,0,0.476540039,0.210199278,0.313260684,2.4,3.5,3.1,0.406519296,0.278756088,0.314724616,0,0,1,1,2.4
24/09/2016 15:00:00,1080567,183,Bournemouth,31,Everton,1,0,1,0,0.436279046,0.233460193,0.330260761,3.6,3.5,2.15,0.270052037,0.277767809,0.452180154,0,2,1,0,3.6
26/09/2016 20:00:00,1080568,184,Burnley,27,Watford,1,0,2,0,0.390446837,0.268406603,0.34114656,2.9,3.2,2.7,0.335533981,0.30407767,0.36038835,0,2,1,0,2.9
24/09/2016 15:00:00,1080569,26,Liverpool,214,Hull,3,0,5,1,0.590966671,0.204379652,0.204653677,1.22,7,15,0.796419903,0.138804612,0.064775485,0,0,1,1,1.22
24/09/2016 12:30:00,1080570,32,Man United,14,Leicester,4,0,4,1,0.569717363,0.216094683,0.214187954,1.73,3.9,5.25,0.563979672,0.250175598,0.18584473,0,0,1,1,1.73
24/09/2016 15:00:00,1080571,21,Middlesbrough,30,Tottenham,0,2,1,2,0.379987793,0.232635039,0.387377169,3.75,3.5,2.1,0.259259259,0.277777778,0.462962963,2,2,1,1,2.1
24/09/2016 15:00:00,1080572,96,Stoke,175,West Brom,0,0,1,1,0.487444778,0.255405598,0.257149624,2.38,3.3,3.3,0.40942928,0.29528536,0.29528536,0,0,0,0,0
24/09/2016 15:00:00,1080573,16,Sunderland,162,Crystal Palace,1,0,2,3,0.364492626,0.26948673,0.366020644,2.88,3.25,2.7,0.338659257,0.300104203,0.36123654,2,2,1,1,2.7
24/09/2016 15:00:00,1080574,259,Swansea,167,Man City,1,1,1,3,0.341722914,0.222601113,0.435675973,9,5.5,1.36,0.108061254,0.176827507,0.71511124,2,2,1,1,1.36
25/09/2016 16:00:00,1080575,29,West Ham,18,Southampton,0,1,0,3,0.398661824,0.237571625,0.363766551,2.8,3.3,2.75,0.348837209,0.295983087,0.355179704,0,2,0,1,0
17/10/2016 20:00:00,1080576,26,Liverpool,32,Man United,0,0,0,0,0.493261854,0.208726311,0.298011836,2.2,3.5,3.5,0.443037975,0.278481013,0.278481013,0,0,0,0,0
15/10/2016 15:00:00,1080577,167,Man City,31,Everton,0,0,1,1,0.547337501,0.202751376,0.249911123,1.5,4.75,7,0.653562654,0.206388206,0.14004914,0,0,0,0,0
16/10/2016 13:30:00,1080578,21,Middlesbrough,27,Watford,0,0,0,1,0.490195782,0.240511297,0.269292921,2.25,3.3,3.6,0.433497537,0.295566502,0.270935961,0,0,0,0,0
16/10/2016 16:00:00,1080579,18,Southampton,184,Burnley,0,0,3,1,0.54281425,0.234790444,0.222395307,1.4,4.8,9.5,0.694910088,0.202682109,0.102407802,0,0,1,1,1.4
15/10/2016 15:00:00,1080580,96,Stoke,16,Sunderland,2,0,2,0,0.490234553,0.252314791,0.257450655,2,3.6,4,0.486486486,0.27027027,0.243243243,0,0,1,1,2
15/10/2016 15:00:00,1080581,175,West Brom,30,Tottenham,0,0,1,1,0.284526056,0.242318635,0.473155309,5.5,3.8,1.73,0.177728514,0.257238639,0.565032848,2,2,0,0,0
22/10/2016 15:00:00,1080582,13,Arsenal,21,Middlesbrough,0,0,0,0,0.540315408,0.211392057,0.248292535,1.25,6.5,15,0.783919598,0.150753769,0.065326633,0,0,0,0,0
2/10/16 16:30,1080583,184,Burnley,13,Arsenal,0,0,0,1,0.274623571,0.234983841,0.490392589,9,5,1.4,0.108359133,0.19504644,0.696594427,2,2,1,1,1.4
22/10/2016 12:30:00,1080584,183,Bournemouth,30,Tottenham,0,0,0,0,0.396515855,0.227720175,0.37576397,4.2,3.6,1.95,0.231454006,0.270029674,0.49851632,0,2,0,0,0
30/09/2016 20:00:00,1080585,31,Everton,162,Crystal Palace,1,0,1,1,0.493629116,0.237814934,0.26855595,1.73,4,5,0.562271577,0.243182457,0.194545966,0,0,0,0,0
22/10/2016 15:00:00,1080586,184,Burnley,31,Everton,1,0,2,1,0.322547364,0.256773353,0.420679283,6,3.8,1.67,0.16202829,0.255834142,0.582137568,2,2,0,0,0
1/10/16 15:00,1080587,214,Hull,15,Chelsea,0,0,0,2,0.33389249,0.234782998,0.431324511,7.5,4.5,1.5,0.130434783,0.217391304,0.652173913,2,2,1,1,1.5
23/10/2016 16:00:00,1080588,15,Chelsea,32,Man United,2,0,4,0,0.463388836,0.214176493,0.322434672,2.15,3.4,3.8,0.454929577,0.287676056,0.257394366,0,0,1,1,2.15
2/10/16 14:15,1080589,14,Leicester,18,Southampton,0,0,0,0,0.351948449,0.252177173,0.395874378,2.25,3.4,3.5,0.433910665,0.287146764,0.278942571,2,0,0,0,0
22/10/2016 15:00:00,1080590,214,Hull,96,Stoke,0,1,0,2,0.415616267,0.253766853,0.33061688,3.1,3.3,2.5,0.314525353,0.29546321,0.390011437,0,2,0,1,0
2/10/16 12:00,1080591,32,Man United,96,Stoke,0,0,1,1,0.542554297,0.216463812,0.240981891,1.33,5.75,10,0.732974282,0.169540138,0.09748558,0,0,0,0,0
22/10/2016 15:00:00,1080592,14,Leicester,162,Crystal Palace,1,0,3,1,0.398683042,0.266000721,0.335316236,2.05,3.5,3.9,0.473629424,0.27741152,0.248959056,0,0,1,1,2.05
1/10/16 15:00,1080593,16,Sunderland,175,West Brom,0,1,1,1,0.412650066,0.276975286,0.310374648,2.5,3.25,3.2,0.392082941,0.301602262,0.306314797,0,0,0,0,0
22/10/2016 17:30:00,1080594,26,Liverpool,175,West Brom,2,0,2,1,0.632276217,0.199660137,0.168063646,1.29,6,13,0.760901375,0.163593796,0.075504829,0,0,1,1,1.29
1/10/16 12:30,1080595,259,Swansea,26,Liverpool,1,0,1,2,0.344973099,0.228710649,0.426316252,8,4.75,1.45,0.12192963,0.205355167,0.672715202,2,2,1,1,1.45
23/10/2016 13:30:00,1080596,167,Man City,18,Southampton,0,1,1,1,0.545743778,0.202573292,0.25168293,1.5,4.5,7.5,0.652173913,0.217391304,0.130434783,0,0,0,0,0
2/10/16 14:15,1080597,30,Tottenham,167,Man City,2,0,2,0,0.42208169,0.211490226,0.366428084,3,3.5,2.5,0.327102804,0.280373832,0.392523364,0,2,1,0,3
22/10/2016 15:00:00,1080598,259,Swansea,27,Watford,0,0,0,0,0.483611834,0.242612811,0.273775355,2.38,3.3,3.3,0.40942928,0.29528536,0.29528536,0,0,0,0,0
1/10/16 15:00,1080599,27,Watford,183,Bournemouth,0,1,2,2,0.371819551,0.245540364,0.382640084,2.38,3.3,3.3,0.40942928,0.29528536,0.29528536,2,0,0,0,0
22/10/2016 15:00:00,1080600,29,West Ham,16,Sunderland,0,0,1,0,0.498406571,0.244006703,0.257586727,1.67,4,5.75,0.58550245,0.244447273,0.170050277,0,0,1,1,1.67
1/10/16 15:00,1080601,29,West Ham,21,Middlesbrough,0,0,1,1,0.417867574,0.241600336,0.34053209,2.25,3.4,3.5,0.433910665,0.287146764,0.278942571,0,0,0,0,0
29/10/2016 17:30:00,1080602,162,Crystal Palace,26,Liverpool,2,3,2,4,0.313152817,0.232334071,0.454513111,5.25,4,1.7,0.185159973,0.243022464,0.571817563,2,2,1,1,1.7
15/10/2016 15:00:00,1080603,13,Arsenal,259,Swansea,2,1,3,2,0.545337693,0.211171724,0.243490583,1.29,6.5,11,0.760031889,0.150837098,0.089131012,0,0,1,1,1.29
30/10/2016 13:30:00,1080604,31,Everton,29,West Ham,0,0,2,0,0.487380196,0.229919146,0.282700658,1.8,3.8,4.75,0.539772727,0.255681818,0.204545455,0,0,1,1,1.8
15/10/2016 15:00:00,1080605,183,Bournemouth,214,Hull,3,1,6,1,0.492702578,0.235377407,0.271920015,1.85,3.5,5,0.526711813,0.278404816,0.194883371,0,0,1,1,1.85
29/10/2016 15:00:00,1080606,32,Man United,184,Burnley,0,0,0,0,0.594665917,0.212873853,0.19246023,1.2,7,19,0.80998782,0.138855055,0.051157125,0,0,0,0,0
15/10/2016 12:30:00,1080607,15,Chelsea,14,Leicester,2,0,3,0,0.574133255,0.214910544,0.2109562,1.57,4.5,6,0.62090376,0.216626423,0.162469817,0,0,1,1,1.57
29/10/2016 15:00:00,1080608,21,Middlesbrough,183,Bournemouth,1,0,2,0,0.429444726,0.238164311,0.332390963,2.5,3.2,3.2,0.390243902,0.304878049,0.304878049,0,0,1,1,2.5
15/10/2016 17:30:00,1080609,162,Crystal Palace,29,West Ham,0,1,0,1,0.422445673,0.248468865,0.329085462,2.15,3.5,3.6,0.452180154,0.277767809,0.270052037,0,0,0,0,0
30/10/2016 16:00:00,1080610,18,Southampton,15,Chelsea,0,1,0,2,0.40379008,0.225940416,0.370269504,3.2,3.4,2.4,0.305389222,0.28742515,0.407185629,0,2,0,1,0
31/10/2016 20:00:00,1080611,96,Stoke,259,Swansea,1,1,3,1,0.413333231,0.249438734,0.337228035,2.05,3.6,3.8,0.474176776,0.270017331,0.255805893,0,0,1,1,2.05
29/10/2016 12:30:00,1080612,16,Sunderland,13,Arsenal,0,1,1,4,0.27374015,0.232423248,0.493836601,9,5,1.4,0.108359133,0.19504644,0.696594427,2,2,1,1,1.4
29/10/2016 15:00:00,1080613,30,Tottenham,14,Leicester,1,0,1,1,0.568510149,0.217781624,0.213708227,1.62,4.2,6,0.603968939,0.232959448,0.163071613,0,0,0,0,0
29/10/2016 15:00:00,1080614,27,Watford,214,Hull,0,0,1,0,0.416196652,0.254978597,0.328824751,1.75,3.75,5.25,0.555555556,0.259259259,0.185185185,0,0,1,1,1.75
29/10/2016 15:00:00,1080615,175,West Brom,167,Man City,0,2,0,4,0.257894281,0.225643689,0.51646203,8,4.75,1.44,0.121362669,0.204400284,0.674237048,2,2,1,1,1.44
6/11/16 12:00,1080616,13,Arsenal,30,Tottenham,1,0,1,1,0.480229236,0.211038832,0.308731932,1.95,3.6,4.2,0.49851632,0.270029674,0.231454006,0,0,0,0,0
5/11/16 15:00,1080617,183,Bournemouth,16,Sunderland,1,1,1,2,0.53643174,0.233884662,0.229683599,1.65,4.2,5.5,0.5907173,0.232067511,0.17721519,0,0,0,0,0
5/11/16 15:00,1080618,184,Burnley,162,Crystal Palace,2,0,3,2,0.366218351,0.272717597,0.361064052,3.3,3.3,2.38,0.29528536,0.29528536,0.40942928,0,2,1,0,3.3
5/11/16 17:30,1080619,15,Chelsea,31,Everton,3,0,5,0,0.50409434,0.21697531,0.27893035,1.53,4.33,7,0.636164626,0.224787963,0.139047411,0,0,1,1,1.53
26/11/2016 15:00:00,1080620,14,Leicester,21,Middlesbrough,1,1,2,2,0.370494514,0.258346432,0.371159054,1.91,3.6,4.5,0.511508951,0.271383916,0.217107133,2,0,0,0,0
6/11/16 14:15,1080621,26,Liverpool,27,Watford,3,0,6,1,0.603422094,0.200945066,0.19563284,1.29,6,12,0.756143667,0.162570888,0.081285444,0,0,1,1,1.29
26/11/2016 15:00:00,1080622,26,Liverpool,16,Sunderland,0,0,2,0,0.633506441,0.197712017,0.168781542,1.17,8.5,19,0.833871176,0.114779915,0.051348909,0,0,1,1,1.17
5/11/16 15:00,1080623,167,Man City,21,Middlesbrough,1,0,1,1,0.56618673,0.20188366,0.23192961,1.22,7,15,0.796419903,0.138804612,0.064775485,0,0,0,0,0
27/11/2016 16:30:00,1080624,32,Man United,29,West Ham,1,1,1,1,0.541059536,0.212142332,0.246798132,1.45,4.75,8,0.672715202,0.205355167,0.12192963,0,0,0,0,0
6/11/16 15:00,1080625,259,Swansea,32,Man United,0,3,1,3,0.37457005,0.232071226,0.393358724,5,4,1.73,0.194545966,0.243182457,0.562271577,2,2,1,1,1.73
27/11/2016 16:30:00,1080626,18,Southampton,31,Everton,1,0,1,0,0.447354588,0.232478263,0.320167149,2.2,3.4,3.6,0.442836469,0.286541245,0.270622287,0,0,1,1,2.2
5/11/16 15:00,1080627,29,West Ham,96,Stoke,0,0,1,1,0.441332179,0.243172777,0.315495045,2,3.6,4,0.486486486,0.27027027,0.243243243,0,0,0,0,0
26/11/2016 15:00:00,1080628,259,Swansea,162,Crystal Palace,1,1,5,4,0.461070355,0.24831057,0.290619075,2.63,3.4,2.88,0.372200514,0.287908045,0.339891442,0,0,1,1,2.63
19/11/2016 15:00:00,1080629,162,Crystal Palace,167,Man City,0,1,1,2,0.310791247,0.225619782,0.463588971,6.5,4.5,1.53,0.149414063,0.215820313,0.634765625,2,2,1,1,1.53
27/11/2016 12:00:00,1080630,27,Watford,96,Stoke,0,1,0,1,0.402345446,0.25421017,0.343444384,2.4,3.3,3.3,0.407407407,0.296296296,0.296296296,0,0,0,0,0
19/11/2016 15:00:00,1080631,31,Everton,259,Swansea,0,1,1,1,0.468598969,0.23579414,0.29560689,1.6,4.33,6,0.611179072,0.225839842,0.162981086,0,0,0,0,0
4/12/16 13:30,1080632,183,Bournemouth,26,Liverpool,0,2,4,3,0.367593569,0.223907055,0.408499376,5,4,1.75,0.195804196,0.244755245,0.559440559,2,2,0,0,0
19/11/2016 12:30:00,1080633,32,Man United,13,Arsenal,0,0,1,1,0.442525228,0.213423978,0.344050794,2.6,3.4,2.9,0.375762195,0.287347561,0.336890244,0,0,0,0,0
3/12/16 15:00,1080634,162,Crystal Palace,18,Southampton,2,0,3,0,0.378040744,0.247963986,0.37399527,3.5,3.3,2.3,0.279146745,0.29606473,0.424788525,0,2,1,0,3.5
20/11/2016 16:00:00,1080635,21,Middlesbrough,15,Chelsea,0,1,0,1,0.376848332,0.230979055,0.392172612,7,4,1.57,0.138723216,0.242765628,0.618511155,2,2,1,1,1.57
6/11/16 14:15,1080636,214,Hull,18,Southampton,0,1,2,1,0.373177977,0.245993883,0.38082814,5.75,3.8,1.7,0.169620586,0.256662728,0.573716686,2,2,0,0,0
4/12/16 16:00,1080637,31,Everton,32,Man United,0,1,1,1,0.405319621,0.226635846,0.368044533,3.6,3.5,2.15,0.270052037,0.277767809,0.452180154,0,2,0,0,0
19/11/2016 15:00:00,1080638,18,Southampton,26,Liverpool,0,0,0,0,0.37785736,0.223969261,0.39817338,3.4,3.6,2.2,0.286541245,0.270622287,0.442836469,2,2,0,0,0
6/11/16 16:30,1080639,14,Leicester,175,West Brom,0,0,1,2,0.448321124,0.270682447,0.280996429,1.8,3.6,5.25,0.542635659,0.271317829,0.186046512,0,0,0,0,0
3/12/16 12:30,1080640,167,Man City,15,Chelsea,1,0,1,3,0.502648582,0.202998371,0.294353048,2.15,3.6,3.6,0.455696203,0.272151899,0.272151899,0,0,0,0,0
19/11/2016 15:00:00,1080641,96,Stoke,183,Bournemouth,0,1,0,1,0.400436787,0.243541286,0.356021927,2.3,3.4,3.4,0.425,0.2875,0.2875,0,0,0,0,0
17/12/2016 15:00:00,1080642,96,Stoke,14,Leicester,2,0,2,2,0.458377584,0.255605752,0.286016663,2.6,3.4,2.9,0.375762195,0.287347561,0.336890244,0,0,0,0,0
5/12/16 20:00,1080643,21,Middlesbrough,214,Hull,0,0,1,0,0.476268185,0.24307074,0.280661075,1.83,3.5,5.25,0.534351145,0.279389313,0.186259542,0,0,1,1,1.83
19/11/2016 15:00:00,1080644,16,Sunderland,214,Hull,1,0,3,0,0.374003228,0.266595758,0.359401014,2.15,3.4,3.8,0.454929577,0.287676056,0.257394366,0,0,1,1,2.15
17/12/2016 15:00:00,1080645,16,Sunderland,27,Watford,0,0,1,0,0.388446827,0.265423034,0.346130139,2.63,3.3,2.9,0.369840779,0.294751894,0.335407327,0,0,1,1,2.63
3/12/16 15:00,1080646,96,Stoke,184,Burnley,2,0,2,0,0.484026732,0.256135785,0.259837483,1.62,4,6.5,0.604510579,0.244826784,0.150662637,0,0,1,1,1.62
19/11/2016 17:30:00,1080647,30,Tottenham,29,West Ham,0,1,3,2,0.539742337,0.213651371,0.246606292,1.5,4.5,7.5,0.652173913,0.217391304,0.130434783,0,0,1,1,1.5
18/12/2016 16:00:00,1080648,30,Tottenham,184,Burnley,1,1,2,1,0.593611374,0.214567358,0.191821268,1.22,7,15,0.796419903,0.138804612,0.064775485,0,0,1,1,1.22
3/12/16 15:00,1080649,16,Sunderland,14,Leicester,0,0,2,1,0.384303639,0.273823842,0.341872519,3.4,3.4,2.3,0.2875,0.2875,0.425,0,2,1,0,3.4
19/11/2016 15:00:00,1080650,27,Watford,14,Leicester,2,1,2,1,0.427515209,0.260589652,0.311895138,2.8,3.3,2.75,0.348837209,0.295983087,0.355179704,0,2,1,0,2.8
17/12/2016 17:30:00,1080651,175,West Brom,32,Man United,0,1,0,2,0.28604659,0.24054798,0.47340543,5.75,3.8,1.7,0.169620586,0.256662728,0.573716686,2,2,1,1,1.7
3/12/16 15:00,1080652,30,Tottenham,259,Swansea,2,0,5,0,0.52234805,0.219647457,0.258004493,1.36,5.5,9,0.71511124,0.176827507,0.108061254,0,0,1,1,1.36
21/11/2016 20:00:00,1080653,175,West Brom,184,Burnley,3,0,4,0,0.407985882,0.280923439,0.311090679,1.95,3.4,4.5,0.498290181,0.285784074,0.215925745,0,0,1,1,1.95
17/12/2016 15:00:00,1080654,29,West Ham,214,Hull,0,0,1,0,0.455197162,0.243173767,0.301629071,1.62,4.1,6,0.600556613,0.237293101,0.162150286,0,0,1,1,1.62
3/12/16 15:00,1080655,175,West Brom,27,Watford,2,0,3,1,0.387290156,0.268427951,0.344281894,2.2,3.3,3.75,0.443786982,0.295857988,0.26035503,0,0,1,1,2.2
27/11/2016 14:15:00,1080656,13,Arsenal,183,Bournemouth,1,1,3,1,0.530337609,0.209523532,0.260138859,1.4,5,9,0.696594427,0.19504644,0.108359133,0,0,1,1,1.4
26/12/2016 15:00:00,1080657,13,Arsenal,175,West Brom,0,0,1,0,0.618585254,0.203205087,0.178209659,1.33,5.5,8.5,0.715159859,0.172938657,0.111901484,0,0,1,1,1.33
3/12/16 17:30,1080658,29,West Ham,13,Arsenal,0,1,1,5,0.347195048,0.225107006,0.427697946,4.75,4.2,1.75,0.206388206,0.233415233,0.56019656,2,2,1,1,1.75
26/11/2016 12:30:00,1080659,184,Burnley,167,Man City,1,1,1,2,0.260344159,0.226171599,0.513484242,9,6,1.33,0.107910751,0.161866126,0.730223124,2,2,1,1,1.33
26/12/2016 15:00:00,1080660,184,Burnley,21,Middlesbrough,0,0,1,0,0.339162827,0.263172934,0.397664239,2.9,3.1,2.6,0.327775519,0.306628711,0.365595771,2,2,0,0,0
31/01/2017 20:00:00,1080661,26,Liverpool,15,Chelsea,0,1,1,1,0.489304226,0.209112746,0.301583028,2.65,3.25,2.9,0.36641073,0.298765672,0.334823598,0,0,0,0,0
26/11/2016 17:30:00,1080662,15,Chelsea,30,Tottenham,1,1,2,1,0.463035572,0.215414679,0.321549749,1.75,3.8,5.25,0.557457213,0.256723716,0.185819071,0,0,1,1,1.75
26/12/2016 15:00:00,1080663,15,Chelsea,183,Bournemouth,1,0,3,0,0.513286756,0.214975173,0.271738071,1.36,5,8.5,0.698324022,0.189944134,0.111731844,0,0,1,1,1.36
1/2/17 20:00,1080664,96,Stoke,31,Everton,1,1,1,1,0.390453939,0.244768449,0.364777612,2.88,3.4,2.63,0.339891442,0.287908045,0.372200514,0,2,0,0,0
26/11/2016 15:00:00,1080665,214,Hull,175,West Brom,0,1,1,1,0.470233802,0.260117249,0.269648949,3.1,3.2,2.6,0.31634981,0.306463878,0.377186312,0,2,0,0,0
26/12/2016 17:15:00,1080666,214,Hull,167,Man City,0,0,0,3,0.306825446,0.223575187,0.469599366,10,5.5,1.3,0.095143047,0.172987359,0.731869594,2,2,1,1,1.3
4/2/17 12:30,1080667,15,Chelsea,13,Arsenal,1,0,3,1,0.446649268,0.212998055,0.340352677,1.95,3.6,4.2,0.49851632,0.270029674,0.231454006,0,0,1,1,1.95
2/1/17 15:00,1080668,31,Everton,18,Southampton,0,0,3,0,0.443395288,0.232855283,0.323749429,2.2,3.4,3.6,0.442836469,0.286541245,0.270622287,0,0,1,1,2.2
26/12/2016 15:00:00,1080669,14,Leicester,31,Everton,0,0,0,2,0.353120629,0.253066417,0.393812954,2.5,3.3,2.9,0.381731153,0.289190267,0.32907858,2,0,1,0,2.9
4/2/17 15:00,1080670,162,Crystal Palace,16,Sunderland,0,4,0,4,0.47926794,0.258299329,0.262432731,1.7,3.9,5.5,0.57306973,0.249799626,0.177130644,0,0,0,0,0
2/1/17 15:00,1080671,167,Man City,184,Burnley,0,0,2,1,0.64013705,0.192484378,0.167378572,1.17,8.5,19,0.833871176,0.114779915,0.051348909,0,0,1,1,1.17
27/12/2016 17:15:00,1080672,26,Liverpool,96,Stoke,2,1,4,1,0.577417691,0.206557533,0.216024776,1.3,5.5,10,0.731869594,0.172987359,0.095143047,0,0,1,1,1.3
10/12/16 15:00,1080673,13,Arsenal,96,Stoke,1,1,3,1,0.563929616,0.209141265,0.226929119,1.35,5.5,9.5,0.720689655,0.176896552,0.102413793,0,0,1,1,1.35
4/2/17 15:00,1080674,31,Everton,183,Bournemouth,3,0,6,3,0.454529594,0.231722593,0.313747814,1.7,4,5.25,0.571817563,0.243022464,0.185159973,0,0,1,1,1.7
2/1/17 12:30,1080675,21,Middlesbrough,14,Leicester,0,0,0,0,0.488891233,0.246926788,0.264181979,2.75,3.2,2.88,0.355336212,0.305367057,0.33929673,0,0,0,0,0
26/12/2016 15:00:00,1080676,32,Man United,16,Sunderland,1,0,3,1,0.59925118,0.209815212,0.190933609,1.22,6.5,13,0.780312125,0.146458583,0.073229292,0,0,1,1,1.22
10/12/16 15:00,1080677,184,Burnley,183,Bournemouth,2,1,3,2,0.332766053,0.256216324,0.411017623,3.5,3.5,2.2,0.278481013,0.278481013,0.443037975,2,2,0,0,0
4/2/17 15:00,1080678,214,Hull,26,Liverpool,1,0,2,0,0.309102714,0.230169481,0.460727805,8,4.75,1.45,0.12192963,0.205355167,0.672715202,2,2,0,0,0
3/1/17 20:00,1080679,96,Stoke,27,Watford,1,0,2,0,0.460467858,0.248592666,0.290939476,1.8,3.5,4.5,0.52238806,0.268656716,0.208955224,0,0,1,1,1.8
28/12/2016 19:45:00,1080680,18,Southampton,30,Tottenham,1,1,1,4,0.40710814,0.227363901,0.36552796,2.8,3.25,2.6,0.340314136,0.293193717,0.366492147,0,2,0,1,0
11/12/16 12:00,1080681,15,Chelsea,175,West Brom,0,0,1,0,0.602090158,0.210648251,0.18726159,1.25,6.25,15,0.779220779,0.155844156,0.064935065,0,0,1,1,1.25
5/2/17 16:00,1080682,14,Leicester,32,Man United,0,2,0,3,0.317409776,0.239525115,0.443065109,5.75,4,1.65,0.168851935,0.242724656,0.588423409,2,2,1,1,1.65
2/1/17 15:00,1080683,16,Sunderland,26,Liverpool,1,1,2,2,0.260408714,0.231030649,0.508560636,11,5.5,1.33,0.088725817,0.177451634,0.733822548,2,2,0,0,0
26/12/2016 15:00:00,1080684,259,Swansea,29,West Ham,0,1,1,4,0.455967638,0.239100937,0.304931425,2.63,3.2,2.8,0.362166532,0.297655618,0.34017785,0,0,0,0,0
10/12/16 15:00,1080685,214,Hull,162,Crystal Palace,1,0,3,3,0.420678145,0.257353205,0.32196865,3.5,3.3,2.3,0.279146745,0.29606473,0.424788525,0,2,0,0,0
5/2/17 13:30,1080686,167,Man City,259,Swansea,1,0,2,1,0.571150306,0.201501825,0.227347869,1.22,7,15,0.796419903,0.138804612,0.064775485,0,0,1,1,1.22
4/1/17 20:00,1080687,30,Tottenham,15,Chelsea,1,0,2,0,0.453532057,0.21630767,0.330160273,2.63,3.25,2.63,0.355969332,0.288061336,0.355969332,0,2,1,0,2.63
26/12/2016 12:30:00,1080688,27,Watford,162,Crystal Palace,0,1,1,1,0.407196099,0.257928097,0.334875804,2.5,3.3,2.9,0.381731153,0.289190267,0.32907858,0,0,0,0,0
10/12/16 17:30,1080689,14,Leicester,167,Man City,3,0,4,2,0.287312146,0.226451609,0.486236246,5.25,4,1.7,0.185159973,0.243022464,0.571817563,2,2,0,0,0
4/2/17 15:00,1080690,18,Southampton,29,West Ham,1,2,1,3,0.489816423,0.228910596,0.28127298,1.85,3.75,4.5,0.525087515,0.259043174,0.215869312,0,0,0,0,0
2/1/17 15:00,1080691,175,West Brom,214,Hull,0,1,3,1,0.372710426,0.269641436,0.357648138,1.75,3.7,5.5,0.55829904,0.264060357,0.177640604,0,0,1,1,1.75
1/1/17 16:00,1080692,13,Arsenal,162,Crystal Palace,1,0,2,0,0.570442807,0.210178211,0.219378981,1.29,5.5,9.5,0.729748603,0.171159218,0.099092179,0,0,1,1,1.29
11/12/16 16:30,1080693,26,Liverpool,29,West Ham,1,2,2,2,0.575243751,0.202812746,0.221943503,1.3,6,11,0.749148695,0.162315551,0.088535755,0,0,0,0,0
4/2/17 17:30,1080694,30,Tottenham,21,Middlesbrough,0,0,1,0,0.517290555,0.219709966,0.262999479,1.29,6,13,0.760901375,0.163593796,0.075504829,0,0,1,1,1.29
2/1/17 17:15,1080695,29,West Ham,32,Man United,0,0,0,2,0.362608564,0.228788904,0.408602532,6,4,1.65,0.162962963,0.244444444,0.592592593,2,2,1,1,1.65
31/12/2016 15:00:00,1080696,184,Burnley,16,Sunderland,1,0,4,1,0.418605836,0.276541221,0.304852943,2.4,3.25,3.3,0.405558707,0.299489507,0.294951787,0,0,1,1,2.4
11/12/16 14:15,1080697,32,Man United,30,Tottenham,1,0,1,0,0.458836897,0.215942572,0.325220531,2.2,3.4,3.6,0.442836469,0.286541245,0.270622287,0,0,1,1,2.2
4/2/17 15:00,1080698,27,Watford,184,Burnley,2,0,2,1,0.452672383,0.262317424,0.285010193,2.15,3.3,3.9,0.453968254,0.295767196,0.25026455,0,0,1,1,2.15
14/01/2017 15:00:00,1080699,184,Burnley,18,Southampton,0,0,1,0,0.32149003,0.255772789,0.422737181,3.6,3.4,2.2,0.270622287,0.286541245,0.442836469,2,2,0,0,0
31/12/2016 15:00:00,1080700,15,Chelsea,96,Stoke,1,0,4,2,0.546919925,0.215454276,0.237625799,1.25,6.5,14,0.780278671,0.150053591,0.069667738,0,0,1,1,1.25
11/12/16 14:15,1080701,18,Southampton,21,Middlesbrough,0,0,1,0,0.466102191,0.234450047,0.299447762,1.7,3.7,6,0.573791677,0.263634014,0.162574309,0,0,1,1,1.7
4/2/17 15:00,1080702,175,West Brom,96,Stoke,1,0,1,0,0.358920504,0.26789543,0.373184067,2.3,3.25,3.5,0.422862454,0.299256506,0.277881041,2,0,0,1,0
15/01/2017 13:30:00,1080703,31,Everton,167,Man City,1,0,4,0,0.371337253,0.219047861,0.409614886,4.5,4,1.8,0.216216216,0.243243243,0.540540541,2,2,0,0,0
30/12/2016 20:00:00,1080704,214,Hull,31,Everton,1,1,2,2,0.374417323,0.246778441,0.378804237,4.33,3.5,1.95,0.224333164,0.277532171,0.498134666,2,2,0,0,0
10/12/16 15:00,1080705,259,Swansea,16,Sunderland,0,0,3,0,0.513804738,0.245073416,0.241121845,2.15,3.5,3.6,0.452180154,0.277767809,0.270052037,0,0,1,1,2.15
11/2/17 12:30,1080706,13,Arsenal,214,Hull,1,0,2,0,0.577465924,0.20717506,0.215359016,1.29,6,13,0.760901375,0.163593796,0.075504829,0,0,1,1,1.29
14/01/2017 15:00:00,1080707,214,Hull,183,Bournemouth,1,1,3,1,0.384428926,0.24571748,0.369853594,3.3,3.5,2.3,0.29606473,0.279146745,0.424788525,0,2,1,0,3.3
31/12/2016 15:00:00,1080708,14,Leicester,29,West Ham,1,0,1,0,0.396112346,0.254260942,0.349626712,2.1,3.6,3.7,0.464921466,0.271204188,0.263874346,0,0,1,1,2.1
10/12/16 12:30,1080709,27,Watford,31,Everton,1,1,3,2,0.361858732,0.246433195,0.391708073,3.1,3.4,2.45,0.314755337,0.286982807,0.398261855,2,2,0,0,0
13/02/2017 20:00:00,1080710,183,Bournemouth,167,Man City,0,1,0,2,0.363750963,0.218351126,0.417897911,7.5,5,1.44,0.12972973,0.194594595,0.675675676,2,2,1,1,1.44
14/01/2017 17:30:00,1080711,14,Leicester,15,Chelsea,0,1,0,3,0.313478066,0.239063433,0.4474585,6,4.1,1.62,0.162150286,0.237293101,0.600556613,2,2,1,1,1.62
31/12/2016 17:30:00,1080712,26,Liverpool,167,Man City,1,0,1,0,0.457037075,0.206041625,0.336921301,2.35,3.6,3.1,0.414792789,0.270767515,0.314439695,0,0,1,1,2.35
13/12/2016 19:45:00,1080713,183,Bournemouth,14,Leicester,1,0,1,0,0.505474499,0.238565217,0.255960284,2.4,3.4,3.2,0.407185629,0.28742515,0.305389222,0,0,1,1,2.4
12/2/17 13:30,1080714,184,Burnley,15,Chelsea,1,1,1,1,0.284847307,0.240342946,0.474809748,9,5,1.4,0.108359133,0.19504644,0.696594427,2,2,0,0,0
15/01/2017 16:00:00,1080715,32,Man United,26,Liverpool,0,1,1,1,0.429119149,0.214726026,0.356154826,2.15,3.4,3.75,0.453373633,0.28669215,0.259934216,0,0,0,0,0
31/12/2016 15:00:00,1080716,32,Man United,21,Middlesbrough,0,0,2,1,0.51875911,0.218127427,0.263113463,1.25,6,16,0.777327935,0.16194332,0.060728745,0,0,1,1,1.25
14/12/2016 19:45:00,1080717,21,Middlesbrough,26,Liverpool,0,1,0,3,0.351170895,0.228002982,0.420826123,6,4.33,1.6,0.162981086,0.225839842,0.611179072,2,2,1,1,1.6
11/2/17 17:30,1080718,26,Liverpool,30,Tottenham,2,0,2,0,0.493072223,0.209880644,0.297047133,2.3,3.4,3.4,0.425,0.2875,0.2875,0,0,1,1,2.3
14/01/2017 15:00:00,1080719,16,Sunderland,96,Stoke,1,3,1,3,0.360309403,0.264904102,0.374786495,3.1,3.3,2.5,0.314525353,0.29546321,0.390011437,2,2,1,1,2.5
31/12/2016 15:00:00,1080720,18,Southampton,175,West Brom,1,1,1,2,0.546055339,0.233944864,0.219999797,1.75,3.7,5.5,0.55829904,0.264060357,0.177640604,0,0,0,0,0
14/12/2016 19:45:00,1080721,16,Sunderland,15,Chelsea,0,1,0,1,0.283881026,0.237685177,0.478433797,10,5.75,1.33,0.09748558,0.169540138,0.732974282,2,2,1,1,1.33
11/2/17 15:00,1080722,32,Man United,27,Watford,1,0,2,0,0.569116976,0.211626513,0.21925651,1.25,6.5,14,0.780278671,0.150053591,0.069667738,0,0,1,1,1.25
14/01/2017 15:00:00,1080723,259,Swansea,13,Arsenal,0,1,0,4,0.358721601,0.228553492,0.412724908,7,4.75,1.5,0.14004914,0.206388206,0.653562654,2,2,1,1,1.5
31/12/2016 15:00:00,1080724,259,Swansea,183,Bournemouth,0,2,0,3,0.422945605,0.239666276,0.33738812,2.9,3.4,2.6,0.336890244,0.287347561,0.375762195,0,2,0,1,0
14/12/2016 19:45:00,1080725,29,West Ham,184,Burnley,1,0,1,0,0.492471322,0.247536103,0.259992576,1.67,4,5.75,0.58550245,0.244447273,0.170050277,0,0,1,1,1.67
11/2/17 15:00,1080726,21,Middlesbrough,31,Everton,0,0,0,0,0.419574796,0.239654628,0.340770577,3.9,3.3,2.15,0.25026455,0.295767196,0.453968254,0,2,0,0,0
14/01/2017 12:30:00,1080727,30,Tottenham,175,West Brom,2,0,4,0,0.596661107,0.213656191,0.189682702,1.33,5.5,11,0.733822548,0.177451634,0.088725817,0,0,1,1,1.33
1/1/17 13:30,1080728,27,Watford,30,Tottenham,0,3,1,4,0.324915554,0.235741792,0.439342654,5.5,3.75,1.62,0.170598147,0.250210615,0.579191238,2,2,1,1,1.62
14/12/2016 20:00:00,1080729,162,Crystal Palace,32,Man United,0,1,1,2,0.342217666,0.237160865,0.420621469,5.25,4,1.7,0.185159973,0.243022464,0.571817563,2,2,1,1,1.7
11/2/17 15:00,1080730,96,Stoke,162,Crystal Palace,0,0,1,0,0.437531342,0.253942772,0.308525886,2.15,3.3,3.9,0.453968254,0.295767196,0.25026455,0,0,1,1,2.15
14/01/2017 15:00:00,1080731,27,Watford,21,Middlesbrough,0,0,0,0,0.379170089,0.251160958,0.369668953,2.5,3.2,3.2,0.390243902,0.304878049,0.304878049,0,0,0,0,0
3/1/17 19:45,1080732,183,Bournemouth,13,Arsenal,2,0,3,3,0.381204452,0.223436454,0.395359094,4.33,3.4,1.85,0.2167284,0.276009992,0.507261607,2,2,0,0,0
14/12/2016 20:00:00,1080733,175,West Brom,259,Swansea,0,0,3,1,0.340722005,0.264446063,0.394831931,2.05,3.5,4,0.476595745,0.279148936,0.244255319,2,0,0,1,0
11/2/17 15:00,1080734,16,Sunderland,18,Southampton,0,2,0,4,0.320196892,0.252851978,0.42695113,3.9,3.4,2.1,0.249737671,0.286463799,0.463798531,2,2,1,1,2.1
14/01/2017 15:00:00,1080735,29,West Ham,162,Crystal Palace,0,0,3,0,0.446696686,0.246131435,0.307171879,2.38,3.4,3.2,0.409207161,0.286445013,0.304347826,0,0,1,1,2.38
3/1/17 20:00,1080736,162,Crystal Palace,259,Swansea,0,1,1,2,0.402069794,0.254011568,0.343918638,1.75,3.5,4.75,0.535211268,0.267605634,0.197183099,0,0,0,0,0
13/12/2016 19:45:00,1080737,31,Everton,13,Arsenal,1,1,2,1,0.389060932,0.223965959,0.386973108,4.2,3.75,1.91,0.231537604,0.259322116,0.50914028,0,2,1,0,4.2
12/2/17 16:00,1080738,259,Swansea,14,Leicester,2,0,2,0,0.482131369,0.24918395,0.268684681,2.4,3.3,3.25,0.405558707,0.294951787,0.299489507,0,0,1,1,2.4
22/01/2017 14:15:00,1080739,13,Arsenal,184,Burnley,0,0,2,1,0.615646694,0.204122289,0.180231017,1.2,7.5,17,0.812619503,0.13001912,0.057361377,0,0,1,1,1.2
14/12/2016 20:00:00,1080740,167,Man City,27,Watford,1,0,2,0,0.614657235,0.193403928,0.191938837,1.29,6.5,11,0.760031889,0.150837098,0.089131012,0,0,1,1,1.29
11/2/17 15:00,1080741,29,West Ham,175,West Brom,0,1,2,2,0.495796572,0.246831357,0.257372072,2.25,3.3,3.6,0.433497537,0.295566502,0.270935961,0,0,0,0,0
21/01/2017 15:00:00,1080742,183,Bournemouth,27,Watford,0,1,2,2,0.50632055,0.23273672,0.260942731,1.83,3.75,4.75,0.533827826,0.260507979,0.205664194,0,0,0,0,0
14/12/2016 20:00:00,1080743,96,Stoke,18,Southampton,0,0,0,0,0.389162295,0.244035987,0.366801718,3.1,3.3,2.5,0.314525353,0.29546321,0.390011437,0,2,0,0,0
25/02/2017 15:00:00,1080744,15,Chelsea,259,Swansea,1,1,3,1,0.528151706,0.217141523,0.254706772,1.25,6.5,15,0.783919598,0.150753769,0.065326633,0,0,1,1,1.25
22/01/2017 16:30:00,1080745,15,Chelsea,214,Hull,1,0,2,0,0.560625607,0.213706352,0.225668041,1.18,8,19,0.82671598,0.121940607,0.051343413,0,0,1,1,1.18
14/12/2016 20:00:00,1080746,30,Tottenham,214,Hull,1,0,3,0,0.554999621,0.216396442,0.228603937,1.22,7,15,0.796419903,0.138804612,0.064775485,0,0,1,1,1.22
25/02/2017 15:00:00,1080747,162,Crystal Palace,21,Middlesbrough,1,0,1,0,0.397211801,0.253086877,0.349701322,2.1,3.2,4.2,0.463768116,0.304347826,0.231884058,0,0,1,1,2.1
21/01/2017 15:00:00,1080748,162,Crystal Palace,31,Everton,0,0,0,1,0.379301863,0.248754403,0.371943734,3.25,3.4,2.38,0.301075269,0.287792536,0.411132195,0,2,0,1,0
18/12/2016 13:30:00,1080749,183,Bournemouth,18,Southampton,1,1,1,3,0.434867695,0.232907891,0.332224414,3,3.3,2.6,0.326484018,0.296803653,0.376712329,0,2,0,1,0
25/02/2017 15:00:00,1080750,31,Everton,16,Sunderland,1,0,2,0,0.545774655,0.232591732,0.221633614,1.4,5.25,8.5,0.698630137,0.18630137,0.115068493,0,0,1,1,1.4
21/01/2017 12:30:00,1080751,26,Liverpool,259,Swansea,0,0,2,3,0.558769748,0.208889622,0.23234063,1.22,7,15,0.796419903,0.138804612,0.064775485,0,0,0,0,0
17/12/2016 12:30:00,1080752,162,Crystal Palace,15,Chelsea,0,1,0,1,0.338236567,0.236842003,0.424921429,6.5,4.2,1.57,0.1495272,0.231411143,0.619061657,2,2,1,1,1.57
25/02/2017 15:00:00,1080753,214,Hull,184,Burnley,0,0,1,1,0.466786835,0.260796978,0.272416186,2.15,3.3,3.9,0.453968254,0.295767196,0.25026455,0,0,0,0,0
21/01/2017 17:30:00,1080754,167,Man City,30,Tottenham,0,0,2,2,0.506419494,0.203634742,0.289945764,2.15,3.5,3.6,0.452180154,0.277767809,0.270052037,0,0,0,0,0
19/12/2016 20:00:00,1080755,31,Everton,26,Liverpool,0,0,0,1,0.375369462,0.224580128,0.40005041,4.2,3.6,1.95,0.231454006,0.270029674,0.49851632,2,2,1,1,1.95
27/02/2017 20:00:00,1080756,14,Leicester,26,Liverpool,2,0,3,1,0.288965834,0.233542086,0.47749208,5.5,4.2,1.65,0.17721519,0.232067511,0.5907173,2,2,0,0,0
21/01/2017 15:00:00,1080757,21,Middlesbrough,29,West Ham,1,2,1,3,0.462454755,0.237333246,0.300211998,2.5,3.2,3.25,0.392082941,0.306314797,0.301602262,0,0,0,0,0
18/12/2016 16:00:00,1080758,167,Man City,13,Arsenal,0,1,2,1,0.489730242,0.20240772,0.307862038,2.15,3.6,3.5,0.452180154,0.270052037,0.277767809,0,0,1,1,2.15
27/04/2017 20:00:00,1080759,167,Man City,32,Man United,0,0,0,0,0.506529822,0.202579035,0.290891143,1.91,3.75,4.2,0.50914028,0.259322116,0.231537604,0,0,0,0,0
22/01/2017 12:00:00,1080760,18,Southampton,14,Leicester,2,0,3,0,0.517219686,0.236418214,0.2463621,1.83,3.5,5.25,0.534351145,0.279389313,0.186259542,0,0,1,1,1.83
17/12/2016 15:00:00,1080761,21,Middlesbrough,259,Swansea,2,0,3,0,0.44303824,0.243111266,0.313850493,2.1,3.4,4,0.466712423,0.288263555,0.245024022,0,0,1,1,2.1
10/5/17 19:45,1080762,18,Southampton,13,Arsenal,0,0,0,2,0.391528089,0.223323927,0.385147984,3.6,3.8,2.05,0.270017331,0.255805893,0.474176776,0,2,0,1,0
21/01/2017 15:00:00,1080763,96,Stoke,32,Man United,1,0,1,1,0.353027794,0.234190785,0.412781421,6,4.2,1.6,0.161849711,0.231213873,0.606936416,2,2,0,0,0
26/02/2017 13:30:00,1080764,30,Tottenham,96,Stoke,4,0,4,0,0.541210338,0.218075049,0.240714614,1.44,5,7.5,0.675675676,0.194594595,0.12972973,0,0,1,1,1.44
21/01/2017 15:00:00,1080765,175,West Brom,16,Sunderland,2,0,2,0,0.415298389,0.276713083,0.307988528,1.7,3.8,5.75,0.573716686,0.256662728,0.169620586,0,0,1,1,1.7
25/02/2017 17:30:00,1080766,27,Watford,29,West Ham,1,0,1,1,0.404154084,0.247237577,0.348608339,2.63,3.3,2.9,0.369840779,0.294751894,0.335407327,0,0,0,0,0
31/01/2017 19:45:00,1080767,13,Arsenal,27,Watford,0,2,1,2,0.590002827,0.203894648,0.206102525,1.22,7,15,0.796419903,0.138804612,0.064775485,0,0,0,0,0
25/02/2017 15:00:00,1080768,175,West Brom,183,Bournemouth,2,1,2,1,0.329867609,0.255969223,0.414163168,2.1,3.4,4,0.466712423,0.288263555,0.245024022,2,0,0,1,0
31/01/2017 19:45:00,1080769,183,Bournemouth,162,Crystal Palace,0,0,0,2,0.484545103,0.238477788,0.276977109,2.05,3.5,3.9,0.473629424,0.27741152,0.248959056,0,0,0,0,0
4/3/17 15:00,1080770,14,Leicester,214,Hull,1,1,3,1,0.40799201,0.262843275,0.329164715,1.85,3.6,4.75,0.525385974,0.269990015,0.204624011,0,0,1,1,1.85
31/01/2017 19:45:00,1080771,184,Burnley,14,Leicester,0,0,1,0,0.386241447,0.277105361,0.336653192,2.9,3.25,2.7,0.337111026,0.300806761,0.362082213,0,2,1,0,2.9
31/01/2017 19:45:00,1080772,21,Middlesbrough,175,West Brom,1,1,1,1,0.518009667,0.245492218,0.236498114,2.7,3.1,3,0.36088475,0.314318976,0.324796275,0,0,0,0,0
31/01/2017 19:45:00,1080773,16,Sunderland,30,Tottenham,0,0,0,0,0.286209443,0.240042304,0.473748253,9.5,5.25,1.36,0.102094802,0.184742976,0.713162222,2,2,0,0,0
31/01/2017 19:45:00,1080774,259,Swansea,18,Southampton,1,0,2,1,0.411678366,0.240449609,0.347872025,3.4,3.4,2.3,0.2875,0.2875,0.425,0,2,1,0,3.4
1/2/17 19:45,1080775,29,West Ham,167,Man City,0,3,0,4,0.330727355,0.219058917,0.450213728,6,4.5,1.57,0.162469817,0.216626423,0.62090376,2,2,1,1,1.57
1/2/17 20:00,1080776,32,Man United,214,Hull,0,0,0,0,0.556264648,0.214783459,0.228951893,1.2,7.5,17,0.812619503,0.13001912,0.057361377,0,0,0,0,0
2/4/17 16:00,1080777,13,Arsenal,167,Man City,1,2,2,2,0.444731739,0.206597001,0.34867126,3.1,3.75,2.3,0.315010957,0.260409058,0.424579985,0,2,0,0,0
4/4/17 19:45,1080778,14,Leicester,16,Sunderland,0,0,2,0,0.451619422,0.267206307,0.281174271,1.45,4.5,8.5,0.669877408,0.215849387,0.114273205,0,0,1,1,1.45
15/05/2017 20:00:00,1080779,15,Chelsea,27,Watford,2,1,4,3,0.573442282,0.21050516,0.216052557,1.25,6.75,13,0.780433574,0.144524736,0.07504169,0,0,1,1,1.25
1/4/17 15:00,1080780,184,Burnley,30,Tottenham,0,0,0,2,0.287189204,0.24275692,0.470053875,5.75,3.8,1.7,0.169620586,0.256662728,0.573716686,2,2,1,1,1.7
5/4/17 19:45,1080781,259,Swansea,30,Tottenham,1,0,1,3,0.373655146,0.233634976,0.392709878,5,4,1.73,0.194545966,0.243182457,0.562271577,2,2,1,1,1.73
26/04/2017 20:00:00,1080782,162,Crystal Palace,30,Tottenham,0,0,0,1,0.34107651,0.238834708,0.420088783,5.5,4.2,1.65,0.17721519,0.232067511,0.5907173,2,2,1,1,1.65
1/4/17 15:00,1080783,15,Chelsea,162,Crystal Palace,1,2,1,2,0.553347263,0.216766633,0.229886104,1.3,5.75,12,0.749389085,0.169427097,0.081183818,0,0,0,0,0
4/4/17 19:45,1080784,27,Watford,175,West Brom,1,0,2,0,0.45611489,0.26169646,0.282188649,2.5,3.2,3.2,0.390243902,0.304878049,0.304878049,0,0,1,1,2.5
11/3/17 15:00,1080785,31,Everton,175,West Brom,2,0,3,0,0.543624329,0.235246229,0.221129442,1.67,3.8,6,0.582137568,0.255834142,0.16202829,0,0,1,1,1.67
1/4/17 15:00,1080786,214,Hull,29,West Ham,0,1,2,1,0.417127123,0.246834943,0.336037934,2.45,3.4,3.1,0.398261855,0.286982807,0.314755337,0,0,1,1,2.45
4/4/17 20:00,1080787,32,Man United,31,Everton,0,1,1,1,0.499787693,0.217742091,0.282470216,1.57,4.2,6.5,0.619061657,0.231411143,0.1495272,0,0,0,0,0
11/3/17 15:00,1080788,214,Hull,259,Swansea,0,0,2,1,0.396889124,0.252111936,0.35099894,2.55,3.3,3,0.381282496,0.294627383,0.324090121,0,0,1,1,2.55
1/4/17 15:00,1080789,14,Leicester,96,Stoke,1,0,2,0,0.393930183,0.261873993,0.344195824,2.05,3.5,4,0.476595745,0.279148936,0.244255319,0,0,1,1,2.05
5/4/17 20:00,1080790,15,Chelsea,167,Man City,2,1,2,1,0.427901187,0.209958664,0.36214015,2.4,3.5,3.1,0.406519296,0.278756088,0.314724616,0,0,1,1,2.4
8/3/17 20:00,1080791,167,Man City,96,Stoke,0,0,0,0,0.58937878,0.199010683,0.211610537,1.25,6.5,15,0.783919598,0.150753769,0.065326633,0,0,0,0,0
1/4/17 12:30,1080792,26,Liverpool,31,Everton,2,1,3,1,0.53455601,0.209737216,0.255706774,1.73,3.9,5.25,0.563979672,0.250175598,0.18584473,0,0,1,1,1.73
4/3/17 17:30,1080793,26,Liverpool,13,Arsenal,2,0,3,1,0.476281242,0.208231825,0.315486933,2.15,3.6,3.6,0.455696203,0.272151899,0.272151899,0,0,1,1,2.15
5/4/17 19:45,1080794,18,Southampton,162,Crystal Palace,1,1,3,1,0.496146591,0.236675486,0.267177922,1.83,3.7,4.75,0.531955143,0.263102138,0.204942718,0,0,1,1,1.83
26/04/2017 19:45:00,1080795,21,Middlesbrough,16,Sunderland,1,0,1,0,0.520457575,0.242608111,0.236934314,2.3,3.4,3.4,0.425,0.2875,0.2875,0,0,1,1,2.3
1/4/17 15:00,1080796,32,Man United,175,West Brom,0,0,0,0,0.597693748,0.211974194,0.190332058,1.36,5,11,0.71651902,0.194893174,0.088587806,0,0,0,0,0
4/3/17 12:30,1080797,32,Man United,183,Bournemouth,1,1,1,1,0.509000259,0.21577514,0.275224601,1.25,6.5,15,0.783919598,0.150753769,0.065326633,0,0,0,0,0
5/4/17 20:00,1080798,26,Liverpool,183,Bournemouth,1,1,2,2,0.543528568,0.207553356,0.248918076,1.36,5.25,9.5,0.713162222,0.184742976,0.102094802,0,0,0,0,0
17/05/2017 19:45:00,1080799,18,Southampton,32,Man United,0,0,0,0,0.40780192,0.225920663,0.366277417,2.75,3.3,2.8,0.355179704,0.295983087,0.348837209,0,0,0,0,0
1/4/17 17:30,1080800,18,Southampton,183,Bournemouth,0,0,0,0,0.457020593,0.230800131,0.312179275,1.65,4,6,0.592592593,0.244444444,0.162962963,0,0,0,0,0
4/3/17 15:00,1080801,96,Stoke,21,Middlesbrough,2,0,2,0,0.408461437,0.248631656,0.342906906,1.95,3.4,4.5,0.498290181,0.285784074,0.215925745,0,0,1,1,1.95
8/4/17 17:30,1080802,183,Bournemouth,15,Chelsea,1,2,1,3,0.393279026,0.226238191,0.380482783,6.5,4,1.6,0.14953271,0.242990654,0.607476636,0,2,0,1,0
18/03/2017 17:30:00,1080803,183,Bournemouth,259,Swansea,1,0,2,0,0.459782588,0.236144811,0.3040726,2.15,3.5,3.6,0.452180154,0.277767809,0.270052037,0,0,1,1,2.15
2/4/17 13:30,1080804,259,Swansea,21,Middlesbrough,0,0,0,0,0.431441063,0.244225736,0.324333202,2,3.4,4.33,0.48777417,0.286925982,0.225299848,0,0,0,0,0
5/3/17 16:00,1080805,16,Sunderland,167,Man City,0,1,0,2,0.259566779,0.223776917,0.516656304,11,6.5,1.29,0.089131012,0.150837098,0.760031889,2,2,1,1,1.29
10/4/17 20:00,1080806,162,Crystal Palace,13,Arsenal,1,0,3,0,0.326904107,0.232701044,0.440394849,4.5,3.9,1.83,0.216785128,0.250136687,0.533078185,2,2,0,0,0
18/03/2017 15:00:00,1080807,162,Crystal Palace,27,Watford,0,0,1,0,0.449512901,0.25382007,0.296667029,1.91,3.5,4.75,0.51339458,0.280166757,0.206438663,0,0,1,1,1.91
1/4/17 15:00,1080808,27,Watford,16,Sunderland,0,0,1,0,0.459209896,0.258522006,0.282268097,1.85,3.6,4.75,0.525385974,0.269990015,0.204624011,0,0,1,1,1.85
4/3/17 15:00,1080809,259,Swansea,184,Burnley,1,1,3,2,0.507913007,0.248804913,0.24328208,2,3.5,4.2,0.488372093,0.279069767,0.23255814,0,0,1,1,2
9/4/17 16:00,1080810,31,Everton,14,Leicester,3,2,4,2,0.514728274,0.237636601,0.247635126,1.75,3.9,5,0.555951532,0.249465431,0.194583036,0,0,1,1,1.75
18/03/2017 15:00:00,1080811,31,Everton,214,Hull,1,0,4,0,0.501745582,0.234634015,0.263620403,1.53,4.33,7,0.636164626,0.224787963,0.139047411,0,0,1,1,1.53
5/4/17 19:45,1080812,13,Arsenal,29,West Ham,0,0,3,0,0.562019567,0.205253687,0.232726746,1.4,5.25,8,0.693641618,0.184971098,0.121387283,0,0,1,1,1.4
5/3/17 13:30,1080813,30,Tottenham,31,Everton,1,0,3,2,0.49823776,0.219267012,0.282495228,1.67,4.2,5.25,0.582847627,0.231751318,0.185401055,0,0,1,1,1.67
8/4/17 15:00,1080814,167,Man City,214,Hull,1,0,3,1,0.602591392,0.196759843,0.200648765,1.2,7.5,17,0.812619503,0.13001912,0.057361377,0,0,1,1,1.2
19/03/2017 16:30:00,1080815,167,Man City,26,Liverpool,0,0,1,1,0.476724014,0.204206879,0.319069107,2,3.75,3.8,0.485519591,0.258943782,0.255536627,0,0,0,0,0
4/4/17 19:45,1080816,184,Burnley,96,Stoke,0,0,1,0,0.362002011,0.268004041,0.369993948,2.5,3.1,3.3,0.390011437,0.314525353,0.29546321,2,0,0,1,0
4/3/17 15:00,1080817,27,Watford,18,Southampton,1,2,3,4,0.360665302,0.245623173,0.393711525,3.6,3.4,2.2,0.270622287,0.286541245,0.442836469,2,2,1,1,2.2
8/4/17 15:00,1080818,21,Middlesbrough,184,Burnley,0,0,0,0,0.51466524,0.246296188,0.239038572,2.45,3.1,3.4,0.398261855,0.314755337,0.286982807,0,0,0,0,0
19/03/2017 12:00:00,1080819,21,Middlesbrough,32,Man United,0,1,1,3,0.380860865,0.231091213,0.388047923,6,3.7,1.7,0.162574309,0.263634014,0.573791677,2,2,1,1,1.7
5/4/17 19:45,1080820,214,Hull,21,Middlesbrough,3,2,4,2,0.392092681,0.251166823,0.356740496,2.05,3.3,4.2,0.474089277,0.294510005,0.231400718,0,0,1,1,2.05
4/3/17 15:00,1080821,175,West Brom,162,Crystal Palace,0,0,0,2,0.363081867,0.27263442,0.364283713,2.2,3.3,3.8,0.4453125,0.296875,0.2578125,2,0,1,0,3.8
8/4/17 15:00,1080822,96,Stoke,26,Liverpool,1,0,1,2,0.323897275,0.229898015,0.446204711,4,3.75,1.95,0.242839352,0.259028643,0.498132005,2,2,1,1,1.95
18/03/2017 15:00:00,1080823,96,Stoke,15,Chelsea,1,1,1,2,0.349054724,0.233931112,0.417014164,6.5,4,1.62,0.150662637,0.244826784,0.604510579,2,2,1,1,1.62
6/3/17 20:00,1080824,29,West Ham,15,Chelsea,0,1,1,2,0.358684989,0.228577859,0.412737152,6,4.1,1.62,0.162150286,0.237293101,0.600556613,2,2,1,1,1.62
13/05/2017 17:30:00,1080825,96,Stoke,13,Arsenal,0,1,1,4,0.337584581,0.230099921,0.432315499,4.75,4.1,1.75,0.205219878,0.237754737,0.557025384,2,2,1,1,1.75
9/4/17 13:30,1080826,16,Sunderland,32,Man United,0,1,0,3,0.287693158,0.238322478,0.473984364,10,5.25,1.36,0.097487712,0.185690879,0.716821409,2,2,1,1,1.36
18/03/2017 15:00:00,1080827,16,Sunderland,184,Burnley,0,0,0,0,0.409103373,0.277482161,0.313414466,2.55,3.3,3,0.381282496,0.294627383,0.324090121,0,0,0,0,0
26/04/2017 19:45:00,1080828,13,Arsenal,14,Leicester,0,0,1,0,0.591031858,0.207906951,0.201061191,1.6,4.5,5.75,0.612063868,0.217622708,0.170313424,0,0,1,1,1.6
13/05/2017 15:00:00,1080829,16,Sunderland,259,Swansea,0,2,0,2,0.342222989,0.261558073,0.396218938,4.2,3.8,1.91,0.232330346,0.256786172,0.510883483,2,2,1,1,1.91
8/4/17 12:30,1080830,30,Tottenham,27,Watford,3,0,4,0,0.567937628,0.213205244,0.218857128,1.25,6.5,15,0.783919598,0.150753769,0.065326633,0,0,1,1,1.25
19/03/2017 14:15:00,1080831,30,Tottenham,18,Southampton,2,0,2,1,0.496693609,0.218920854,0.284385536,1.73,3.8,5.5,0.565032848,0.257238639,0.177728514,0,0,1,1,1.73
11/3/17 15:00,1080832,183,Bournemouth,29,West Ham,1,1,3,2,0.47861181,0.230462,0.29092619,2.6,3.5,2.8,0.374331551,0.278074866,0.347593583,0,0,1,1,2.6
14/05/2017 16:30:00,1080833,30,Tottenham,32,Man United,1,0,2,1,0.457521142,0.216066223,0.326412635,1.73,3.9,5.25,0.563979672,0.250175598,0.18584473,0,0,1,1,1.73
8/4/17 15:00,1080834,175,West Brom,18,Southampton,0,1,0,1,0.318623736,0.255476582,0.425899682,3,3.3,2.55,0.324090121,0.294627383,0.381282496,2,2,1,1,2.55
18/03/2017 12:30:00,1080835,175,West Brom,13,Arsenal,1,1,3,1,0.272060722,0.234501294,0.493437983,5.25,4,1.73,0.187014391,0.245456388,0.567529221,2,2,0,0,0
20/08/2016 15:00:00,1080836,184,Burnley,26,Liverpool,2,0,2,0,0.261153893,0.233625574,0.505220533,6.5,4.2,1.57,0.1495272,0.231411143,0.619061657,2,2,0,0,0
12/5/17 20:00,1080837,175,West Brom,15,Chelsea,0,0,0,1,0.282211504,0.239897086,0.47789141,10,5.25,1.36,0.097487712,0.185690879,0.716821409,2,2,1,1,1.36
8/4/17 15:00,1080838,29,West Ham,259,Swansea,1,0,1,0,0.42269683,0.242289198,0.335013972,2.1,3.6,3.7,0.464921466,0.271204188,0.263874346,0,0,1,1,2.1
18/03/2017 15:00:00,1080839,29,West Ham,14,Leicester,1,3,2,3,0.467255914,0.247391853,0.285352233,2.3,3.5,3.3,0.424788525,0.279146745,0.29606473,0,0,0,0,0
23/04/2017 14:15:00,1080840,184,Burnley,32,Man United,0,2,0,2,0.288697597,0.24097818,0.470324223,5.75,4,1.67,0.170050277,0.244447273,0.58550245,2,2,1,1,1.67
14/05/2017 14:15:00,1080841,29,West Ham,26,Liverpool,0,1,0,4,0.333714272,0.225014227,0.441271501,5.25,4,1.7,0.185159973,0.243022464,0.571817563,2,2,1,1,1.7
15/04/2017 15:00:00,1080842,162,Crystal Palace,14,Leicester,0,1,2,2,0.447060259,0.261272146,0.291667596,1.73,3.6,4.75,0.542074147,0.260496743,0.19742911,0,0,0,0,0
25/04/2017 19:45:00,1080843,15,Chelsea,18,Southampton,2,1,4,2,0.502544579,0.216652313,0.280803108,1.45,4.6,8.5,0.673035545,0.212152509,0.114811946,0,0,1,1,1.45
22/04/2017 15:00:00,1080844,214,Hull,27,Watford,0,0,2,0,0.443840717,0.25229948,0.303859804,1.91,3.7,4.33,0.51090142,0.263735598,0.225362982,0,0,1,1,1.91
18/05/2017 19:45:00,1080845,14,Leicester,30,Tottenham,0,2,1,6,0.316097768,0.241257408,0.442644824,4.5,3.8,1.85,0.216607611,0.256509012,0.526883377,2,2,1,1,1.85
23/04/2017 16:30:00,1080846,26,Liverpool,162,Crystal Palace,1,1,1,2,0.584062262,0.207436198,0.208501539,1.5,4.75,7,0.653562654,0.206388206,0.14004914,0,0,0,0,0
16/05/2017 20:00:00,1080847,167,Man City,175,West Brom,2,0,3,1,0.64294731,0.191565785,0.165486905,1.14,9,23,0.850172499,0.107688517,0.042138985,0,0,1,1,1.14
22/04/2017 15:00:00,1080848,259,Swansea,96,Stoke,1,0,2,0,0.455461573,0.245379269,0.299159158,2.2,3.4,3.6,0.442836469,0.286541245,0.270622287,0,0,1,1,2.2
22/04/2017 15:00:00,1080849,29,West Ham,31,Everton,0,0,0,0,0.399968631,0.23823208,0.361799289,3.3,3.6,2.25,0.295566502,0.270935961,0.433497537,0,2,0,0,0
29/04/2017 17:30:00,1080850,162,Crystal Palace,184,Burnley,0,1,0,2,0.472834615,0.262285353,0.264880032,1.75,3.5,4.75,0.535211268,0.267605634,0.197183099,0,0,0,0,0
30/04/2017 14:05:00,1080851,31,Everton,15,Chelsea,0,0,0,3,0.401303693,0.226644311,0.372051996,3.5,3.6,2,0.268656716,0.26119403,0.470149254,0,2,0,1,0
30/04/2017 12:00:00,1080852,32,Man United,259,Swansea,1,0,1,1,0.523792894,0.2180529,0.258154206,1.36,4.75,8,0.686664257,0.196602819,0.116732924,0,0,0,0,0
30/04/2017 14:05:00,1080853,21,Middlesbrough,167,Man City,1,0,2,2,0.347756534,0.222005296,0.430238171,13,5.25,1.25,0.072065889,0.178448868,0.749485244,2,2,0,0,0
29/04/2017 15:00:00,1080854,18,Southampton,214,Hull,0,0,0,0,0.504218552,0.23350944,0.262272008,1.6,3.75,5.75,0.586535192,0.250255015,0.163209793,0,0,0,0,0
29/04/2017 15:00:00,1080855,96,Stoke,29,West Ham,0,0,0,0,0.433319901,0.243942687,0.322737412,2,3.5,3.6,0.470149254,0.268656716,0.26119403,0,0,0,0,0
29/04/2017 15:00:00,1080856,16,Sunderland,183,Bournemouth,0,0,0,1,0.331353214,0.253338514,0.415308272,3,3.4,2.3,0.313804173,0.276886035,0.409309791,2,2,1,1,2.3
30/04/2017 16:30:00,1080857,30,Tottenham,13,Arsenal,0,0,2,0,0.440779816,0.214735378,0.344484806,1.85,3.75,4,0.51129101,0.252236898,0.236472092,0,0,1,1,1.85
1/5/17 20:00,1080858,27,Watford,26,Liverpool,0,1,0,1,0.297871121,0.228702657,0.473426222,5.75,4.5,1.5,0.163636364,0.209090909,0.627272727,2,2,1,1,1.5
15/04/2017 15:00:00,1080859,31,Everton,184,Burnley,0,0,3,1,0.540370132,0.23609112,0.223538749,1.4,4.5,8,0.672897196,0.209345794,0.117757009,0,0,1,1,1.4
29/04/2017 15:00:00,1080860,175,West Brom,14,Leicester,0,1,0,1,0.383011828,0.277123528,0.339864644,2.4,3.5,2.75,0.390862944,0.268020305,0.341116751,0,0,0,0,0
16/04/2017 16:00:00,1080861,32,Man United,15,Chelsea,1,0,2,0,0.455242243,0.214941225,0.329816531,2.55,3.2,2.8,0.369332234,0.294311624,0.336356142,0,0,1,1,2.55
7/5/17 16:00,1080862,13,Arsenal,32,Man United,0,0,2,0,0.480483697,0.209870344,0.309645958,1.91,3.7,4.33,0.51090142,0.263735598,0.225362982,0,0,1,1,1.91
17/04/2017 20:00:00,1080863,21,Middlesbrough,13,Arsenal,0,1,1,2,0.364916542,0.227747965,0.407335493,7,4,1.5,0.134831461,0.235955056,0.629213483,2,2,1,1,1.5
6/5/17 15:00,1080864,183,Bournemouth,96,Stoke,0,1,2,2,0.478711536,0.236057802,0.285230662,2.25,3.6,3.3,0.433497537,0.270935961,0.295566502,0,0,0,0,0
15/04/2017 17:30:00,1080865,18,Southampton,167,Man City,0,0,0,3,0.373763781,0.218500895,0.407735324,4.33,4,1.73,0.21808395,0.236075876,0.545840175,2,2,1,1,1.73
6/5/17 15:00,1080866,184,Burnley,175,West Brom,0,0,2,2,0.414903749,0.280236116,0.304860135,2.25,3.3,3.6,0.433497537,0.295566502,0.270935961,0,0,0,0,0
15/04/2017 15:00:00,1080867,96,Stoke,214,Hull,1,0,3,1,0.446326916,0.250794253,0.302878831,1.95,3.3,4,0.481137233,0.284308365,0.234554401,0,0,1,1,1.95
8/5/17 20:00,1080868,15,Chelsea,21,Middlesbrough,2,0,3,0,0.523109466,0.217245641,0.259644892,1.17,9,19,0.839222615,0.10909894,0.051678445,0,0,1,1,1.17
15/04/2017 15:00:00,1080869,16,Sunderland,29,West Ham,1,1,2,2,0.363348431,0.256992139,0.37965943,3.3,3.25,2.2,0.284463895,0.288840263,0.426695842,2,2,0,0,0
6/5/17 15:00,1080870,214,Hull,16,Sunderland,0,0,0,2,0.47321003,0.256935786,0.269854184,1.44,4.75,8,0.674237048,0.204400284,0.121362669,0,0,0,0,0
15/04/2017 12:30:00,1080871,30,Tottenham,183,Bournemouth,2,0,4,0,0.507508697,0.21728006,0.275211243,1.25,6,10,0.75,0.15625,0.09375,0,0,1,1,1.25
6/5/17 15:00,1080872,14,Leicester,27,Watford,1,0,3,0,0.422486924,0.261080209,0.316432867,1.57,4.2,6.5,0.619061657,0.231411143,0.1495272,0,0,1,1,1.57
15/04/2017 15:00:00,1080873,27,Watford,259,Swansea,1,0,1,0,0.383877662,0.252199468,0.363922871,2.4,3.3,2.9,0.391411043,0.284662577,0.32392638,0,0,1,1,2.4
7/5/17 13:30,1080874,26,Liverpool,18,Southampton,0,0,0,0,0.53295434,0.209506101,0.257539559,1.62,4.2,6,0.603968939,0.232959448,0.163071613,0,0,0,0,0
16/04/2017 13:30:00,1080875,175,West Brom,26,Liverpool,0,1,0,1,0.258636666,0.233087856,0.508275478,4,3.8,1.8,0.233926129,0.24623803,0.519835841,2,2,1,1,1.8
6/5/17 12:30,1080876,167,Man City,162,Crystal Palace,1,0,5,0,0.595969179,0.199650396,0.204380425,1.29,6.5,11,0.760031889,0.150837098,0.089131012,0,0,1,1,1.29
16/05/2017 19:45:00,1080877,13,Arsenal,16,Sunderland,0,0,2,0,0.619934237,0.201215012,0.178850752,1.09,13,29,0.891716732,0.074767018,0.03351625,0,0,1,1,1.09
6/5/17 17:30,1080878,259,Swansea,31,Everton,1,0,1,0,0.413038086,0.241105064,0.34585685,2.8,3.5,2.63,0.349084152,0.279267321,0.371648527,0,2,1,0,2.8
22/04/2017 15:00:00,1080879,183,Bournemouth,21,Middlesbrough,2,0,4,0,0.45481257,0.235740629,0.309446801,1.85,3.75,4.5,0.525087515,0.259043174,0.215869312,0,0,1,1,1.85
5/5/17 20:00,1080880,29,West Ham,30,Tottenham,0,0,1,0,0.361657126,0.23028518,0.408057694,8.5,5.25,1.4,0.115068493,0.18630137,0.698630137,2,2,0,0,0
13/05/2017 15:00:00,1080881,183,Bournemouth,184,Burnley,1,0,2,1,0.530948858,0.237345846,0.231705296,1.91,3.75,4.2,0.50914028,0.259322116,0.231537604,0,0,1,1,1.91
14/05/2017 12:00:00,1080882,162,Crystal Palace,214,Hull,2,0,4,0,0.43518168,0.255943618,0.308874702,2.1,3.6,3.75,0.466562986,0.272161742,0.261275272,0,0,1,1,2.1
12/5/17 19:45,1080883,31,Everton,27,Watford,0,0,1,0,0.515378775,0.231844223,0.252777002,1.5,4.5,7.5,0.652173913,0.217391304,0.130434783,0,0,1,1,1.5
13/05/2017 12:30:00,1080884,167,Man City,14,Leicester,2,1,2,1,0.616145855,0.196824874,0.187029271,1.25,7,12,0.779582367,0.139211137,0.081206497,0,0,1,1,1.25
13/05/2017 15:00:00,1080885,21,Middlesbrough,18,Southampton,0,1,1,2,0.418197381,0.239023734,0.342778885,4,3.6,2,0.243243243,0.27027027,0.486486486,0,2,0,1,0