<program>
  <var name="matchStats">
    <array>
      <array>
        <array>
          <number value="15"/>
          <number value="96"/>
          <string>Chelsea</string>
          <string>Stoke</string>
          <string>31/12/2016 15:00:00</string>
          <string>31/12/2016 00:00:00</string>
          <number value="6"/>
          <string>FT</string>
          <string>1 : 0</string>
          <string>4 : 2</string>
          <undefined/>
          <undefined/>
          <string>4 : 2</string>
          <string>England</string>
          <string>England</string>
        </array>
        <array>
          <array>
            <array>
              <number value="24"/>
              <array>
                <array>
                  <string>Victor Moses</string>
                  <undefined/>
                  <string>yellow</string>
                  <undefined/>
                  <undefined/>
                  <number value="24"/>
                  <number value="33064"/>
                  <number value="0"/>
                </array>
              </array>
              <array/>
              <number value="1"/>
              <number value="0"/>
            </array>
            <array>
              <number value="34"/>
              <array>
                <array>
                  <string>Gary Cahill</string>
                  <string>Cesc Fàbregas</string>
                  <string>goal</string>
                  <string>(1-0)</string>
                  <undefined/>
                  <number value="34"/>
                  <number value="11981"/>
                  <number value="8040"/>
                </array>
              </array>
              <array/>
              <number value="1"/>
              <number value="0"/>
            </array>
            <array>
              <number value="46"/>
              <array/>
              <array>
                <array>
                  <string>Bruno Martins Indi</string>
                  <undefined/>
                  <string>goal</string>
                  <string>(1-1)</string>
                  <undefined/>
                  <number value="46"/>
                  <number value="90810"/>
                  <number value="0"/>
                </array>
              </array>
              <number value="0"/>
              <number value="1"/>
            </array>
            <array>
              <number value="57"/>
              <array>
                <array>
                  <string>Willian</string>
                  <string>Eden Hazard</string>
                  <string>goal</string>
                  <string>(2-1)</string>
                  <undefined/>
                  <number value="57"/>
                  <number value="29463"/>
                  <number value="33404"/>
                </array>
              </array>
              <array/>
              <number value="1"/>
              <number value="0"/>
            </array>
            <array>
              <number value="59"/>
              <array>
                <array>
                  <string>Cesc Fàbregas</string>
                  <undefined/>
                  <string>yellow</string>
                  <undefined/>
                  <undefined/>
                  <number value="59"/>
                  <number value="8040"/>
                  <number value="0"/>
                </array>
              </array>
              <array/>
              <number value="1"/>
              <number value="0"/>
            </array>
            <array>
              <number value="61"/>
              <array/>
              <array>
                <array>
                  <string>Xherdan Shaqiri</string>
                  <string>Bojan</string>
                  <string>subst</string>
                  <undefined/>
                  <undefined/>
                  <number value="61"/>
                  <number value="76304"/>
                  <number value="31402"/>
                </array>
              </array>
              <number value="0"/>
              <number value="1"/>
            </array>
            <array>
              <number value="62"/>
              <array/>
              <array>
                <array>
                  <string>Ibrahim Afellay</string>
                  <string>Giannelli Imbula</string>
                  <string>subst</string>
                  <undefined/>
                  <undefined/>
                  <number value="62"/>
                  <number value="12480"/>
                  <number value="81959"/>
                </array>
              </array>
              <number value="0"/>
              <number value="1"/>
            </array>
            <array>
              <number value="64"/>
              <array/>
              <array>
                <array>
                  <string>Peter Crouch</string>
                  <string>Mame Biram Diouf</string>
                  <string>goal</string>
                  <string>(2-2)</string>
                  <undefined/>
                  <number value="64"/>
                  <number value="3807"/>
                  <number value="26013"/>
                </array>
              </array>
              <number value="0"/>
              <number value="1"/>
            </array>
            <array>
              <number value="65"/>
              <array>
                <array>
                  <string>Willian</string>
                  <string>Cesc Fàbregas</string>
                  <string>goal</string>
                  <string>(3-2)</string>
                  <undefined/>
                  <number value="65"/>
                  <number value="29463"/>
                  <number value="8040"/>
                </array>
              </array>
              <array/>
              <number value="1"/>
              <number value="0"/>
            </array>
            <array>
              <number value="70"/>
              <array>
                <array>
                  <string>Marcos Alonso</string>
                  <undefined/>
                  <string>yellow</string>
                  <undefined/>
                  <undefined/>
                  <number value="70"/>
                  <number value="84008"/>
                  <number value="0"/>
                </array>
              </array>
              <array>
                <array>
                  <string>Mame Biram Diouf</string>
                  <undefined/>
                  <string>yellow</string>
                  <undefined/>
                  <undefined/>
                  <number value="70"/>
                  <number value="26013"/>
                  <number value="0"/>
                </array>
              </array>
              <number value="1"/>
              <number value="1"/>
            </array>
            <array>
              <number value="73"/>
              <array>
                <array>
                  <string>Cesc Fàbregas</string>
                  <string>Nemanja Matic</string>
                  <string>subst</string>
                  <undefined/>
                  <undefined/>
                  <number value="73"/>
                  <number value="8040"/>
                  <number value="38128"/>
                </array>
              </array>
              <array/>
              <number value="1"/>
              <number value="0"/>
            </array>
            <array>
              <number value="82"/>
              <array>
                <array>
                  <string>Victor Moses</string>
                  <string>Branislav Ivanovic</string>
                  <string>subst</string>
                  <undefined/>
                  <undefined/>
                  <number value="82"/>
                  <number value="33064"/>
                  <number value="15338"/>
                </array>
              </array>
              <array/>
              <number value="1"/>
              <number value="0"/>
            </array>
            <array>
              <number value="84"/>
              <array>
                <array>
                  <string>Willian</string>
                  <string>Nathaniel Chalobah</string>
                  <string>subst</string>
                  <undefined/>
                  <undefined/>
                  <number value="84"/>
                  <number value="29463"/>
                  <number value="92729"/>
                </array>
              </array>
              <array/>
              <number value="1"/>
              <number value="0"/>
            </array>
            <array>
              <number value="85"/>
              <array>
                <array>
                  <string>Diego Costa</string>
                  <undefined/>
                  <string>goal</string>
                  <string>(4-2)</string>
                  <undefined/>
                  <number value="85"/>
                  <number value="24248"/>
                  <number value="0"/>
                </array>
              </array>
              <array/>
              <number value="1"/>
              <number value="0"/>
            </array>
            <array>
              <number value="86"/>
              <array/>
              <array>
                <array>
                  <string>Charlie Adam</string>
                  <undefined/>
                  <string>yellow</string>
                  <undefined/>
                  <undefined/>
                  <number value="86"/>
                  <number value="8327"/>
                  <number value="0"/>
                </array>
              </array>
              <number value="0"/>
              <number value="1"/>
            </array>
          </array>
        </array>
        <array>
          <array>
            <number value="15"/>
            <string>Chelsea</string>
            <number value="7.02"/>
            <array>
              <array>
                <array>
                  <string>blocked_scoring_att</string>
                  <array>
                    <number value="3"/>
                  </array>
                </array>
                <array>
                  <string>att_goal_low_left</string>
                  <array>
                    <number value="2"/>
                  </array>
                </array>
                <array>
                  <string>accurate_pass</string>
                  <array>
                    <number value="401"/>
                  </array>
                </array>
                <array>
                  <string>att_miss_left</string>
                  <array>
                    <number value="2"/>
                  </array>
                </array>
                <array>
                  <string>won_contest</string>
                  <array>
                    <number value="11"/>
                  </array>
                </array>
                <array>
                  <string>ontarget_scoring_att</string>
                  <array>
                    <number value="7"/>
                  </array>
                </array>
                <array>
                  <string>total_scoring_att</string>
                  <array>
                    <number value="18"/>
                  </array>
                </array>
                <array>
                  <string>total_throws</string>
                  <array>
                    <number value="23"/>
                  </array>
                </array>
                <array>
                  <string>aerial_won</string>
                  <array>
                    <number value="11"/>
                  </array>
                </array>
                <array>
                  <string>total_pass</string>
                  <array>
                    <number value="473"/>
                  </array>
                </array>
                <array>
                  <string>goals</string>
                  <array>
                    <number value="4"/>
                  </array>
                </array>
                <array>
                  <string>att_miss_right</string>
                  <array>
                    <number value="3"/>
                  </array>
                </array>
                <array>
                  <string>total_tackle</string>
                  <array>
                    <number value="12"/>
                  </array>
                </array>
                <array>
                  <string>total_offside</string>
                  <array>
                    <number value="2"/>
                  </array>
                </array>
                <array>
                  <string>att_goal_high_right</string>
                  <array>
                    <number value="2"/>
                  </array>
                </array>
                <array>
                  <string>att_sv_low_centre</string>
                  <array>
                    <number value="2"/>
                  </array>
                </array>
                <array>
                  <string>shot_off_target</string>
                  <array>
                    <number value="8"/>
                  </array>
                </array>
                <array>
                  <string>aerial_lost</string>
                  <array>
                    <number value="22"/>
                  </array>
                </array>
                <array>
                  <string>att_sv_low_right</string>
                  <array>
                    <number value="1"/>
                  </array>
                </array>
                <array>
                  <string>fk_foul_lost</string>
                  <array>
                    <number value="12"/>
                  </array>
                </array>
                <array>
                  <string>won_corners</string>
                  <array>
                    <number value="8"/>
                  </array>
                </array>
                <array>
                  <string>possession_percentage</string>
                  <array>
                    <number value="59.6"/>
                  </array>
                </array>
                <array>
                  <string>att_miss_high</string>
                  <array>
                    <number value="3"/>
                  </array>
                </array>
              </array>
            </array>
            <array>
              <array>
                <number value="73798"/>
                <string>Thibaut Courtois</string>
                <number value="5.7"/>
                <array>
                  <array>
                    <array>
                      <string>accurate_pass</string>
                      <array>
                        <number value="12"/>
                      </array>
                    </array>
                    <array>
                      <string>touches</string>
                      <array>
                        <number value="23"/>
                      </array>
                    </array>
                    <array>
                      <string>total_pass</string>
                      <array>
                        <number value="17"/>
                      </array>
                    </array>
                    <array>
                      <string>formation_place</string>
                      <array>
                        <number value="1"/>
                      </array>
                    </array>
                  </array>
                </array>
                <number value="1"/>
                <string>GK</string>
                <number value="13"/>
                <number value="0"/>
                <number value="0"/>
                <string>GK</string>
                <number value="25"/>
                <number value="199"/>
                <number value="94"/>
              </array>
              <array>
                <number value="11981"/>
                <string>Gary Cahill</string>
                <number value="7.5"/>
                <array>
                  <array>
                    <array>
                      <string>accurate_pass</string>
                      <array>
                        <number value="49"/>
                      </array>
                    </array>
                    <array>
                      <string>touches</string>
                      <array>
                        <number value="61"/>
                      </array>
                    </array>
                    <array>
                      <string>total_scoring_att</string>
                      <array>
                        <number value="2"/>
                      </array>
                    </array>
                    <array>
                      <string>aerial_won</string>
                      <array>
                        <number value="3"/>
                      </array>
                    </array>
                    <array>
                      <string>total_pass</string>
                      <array>
                        <number value="50"/>
                      </array>
                    </array>
                    <array>
                      <string>goals</string>
                      <array>
                        <number value="1"/>
                      </array>
                    </array>
                    <array>
                      <string>aerial_lost</string>
                      <array>
                        <number value="2"/>
                      </array>
                    </array>
                    <array>
                      <string>fouls</string>
                      <array>
                        <number value="1"/>
                      </array>
                    </array>
                    <array>
                      <string>formation_place</string>
                      <array>
                        <number value="4"/>
                      </array>
                    </array>
                  </array>
                </array>
                <number value="2"/>
                <string>DC</string>
                <number value="24"/>
                <number value="0"/>
                <number value="0"/>
                <string>D(C)</string>
                <number value="31"/>
                <number value="193"/>
                <number value="86"/>
              </array>
              <array>
                <number value="27586"/>
                <string>David Luiz</string>
                <number value="6.53"/>
                <array>
                  <array>
                    <array>
                      <string>accurate_pass</string>
                      <array>
                        <number value="37"/>
                      </array>
                    </array>
                    <array>
                      <string>touches</string>
                      <array>
                        <number value="55"/>
                      </array>
                    </array>
                    <array>
                      <string>aerial_won</string>
                      <array>
                        <number value="1"/>
                      </array>
                    </array>
                    <array>
                      <string>total_pass</string>
                      <array>
                        <number value="48"/>
                      </array>
                    </array>
                    <array>
                      <string>total_tackle</string>
                      <array>
                        <number value="1"/>
                      </array>
                    </array>
                    <array>
                      <string>aerial_lost</string>
                      <array>
                        <number value="1"/>
                      </array>
                    </array>
                    <array>
                      <string>fouls</string>
                      <array>
                        <number value="1"/>
                      </array>
                    </array>
                    <array>
                      <string>formation_place</string>
                      <array>
                        <number value="5"/>
                      </array>
                    </array>
                  </array>
                </array>
                <number value="2"/>
                <string>DC</string>
                <number value="30"/>
                <number value="0"/>
                <number value="0"/>
                <string>D(C),DMC</string>
                <number value="30"/>
                <number value="189"/>
                <number value="84"/>
              </array>
              <array>
                <number value="25931"/>
                <string>César Azpilicueta</string>
                <number value="6.77"/>
                <array>
                  <array>
                    <array>
                      <string>accurate_pass</string>
                      <array>
                        <number value="54"/>
                      </array>
                    </array>
                    <array>
                      <string>touches</string>
                      <array>
                        <number value="75"/>
                      </array>
                    </array>
                    <array>
                      <string>total_pass</string>
                      <array>
                        <number value="61"/>
                      </array>
                    </array>
                    <array>
                      <string>total_tackle</string>
                      <array>
                        <number value="4"/>
                      </array>
                    </array>
                    <array>
                      <string>aerial_lost</string>
                      <array>
                        <number value="4"/>
                      </array>
                    </array>
                    <array>
                      <string>fouls</string>
                      <array>
                        <number value="2"/>
                      </array>
                    </array>
                    <array>
                      <string>formation_place</string>
                      <array>
                        <number value="6"/>
                      </array>
                    </array>
                  </array>
                </array>
                <number value="2"/>
                <string>DC</string>
                <number value="28"/>
                <number value="0"/>
                <number value="0"/>
                <string>D(CLR),M(R)</string>
                <number value="28"/>
                <number value="178"/>
                <number value="78"/>
              </array>
              <array>
                <number value="8040"/>
                <string>Cesc Fàbregas</string>
                <number value="8"/>
                <array>
                  <array>
                    <array>
                      <string>accurate_pass</string>
                      <array>
                        <number value="56"/>
                      </array>
                    </array>
                    <array>
                      <string>touches</string>
                      <array>
                        <number value="77"/>
                      </array>
                    </array>
                    <array>
                      <string>yellow_card</string>
                      <array>
                        <number value="1"/>
                      </array>
                    </array>
                    <array>
                      <string>aerial_won</string>
                      <array>
                        <number value="1"/>
                      </array>
                    </array>
                    <array>
                      <string>goal_assist</string>
                      <array>
                        <number value="2"/>
                      </array>
                    </array>
                    <array>
                      <string>total_pass</string>
                      <array>
                        <number value="67"/>
                      </array>
                    </array>
                    <array>
                      <string>total_tackle</string>
                      <array>
                        <number value="1"/>
                      </array>
                    </array>
                    <array>
                      <string>aerial_lost</string>
                      <array>
                        <number value="1"/>
                      </array>
                    </array>
                    <array>
                      <string>fouls</string>
                      <array>
                        <number value="2"/>
                      </array>
                    </array>
                    <array>
                      <string>formation_place</string>
                      <array>
                        <number value="7"/>
                      </array>
                    </array>
                  </array>
                </array>
                <number value="3"/>
                <string>MC</string>
                <number value="4"/>
                <number value="1"/>
                <number value="73"/>
                <string>M(CL),FW</string>
                <number value="30"/>
                <number value="180"/>
                <number value="77"/>
              </array>
              <array>
                <number value="114075"/>
                <string>N'Golo Kanté</string>
                <number value="7.46"/>
                <array>
                  <array>
                    <array>
                      <string>accurate_pass</string>
                      <array>
                        <number value="41"/>
                      </array>
                    </array>
                    <array>
                      <string>touches</string>
                      <array>
                        <number value="57"/>
                      </array>
                    </array>
                    <array>
                      <string>won_contest</string>
                      <array>
                        <number value="2"/>
                      </array>
                    </array>
                    <array>
                      <string>total_scoring_att</string>
                      <array>
                        <number value="1"/>
                      </array>
                    </array>
                    <array>
                      <string>aerial_won</string>
                      <array>
                        <number value="1"/>
                      </array>
                    </array>
                    <array>
                      <string>total_pass</string>
                      <array>
                        <number value="44"/>
                      </array>
                    </array>
                    <array>
                      <string>total_tackle</string>
                      <array>
                        <number value="3"/>
                      </array>
                    </array>
                    <array>
                      <string>aerial_lost</string>
                      <array>
                        <number value="1"/>
                      </array>
                    </array>
                    <array>
                      <string>formation_place</string>
                      <array>
                        <number value="8"/>
                      </array>
                    </array>
                  </array>
                </array>
                <number value="3"/>
                <string>MC</string>
                <number value="7"/>
                <number value="0"/>
                <number value="0"/>
                <string>DMC</string>
                <number value="26"/>
                <number value="168"/>
                <number value="68"/>
              </array>
              <array>
                <number value="33064"/>
                <string>Victor Moses</string>
                <number value="6.48"/>
                <array>
                  <array>
                    <array>
                      <string>blocked_scoring_att</string>
                      <array>
                        <number value="1"/>
                      </array>
                    </array>
                    <array>
                      <string>accurate_pass</string>
                      <array>
                        <number value="20"/>
                      </array>
                    </array>
                    <array>
                      <string>touches</string>
                      <array>
                        <number value="52"/>
                      </array>
                    </array>
                    <array>
                      <string>yellow_card</string>
                      <array>
                        <number value="1"/>
                      </array>
                    </array>
                    <array>
                      <string>won_contest</string>
                      <array>
                        <number value="2"/>
                      </array>
                    </array>
                    <array>
                      <string>total_scoring_att</string>
                      <array>
                        <number value="1"/>
                      </array>
                    </array>
                    <array>
                      <string>total_pass</string>
                      <array>
                        <number value="24"/>
                      </array>
                    </array>
                    <array>
                      <string>aerial_lost</string>
                      <array>
                        <number value="2"/>
                      </array>
                    </array>
                    <array>
                      <string>fouls</string>
                      <array>
                        <number value="3"/>
                      </array>
                    </array>
                    <array>
                      <string>formation_place</string>
                      <array>
                        <number value="2"/>
                      </array>
                    </array>
                  </array>
                </array>
                <number value="3"/>
                <string>DMR</string>
                <number value="15"/>
                <number value="1"/>
                <number value="82"/>
                <string>M(CLR)</string>
                <number value="26"/>
                <number value="177"/>
                <number value="79"/>
              </array>
              <array>
                <number value="84008"/>
                <string>Marcos Alonso</string>
                <number value="6.5"/>
                <array>
                  <array>
                    <array>
                      <string>blocked_scoring_att</string>
                      <array>
                        <number value="1"/>
                      </array>
                    </array>
                    <array>
                      <string>accurate_pass</string>
                      <array>
                        <number value="19"/>
                      </array>
                    </array>
                    <array>
                      <string>touches</string>
                      <array>
                        <number value="53"/>
                      </array>
                    </array>
                    <array>
                      <string>yellow_card</string>
                      <array>
                        <number value="1"/>
                      </array>
                    </array>
                    <array>
                      <string>won_contest</string>
                      <array>
                        <number value="1"/>
                      </array>
                    </array>
                    <array>
                      <string>total_scoring_att</string>
                      <array>
                        <number value="2"/>
                      </array>
                    </array>
                    <array>
                      <string>aerial_won</string>
                      <array>
                        <number value="2"/>
                      </array>
                    </array>
                    <array>
                      <string>total_pass</string>
                      <array>
                        <number value="26"/>
                      </array>
                    </array>
                    <array>
                      <string>aerial_lost</string>
                      <array>
                        <number value="6"/>
                      </array>
                    </array>
                    <array>
                      <string>fouls</string>
                      <array>
                        <number value="3"/>
                      </array>
                    </array>
                    <array>
                      <string>formation_place</string>
                      <array>
                        <number value="3"/>
                      </array>
                    </array>
                  </array>
                </array>
                <number value="3"/>
                <string>DML</string>
                <number value="3"/>
                <number value="0"/>
                <number value="0"/>
                <string>D(CL),M(L)</string>
                <number value="26"/>
                <number value="188"/>
                <number value="84"/>
              </array>
              <array>
                <number value="24248"/>
                <string>Diego Costa</string>
                <number value="7.87"/>
                <array>
                  <array>
                    <array>
                      <string>accurate_pass</string>
                      <array>
                        <number value="25"/>
                      </array>
                    </array>
                    <array>
                      <string>touches</string>
                      <array>
                        <number value="54"/>
                      </array>
                    </array>
                    <array>
                      <string>won_contest</string>
                      <array>
                        <number value="2"/>
                      </array>
                    </array>
                    <array>
                      <string>total_scoring_att</string>
                      <array>
                        <number value="5"/>
                      </array>
                    </array>
                    <array>
                      <string>total_pass</string>
                      <array>
                        <number value="33"/>
                      </array>
                    </array>
                    <array>
                      <string>goals</string>
                      <array>
                        <number value="1"/>
                      </array>
                    </array>
                    <array>
                      <string>aerial_lost</string>
                      <array>
                        <number value="5"/>
                      </array>
                    </array>
                    <array>
                      <string>formation_place</string>
                      <array>
                        <number value="9"/>
                      </array>
                    </array>
                  </array>
                </array>
                <number value="4"/>
                <string>FW</string>
                <number value="19"/>
                <number value="0"/>
                <number value="0"/>
                <string>FW</string>
                <number value="29"/>
                <number value="186"/>
                <number value="87"/>
              </array>
              <array>
                <number value="33404"/>
                <string>Eden Hazard</string>
                <number value="7.78"/>
                <array>
                  <array>
                    <array>
                      <string>blocked_scoring_att</string>
                      <array>
                        <number value="1"/>
                      </array>
                    </array>
                    <array>
                      <string>accurate_pass</string>
                      <array>
                        <number value="43"/>
                      </array>
                    </array>
                    <array>
                      <string>touches</string>
                      <array>
                        <number value="65"/>
                      </array>
                    </array>
                    <array>
                      <string>won_contest</string>
                      <array>
                        <number value="2"/>
                      </array>
                    </array>
                    <array>
                      <string>total_scoring_att</string>
                      <array>
                        <number value="2"/>
                      </array>
                    </array>
                    <array>
                      <string>aerial_won</string>
                      <array>
                        <number value="1"/>
                      </array>
                    </array>
                    <array>
                      <string>goal_assist</string>
                      <array>
                        <number value="1"/>
                      </array>
                    </array>
                    <array>
                      <string>total_pass</string>
                      <array>
                        <number value="50"/>
                      </array>
                    </array>
                    <array>
                      <string>formation_place</string>
                      <array>
                        <number value="11"/>
                      </array>
                    </array>
                  </array>
                </array>
                <number value="4"/>
                <string>FWL</string>
                <number value="10"/>
                <number value="0"/>
                <number value="0"/>
                <string>M(CLR),FW</string>
                <number value="26"/>
                <number value="173"/>
                <number value="76"/>
              </array>
              <array>
                <number value="29463"/>
                <string>Willian</string>
                <number value="8.77"/>
                <array>
                  <array>
                    <array>
                      <string>accurate_pass</string>
                      <array>
                        <number value="27"/>
                      </array>
                    </array>
                    <array>
                      <string>touches</string>
                      <array>
                        <number value="49"/>
                      </array>
                    </array>
                    <array>
                      <string>won_contest</string>
                      <array>
                        <number value="1"/>
                      </array>
                    </array>
                    <array>
                      <string>total_scoring_att</string>
                      <array>
                        <number value="5"/>
                      </array>
                    </array>
                    <array>
                      <string>aerial_won</string>
                      <array>
                        <number value="1"/>
                      </array>
                    </array>
                    <array>
                      <string>total_pass</string>
                      <array>
                        <number value="34"/>
                      </array>
                    </array>
                    <array>
                      <string>goals</string>
                      <array>
                        <number value="2"/>
                      </array>
                    </array>
                    <array>
                      <string>total_tackle</string>
                      <array>
                        <number value="2"/>
                      </array>
                    </array>
                    <array>
                      <string>formation_place</string>
                      <array>
                        <number value="10"/>
                      </array>
                    </array>
                    <array>
                      <string>man_of_the_match</string>
                      <array>
                        <number value="1"/>
                      </array>
                    </array>
                  </array>
                </array>
                <number value="4"/>
                <string>FWR</string>
                <number value="22"/>
                <number value="1"/>
                <number value="84"/>
                <string>AM(CLR)</string>
                <number value="29"/>
                <number value="175"/>
                <number value="77"/>
              </array>
              <array>
                <number value="92729"/>
                <string>Nathaniel Chalobah</string>
                <number value="6.17"/>
                <array>
                  <array>
                    <array>
                      <string>accurate_pass</string>
                      <array>
                        <number value="3"/>
                      </array>
                    </array>
                    <array>
                      <string>touches</string>
                      <array>
                        <number value="4"/>
                      </array>
                    </array>
                    <array>
                      <string>total_pass</string>
                      <array>
                        <number value="3"/>
                      </array>
                    </array>
                    <array>
                      <string>formation_place</string>
                      <array>
                        <number value="0"/>
                      </array>
                    </array>
                  </array>
                </array>
                <number value="5"/>
                <string>Sub</string>
                <number value="29"/>
                <number value="2"/>
                <number value="84"/>
                <string>DMC</string>
                <number value="22"/>
                <number value="187"/>
                <number value="80"/>
              </array>
              <array>
                <number value="97803"/>
                <string>Michy Batshuayi</string>
                <number value="0"/>
                <array>
                  <array>
                    <array>
                      <string>formation_place</string>
                      <array>
                        <number value="0"/>
                      </array>
                    </array>
                  </array>
                </array>
                <number value="5"/>
                <string>Sub</string>
                <number value="23"/>
                <number value="0"/>
                <number value="0"/>
                <string>FW</string>
                <number value="24"/>
                <number value="185"/>
                <number value="86"/>
              </array>
              <array>
                <number value="106086"/>
                <string>Kurt Zouma</string>
                <number value="0"/>
                <array>
                  <array>
                    <array>
                      <string>formation_place</string>
                      <array>
                        <number value="0"/>
                      </array>
                    </array>
                  </array>
                </array>
                <number value="5"/>
                <string>Sub</string>
                <number value="5"/>
                <number value="0"/>
                <number value="0"/>
                <string>D(CR)</string>
                <number value="23"/>
                <number value="190"/>
                <number value="96"/>
              </array>
              <array>
                <number value="255777"/>
                <string>Ruben Loftus-Cheek</string>
                <number value="0"/>
                <array>
                  <array>
                    <array>
                      <string>formation_place</string>
                      <array>
                        <number value="0"/>
                      </array>
                    </array>
                  </array>
                </array>
                <number value="5"/>
                <string>Sub</string>
                <number value="14"/>
                <number value="0"/>
                <number value="0"/>
                <string>M(C)</string>
                <number value="21"/>
                <number value="191"/>
                <number value="88"/>
              </array>
              <array>
                <number value="23122"/>
                <string>Asmir Begovic</string>
                <number value="0"/>
                <array>
                  <array>
                    <array>
                      <string>formation_place</string>
                      <array>
                        <number value="0"/>
                      </array>
                    </array>
                  </array>
                </array>
                <number value="5"/>
                <string>Sub</string>
                <number value="1"/>
                <number value="0"/>
                <number value="0"/>
                <string>GK</string>
                <number value="30"/>
                <number value="199"/>
                <number value="101"/>
              </array>
              <array>
                <number value="15338"/>
                <string>Branislav Ivanovic</string>
                <number value="6.21"/>
                <array>
                  <array>
                    <array>
                      <string>touches</string>
                      <array>
                        <number value="3"/>
                      </array>
                    </array>
                    <array>
                      <string>total_pass</string>
                      <array>
                        <number value="1"/>
                      </array>
                    </array>
                    <array>
                      <string>total_tackle</string>
                      <array>
                        <number value="1"/>
                      </array>
                    </array>
                    <array>
                      <string>formation_place</string>
                      <array>
                        <number value="0"/>
                      </array>
                    </array>
                  </array>
                </array>
                <number value="5"/>
                <string>Sub</string>
                <number value="2"/>
                <number value="2"/>
                <number value="82"/>
                <string>D(CR)</string>
                <number value="33"/>
                <number value="185"/>
                <number value="91"/>
              </array>
              <array>
                <number value="38128"/>
                <string>Nemanja Matic</string>
                <number value="6.54"/>
                <array>
                  <array>
                    <array>
                      <string>accurate_pass</string>
                      <array>
                        <number value="15"/>
                      </array>
                    </array>
                    <array>
                      <string>touches</string>
                      <array>
                        <number value="19"/>
                      </array>
                    </array>
                    <array>
                      <string>won_contest</string>
                      <array>
                        <number value="1"/>
                      </array>
                    </array>
                    <array>
                      <string>aerial_won</string>
                      <array>
                        <number value="1"/>
                      </array>
                    </array>
                    <array>
                      <string>total_pass</string>
                      <array>
                        <number value="15"/>
                      </array>
                    </array>
                    <array>
                      <string>formation_place</string>
                      <array>
                        <number value="0"/>
                      </array>
                    </array>
                  </array>
                </array>
                <number value="5"/>
                <string>Sub</string>
                <number value="21"/>
                <number value="2"/>
                <number value="73"/>
                <string>DMC</string>
                <number value="29"/>
                <number value="194"/>
                <number value="85"/>
              </array>
            </array>
            <array>
              <string>343</string>
              <array>
                <array>
                  <number value="5"/>
                  <number value="1"/>
                </array>
                <array>
                  <number value="8"/>
                  <number value="6"/>
                </array>
                <array>
                  <number value="2"/>
                  <number value="6"/>
                </array>
                <array>
                  <number value="3"/>
                  <number value="3"/>
                </array>
                <array>
                  <number value="5"/>
                  <number value="3"/>
                </array>
                <array>
                  <number value="7"/>
                  <number value="3"/>
                </array>
                <array>
                  <number value="6"/>
                  <number value="6"/>
                </array>
                <array>
                  <number value="4"/>
                  <number value="6"/>
                </array>
                <array>
                  <number value="5"/>
                  <number value="9"/>
                </array>
                <array>
                  <number value="7"/>
                  <number value="9"/>
                </array>
                <array>
                  <number value="3"/>
                  <number value="9"/>
                </array>
              </array>
            </array>
          </array>
          <array>
            <number value="96"/>
            <string>Stoke</string>
            <number value="6.39615384615385"/>
            <array>
              <array>
                <array>
                  <string>att_goal_low_left</string>
                  <array>
                    <number value="1"/>
                  </array>
                </array>
                <array>
                  <string>accurate_pass</string>
                  <array>
                    <number value="242"/>
                  </array>
                </array>
                <array>
                  <string>att_goal_high_centre</string>
                  <array>
                    <number value="1"/>
                  </array>
                </array>
                <array>
                  <string>att_miss_left</string>
                  <array>
                    <number value="2"/>
                  </array>
                </array>
                <array>
                  <string>won_contest</string>
                  <array>
                    <number value="4"/>
                  </array>
                </array>
                <array>
                  <string>ontarget_scoring_att</string>
                  <array>
                    <number value="2"/>
                  </array>
                </array>
                <array>
                  <string>total_scoring_att</string>
                  <array>
                    <number value="5"/>
                  </array>
                </array>
                <array>
                  <string>total_throws</string>
                  <array>
                    <number value="16"/>
                  </array>
                </array>
                <array>
                  <string>aerial_won</string>
                  <array>
                    <number value="22"/>
                  </array>
                </array>
                <array>
                  <string>total_pass</string>
                  <array>
                    <number value="322"/>
                  </array>
                </array>
                <array>
                  <string>att_miss_high_left</string>
                  <array>
                    <number value="1"/>
                  </array>
                </array>
                <array>
                  <string>goals</string>
                  <array>
                    <number value="2"/>
                  </array>
                </array>
                <array>
                  <string>total_tackle</string>
                  <array>
                    <number value="17"/>
                  </array>
                </array>
                <array>
                  <string>total_offside</string>
                  <array>
                    <number value="2"/>
                  </array>
                </array>
                <array>
                  <string>shot_off_target</string>
                  <array>
                    <number value="3"/>
                  </array>
                </array>
                <array>
                  <string>aerial_lost</string>
                  <array>
                    <number value="11"/>
                  </array>
                </array>
                <array>
                  <string>fk_foul_lost</string>
                  <array>
                    <number value="10"/>
                  </array>
                </array>
                <array>
                  <string>won_corners</string>
                  <array>
                    <number value="3"/>
                  </array>
                </array>
                <array>
                  <string>possession_percentage</string>
                  <array>
                    <number value="40.4"/>
                  </array>
                </array>
              </array>
            </array>
            <array>
              <array>
                <number value="8195"/>
                <string>Lee Grant</string>
                <number value="6.49"/>
                <array>
                  <array>
                    <array>
                      <string>accurate_pass</string>
                      <array>
                        <number value="14"/>
                      </array>
                    </array>
                    <array>
                      <string>touches</string>
                      <array>
                        <number value="40"/>
                      </array>
                    </array>
                    <array>
                      <string>saves</string>
                      <array>
                        <number value="3"/>
                      </array>
                    </array>
                    <array>
                      <string>total_pass</string>
                      <array>
                        <number value="30"/>
                      </array>
                    </array>
                    <array>
                      <string>good_high_claim</string>
                      <array>
                        <number value="1"/>
                      </array>
                    </array>
                    <array>
                      <string>formation_place</string>
                      <array>
                        <number value="1"/>
                      </array>
                    </array>
                  </array>
                </array>
                <number value="1"/>
                <string>GK</string>
                <number value="33"/>
                <number value="0"/>
                <number value="0"/>
                <string>GK</string>
                <number value="34"/>
                <number value="193"/>
                <number value="83"/>
              </array>
              <array>
                <number value="29798"/>
                <string>Ryan Shawcross</string>
                <number value="6.32"/>
                <array>
                  <array>
                    <array>
                      <string>accurate_pass</string>
                      <array>
                        <number value="11"/>
                      </array>
                    </array>
                    <array>
                      <string>touches</string>
                      <array>
                        <number value="27"/>
                      </array>
                    </array>
                    <array>
                      <string>aerial_won</string>
                      <array>
                        <number value="4"/>
                      </array>
                    </array>
                    <array>
                      <string>total_pass</string>
                      <array>
                        <number value="15"/>
                      </array>
                    </array>
                    <array>
                      <string>total_tackle</string>
                      <array>
                        <number value="1"/>
                      </array>
                    </array>
                    <array>
                      <string>fouls</string>
                      <array>
                        <number value="1"/>
                      </array>
                    </array>
                    <array>
                      <string>formation_place</string>
                      <array>
                        <number value="5"/>
                      </array>
                    </array>
                  </array>
                </array>
                <number value="2"/>
                <string>DC</string>
                <number value="17"/>
                <number value="0"/>
                <number value="0"/>
                <string>D(C)</string>
                <number value="30"/>
                <number value="191"/>
                <number value="76"/>
              </array>
              <array>
                <number value="90810"/>
                <string>Bruno Martins Indi</string>
                <number value="7.28"/>
                <array>
                  <array>
                    <array>
                      <string>accurate_pass</string>
                      <array>
                        <number value="25"/>
                      </array>
                    </array>
                    <array>
                      <string>touches</string>
                      <array>
                        <number value="38"/>
                      </array>
                    </array>
                    <array>
                      <string>total_scoring_att</string>
                      <array>
                        <number value="1"/>
                      </array>
                    </array>
                    <array>
                      <string>aerial_won</string>
                      <array>
                        <number value="1"/>
                      </array>
                    </array>
                    <array>
                      <string>total_pass</string>
                      <array>
                        <number value="26"/>
                      </array>
                    </array>
                    <array>
                      <string>goals</string>
                      <array>
                        <number value="1"/>
                      </array>
                    </array>
                    <array>
                      <string>total_tackle</string>
                      <array>
                        <number value="3"/>
                      </array>
                    </array>
                    <array>
                      <string>aerial_lost</string>
                      <array>
                        <number value="1"/>
                      </array>
                    </array>
                    <array>
                      <string>formation_place</string>
                      <array>
                        <number value="4"/>
                      </array>
                    </array>
                  </array>
                </array>
                <number value="2"/>
                <string>DC</string>
                <number value="15"/>
                <number value="0"/>
                <number value="0"/>
                <string>D(CL)</string>
                <number value="25"/>
                <number value="185"/>
                <number value="76"/>
              </array>
              <array>
                <number value="4574"/>
                <string>Glen Johnson</string>
                <number value="5.79"/>
                <array>
                  <array>
                    <array>
                      <string>accurate_pass</string>
                      <array>
                        <number value="25"/>
                      </array>
                    </array>
                    <array>
                      <string>touches</string>
                      <array>
                        <number value="36"/>
                      </array>
                    </array>
                    <array>
                      <string>aerial_won</string>
                      <array>
                        <number value="1"/>
                      </array>
                    </array>
                    <array>
                      <string>total_pass</string>
                      <array>
                        <number value="29"/>
                      </array>
                    </array>
                    <array>
                      <string>aerial_lost</string>
                      <array>
                        <number value="1"/>
                      </array>
                    </array>
                    <array>
                      <string>formation_place</string>
                      <array>
                        <number value="6"/>
                      </array>
                    </array>
                  </array>
                </array>
                <number value="2"/>
                <string>DC</string>
                <number value="8"/>
                <number value="0"/>
                <number value="0"/>
                <string>D(CLR),M(R)</string>
                <number value="33"/>
                <number value="182"/>
                <number value="78"/>
              </array>
              <array>
                <number value="23444"/>
                <string>Joe Allen</string>
                <number value="6.83"/>
                <array>
                  <array>
                    <array>
                      <string>accurate_pass</string>
                      <array>
                        <number value="33"/>
                      </array>
                    </array>
                    <array>
                      <string>touches</string>
                      <array>
                        <number value="56"/>
                      </array>
                    </array>
                    <array>
                      <string>won_contest</string>
                      <array>
                        <number value="1"/>
                      </array>
                    </array>
                    <array>
                      <string>total_pass</string>
                      <array>
                        <number value="38"/>
                      </array>
                    </array>
                    <array>
                      <string>total_tackle</string>
                      <array>
                        <number value="4"/>
                      </array>
                    </array>
                    <array>
                      <string>aerial_lost</string>
                      <array>
                        <number value="1"/>
                      </array>
                    </array>
                    <array>
                      <string>formation_place</string>
                      <array>
                        <number value="7"/>
                      </array>
                    </array>
                  </array>
                </array>
                <number value="3"/>
                <string>MC</string>
                <number value="4"/>
                <number value="0"/>
                <number value="0"/>
                <string>M(C)</string>
                <number value="27"/>
                <number value="168"/>
                <number value="62"/>
              </array>
              <array>
                <number value="26013"/>
                <string>Mame Biram Diouf</string>
                <number value="7.36"/>
                <array>
                  <array>
                    <array>
                      <string>accurate_pass</string>
                      <array>
                        <number value="13"/>
                      </array>
                    </array>
                    <array>
                      <string>touches</string>
                      <array>
                        <number value="40"/>
                      </array>
                    </array>
                    <array>
                      <string>yellow_card</string>
                      <array>
                        <number value="1"/>
                      </array>
                    </array>
                    <array>
                      <string>aerial_won</string>
                      <array>
                        <number value="6"/>
                      </array>
                    </array>
                    <array>
                      <string>goal_assist</string>
                      <array>
                        <number value="1"/>
                      </array>
                    </array>
                    <array>
                      <string>total_pass</string>
                      <array>
                        <number value="23"/>
                      </array>
                    </array>
                    <array>
                      <string>total_tackle</string>
                      <array>
                        <number value="4"/>
                      </array>
                    </array>
                    <array>
                      <string>aerial_lost</string>
                      <array>
                        <number value="1"/>
                      </array>
                    </array>
                    <array>
                      <string>fouls</string>
                      <array>
                        <number value="1"/>
                      </array>
                    </array>
                    <array>
                      <string>formation_place</string>
                      <array>
                        <number value="2"/>
                      </array>
                    </array>
                  </array>
                </array>
                <number value="3"/>
                <string>DMR</string>
                <number value="18"/>
                <number value="0"/>
                <number value="0"/>
                <string>M(LR),FW</string>
                <number value="29"/>
                <number value="185"/>
                <number value="79"/>
              </array>
              <array>
                <number value="24148"/>
                <string>Erik Pieters</string>
                <number value="6.77"/>
                <array>
                  <array>
                    <array>
                      <string>accurate_pass</string>
                      <array>
                        <number value="21"/>
                      </array>
                    </array>
                    <array>
                      <string>touches</string>
                      <array>
                        <number value="52"/>
                      </array>
                    </array>
                    <array>
                      <string>won_contest</string>
                      <array>
                        <number value="2"/>
                      </array>
                    </array>
                    <array>
                      <string>total_pass</string>
                      <array>
                        <number value="23"/>
                      </array>
                    </array>
                    <array>
                      <string>total_tackle</string>
                      <array>
                        <number value="3"/>
                      </array>
                    </array>
                    <array>
                      <string>formation_place</string>
                      <array>
                        <number value="3"/>
                      </array>
                    </array>
                  </array>
                </array>
                <number value="3"/>
                <string>DML</string>
                <number value="3"/>
                <number value="0"/>
                <number value="0"/>
                <string>D(L),M(L)</string>
                <number value="29"/>
                <number value="183"/>
                <number value="84"/>
              </array>
              <array>
                <number value="8327"/>
                <string>Charlie Adam</string>
                <number value="5.33"/>
                <array>
                  <array>
                    <array>
                      <string>accurate_pass</string>
                      <array>
                        <number value="47"/>
                      </array>
                    </array>
                    <array>
                      <string>touches</string>
                      <array>
                        <number value="75"/>
                      </array>
                    </array>
                    <array>
                      <string>yellow_card</string>
                      <array>
                        <number value="1"/>
                      </array>
                    </array>
                    <array>
                      <string>total_scoring_att</string>
                      <array>
                        <number value="1"/>
                      </array>
                    </array>
                    <array>
                      <string>error_lead_to_goal</string>
                      <array>
                        <number value="1"/>
                      </array>
                    </array>
                    <array>
                      <string>aerial_won</string>
                      <array>
                        <number value="2"/>
                      </array>
                    </array>
                    <array>
                      <string>total_pass</string>
                      <array>
                        <number value="61"/>
                      </array>
                    </array>
                    <array>
                      <string>total_tackle</string>
                      <array>
                        <number value="1"/>
                      </array>
                    </array>
                    <array>
                      <string>aerial_lost</string>
                      <array>
                        <number value="1"/>
                      </array>
                    </array>
                    <array>
                      <string>fouls</string>
                      <array>
                        <number value="5"/>
                      </array>
                    </array>
                    <array>
                      <string>formation_place</string>
                      <array>
                        <number value="8"/>
                      </array>
                    </array>
                  </array>
                </array>
                <number value="3"/>
                <string>MC</string>
                <number value="16"/>
                <number value="0"/>
                <number value="0"/>
                <string>M(C)</string>
                <number value="31"/>
                <number value="185"/>
                <number value="83"/>
              </array>
              <array>
                <number value="3807"/>
                <string>Peter Crouch</string>
                <number value="7.13"/>
                <array>
                  <array>
                    <array>
                      <string>accurate_pass</string>
                      <array>
                        <number value="14"/>
                      </array>
                    </array>
                    <array>
                      <string>touches</string>
                      <array>
                        <number value="37"/>
                      </array>
                    </array>
                    <array>
                      <string>total_scoring_att</string>
                      <array>
                        <number value="1"/>
                      </array>
                    </array>
                    <array>
                      <string>aerial_won</string>
                      <array>
                        <number value="8"/>
                      </array>
                    </array>
                    <array>
                      <string>total_pass</string>
                      <array>
                        <number value="27"/>
                      </array>
                    </array>
                    <array>
                      <string>goals</string>
                      <array>
                        <number value="1"/>
                      </array>
                    </array>
                    <array>
                      <string>aerial_lost</string>
                      <array>
                        <number value="5"/>
                      </array>
                    </array>
                    <array>
                      <string>fouls</string>
                      <array>
                        <number value="1"/>
                      </array>
                    </array>
                    <array>
                      <string>formation_place</string>
                      <array>
                        <number value="9"/>
                      </array>
                    </array>
                  </array>
                </array>
                <number value="4"/>
                <string>FW</string>
                <number value="25"/>
                <number value="0"/>
                <number value="0"/>
                <string>FW</string>
                <number value="36"/>
                <number value="201"/>
                <number value="75"/>
              </array>
              <array>
                <number value="76304"/>
                <string>Xherdan Shaqiri</string>
                <number value="5.98"/>
                <array>
                  <array>
                    <array>
                      <string>accurate_pass</string>
                      <array>
                        <number value="5"/>
                      </array>
                    </array>
                    <array>
                      <string>touches</string>
                      <array>
                        <number value="24"/>
                      </array>
                    </array>
                    <array>
                      <string>won_contest</string>
                      <array>
                        <number value="1"/>
                      </array>
                    </array>
                    <array>
                      <string>total_scoring_att</string>
                      <array>
                        <number value="2"/>
                      </array>
                    </array>
                    <array>
                      <string>total_pass</string>
                      <array>
                        <number value="12"/>
                      </array>
                    </array>
                    <array>
                      <string>fouls</string>
                      <array>
                        <number value="1"/>
                      </array>
                    </array>
                    <array>
                      <string>formation_place</string>
                      <array>
                        <number value="10"/>
                      </array>
                    </array>
                  </array>
                </array>
                <number value="4"/>
                <string>AMC</string>
                <number value="22"/>
                <number value="1"/>
                <number value="61"/>
                <string>M(CLR)</string>
                <number value="26"/>
                <number value="169"/>
                <number value="72"/>
              </array>
              <array>
                <number value="12480"/>
                <string>Ibrahim Afellay</string>
                <number value="6.01"/>
                <array>
                  <array>
                    <array>
                      <string>accurate_pass</string>
                      <array>
                        <number value="17"/>
                      </array>
                    </array>
                    <array>
                      <string>touches</string>
                      <array>
                        <number value="24"/>
                      </array>
                    </array>
                    <array>
                      <string>total_pass</string>
                      <array>
                        <number value="17"/>
                      </array>
                    </array>
                    <array>
                      <string>aerial_lost</string>
                      <array>
                        <number value="1"/>
                      </array>
                    </array>
                    <array>
                      <string>fouls</string>
                      <array>
                        <number value="1"/>
                      </array>
                    </array>
                    <array>
                      <string>formation_place</string>
                      <array>
                        <number value="11"/>
                      </array>
                    </array>
                  </array>
                </array>
                <number value="4"/>
                <string>AMC</string>
                <number value="14"/>
                <number value="1"/>
                <number value="62"/>
                <string>M(CLR)</string>
                <number value="31"/>
                <number value="180"/>
                <number value="76"/>
              </array>
              <array>
                <number value="42705"/>
                <string>Wilfried Bony</string>
                <number value="0"/>
                <array>
                  <array>
                    <array>
                      <string>formation_place</string>
                      <array>
                        <number value="0"/>
                      </array>
                    </array>
                  </array>
                </array>
                <number value="5"/>
                <string>Sub</string>
                <number value="12"/>
                <number value="0"/>
                <number value="0"/>
                <string>FW</string>
                <number value="28"/>
                <number value="182"/>
                <number value="88"/>
              </array>
              <array>
                <number value="18181"/>
                <string>Phil Bardsley</string>
                <number value="0"/>
                <array>
                  <array>
                    <array>
                      <string>formation_place</string>
                      <array>
                        <number value="0"/>
                      </array>
                    </array>
                  </array>
                </array>
                <number value="5"/>
                <string>Sub</string>
                <number value="2"/>
                <number value="0"/>
                <number value="0"/>
                <string>D(LR)</string>
                <number value="32"/>
                <number value="180"/>
                <number value="74"/>
              </array>
              <array>
                <number value="1034"/>
                <string>Shay Given</string>
                <number value="0"/>
                <array>
                  <array>
                    <array>
                      <string>formation_place</string>
                      <array>
                        <number value="0"/>
                      </array>
                    </array>
                  </array>
                </array>
                <number value="5"/>
                <string>Sub</string>
                <number value="24"/>
                <number value="0"/>
                <number value="0"/>
                <string>GK</string>
                <number value="41"/>
                <number value="185"/>
                <number value="84"/>
              </array>
              <array>
                <number value="31402"/>
                <string>Bojan</string>
                <number value="6.06"/>
                <array>
                  <array>
                    <array>
                      <string>accurate_pass</string>
                      <array>
                        <number value="8"/>
                      </array>
                    </array>
                    <array>
                      <string>touches</string>
                      <array>
                        <number value="12"/>
                      </array>
                    </array>
                    <array>
                      <string>total_pass</string>
                      <array>
                        <number value="9"/>
                      </array>
                    </array>
                    <array>
                      <string>total_tackle</string>
                      <array>
                        <number value="1"/>
                      </array>
                    </array>
                    <array>
                      <string>formation_place</string>
                      <array>
                        <number value="0"/>
                      </array>
                    </array>
                  </array>
                </array>
                <number value="5"/>
                <string>Sub</string>
                <number value="27"/>
                <number value="2"/>
                <number value="61"/>
                <string>AM(CLR),FW</string>
                <number value="27"/>
                <number value="170"/>
                <number value="65"/>
              </array>
              <array>
                <number value="8505"/>
                <string>Glenn Whelan</string>
                <number value="0"/>
                <array>
                  <array>
                    <array>
                      <string>formation_place</string>
                      <array>
                        <number value="0"/>
                      </array>
                    </array>
                  </array>
                </array>
                <number value="5"/>
                <string>Sub</string>
                <number value="6"/>
                <number value="0"/>
                <number value="0"/>
                <string>DMC</string>
                <number value="33"/>
                <number value="180"/>
                <number value="79"/>
              </array>
              <array>
                <number value="81959"/>
                <string>Giannelli Imbula</string>
                <number value="5.8"/>
                <array>
                  <array>
                    <array>
                      <string>accurate_pass</string>
                      <array>
                        <number value="9"/>
                      </array>
                    </array>
                    <array>
                      <string>touches</string>
                      <array>
                        <number value="16"/>
                      </array>
                    </array>
                    <array>
                      <string>total_pass</string>
                      <array>
                        <number value="12"/>
                      </array>
                    </array>
                    <array>
                      <string>formation_place</string>
                      <array>
                        <number value="0"/>
                      </array>
                    </array>
                  </array>
                </array>
                <number value="5"/>
                <string>Sub</string>
                <number value="21"/>
                <number value="2"/>
                <number value="62"/>
                <string>DMC</string>
                <number value="25"/>
                <number value="186"/>
                <number value="78"/>
              </array>
              <array>
                <number value="260289"/>
                <string>Ramadan Sobhi</string>
                <number value="0"/>
                <array>
                  <array>
                    <array>
                      <string>formation_place</string>
                      <array>
                        <number value="0"/>
                      </array>
                    </array>
                  </array>
                </array>
                <number value="5"/>
                <string>Sub</string>
                <number value="32"/>
                <number value="0"/>
                <number value="0"/>
                <string>AM(L)</string>
                <number value="20"/>
                <number value="183"/>
                <number value="75"/>
              </array>
            </array>
            <array>
              <string>3421</string>
              <array>
                <array>
                  <number value="5"/>
                  <number value="1"/>
                </array>
                <array>
                  <number value="2"/>
                  <number value="5"/>
                </array>
                <array>
                  <number value="8"/>
                  <number value="5"/>
                </array>
                <array>
                  <number value="7"/>
                  <number value="3"/>
                </array>
                <array>
                  <number value="5"/>
                  <number value="3"/>
                </array>
                <array>
                  <number value="3"/>
                  <number value="3"/>
                </array>
                <array>
                  <number value="4"/>
                  <number value="5"/>
                </array>
                <array>
                  <number value="6"/>
                  <number value="5"/>
                </array>
                <array>
                  <number value="5"/>
                  <number value="9"/>
                </array>
                <array>
                  <number value="4"/>
                  <number value="7"/>
                </array>
                <array>
                  <number value="6"/>
                  <number value="7"/>
                </array>
              </array>
            </array>
          </array>
        </array>
      </array>
      <number value="0"/>
    </array>
  </var>
  <var name="liveTeamStatsInfoConfig">
    <object>
      <property name="view">
        <object>
          <property name="renderTo">
            <string>match-report-team-statistics</string>
          </property>
          <property name="width">
            <number value="250"/>
          </property>
          <property name="labelWidth">
            <number value="100"/>
          </property>
        </object>
      </property>
      <property name="model">
        <object>
          <property name="instanceType">
            <identifier name="LiveTeamStatsSummaryInfoModel"/>
          </property>
          <property name="labelGroups">
            <array>
              <object>
                <property name="start">
                  <number value="0"/>
                </property>
                <property name="end">
                  <number value="5"/>
                </property>
                <property name="clazz">
                  <string>no-top-margin</string>
                </property>
                <property name="labelWidth">
                  <number value="120"/>
                </property>
                <property name="statValueWidth">
                  <number value="60"/>
                </property>
                <property name="hideBars">
                  <boolean>true</boolean>
                </property>
              </object>
              <object>
                <property name="start">
                  <number value="6"/>
                </property>
                <property name="end">
                  <number value="6"/>
                </property>
                <property name="title">
                  <string>Possession</string>
                </property>
                <property name="labelWidth">
                  <number value="0"/>
                </property>
              </object>
            </array>
          </property>
          <property name="labels">
            <array>
              <object>
                <property name="type">
                  <string>value</string>
                </property>
                <property name="displayValue">
                  <string>Shots</string>
                </property>
              </object>
              <object>
                <property name="type">
                  <string>value</string>
                </property>
                <property name="displayValue">
                  <string>Shots on target</string>
                </property>
              </object>
              <object>
                <property name="type">
                  <string>percentage</string>
                </property>
                <property name="displayValue">
                  <string>Pass Success %</string>
                </property>
              </object>
              <object>
                <property name="type">
                  <string>percentage</string>
                </property>
                <property name="displayValue">
                  <string>Aerial Duel Success</string>
                </property>
              </object>
              <object>
                <property name="type">
                  <string>value</string>
                </property>
                <property name="displayValue">
                  <string>Dribbles won</string>
                </property>
              </object>
              <object>
                <property name="type">
                  <string>value</string>
                </property>
                <property name="displayValue">
                  <string>Tackles</string>
                </property>
              </object>
              <object>
                <property name="type">
                  <string>percentage</string>
                </property>
                <property name="displayValue">
                  <string></string>
                </property>
              </object>
            </array>
          </property>
        </object>
      </property>
    </object>
  </var>
  <var name="liveTeamStatsInfo">
    <new>
      <dotaccessor>
        <object>
          <dotaccessor>
            <object>
              <identifier name="WS"/>
            </object>
            <property>
              <identifier name="Stats"/>
            </property>
          </dotaccessor>
        </object>
        <property>
          <identifier name="Info"/>
        </property>
      </dotaccessor>
      <arguments>
        <identifier name="liveTeamStatsInfoConfig"/>
      </arguments>
    </new>
  </var>
  <functioncall>
    <function>
      <dotaccessor>
        <object>
          <identifier name="liveTeamStatsInfo"/>
        </object>
        <property>
          <identifier name="load"/>
        </property>
      </dotaccessor>
    </function>
    <arguments>
      <object>
        <property name="home">
          <bracketaccessor>
            <object>
              <bracketaccessor>
                <object>
                  <bracketaccessor>
                    <object>
                      <identifier name="matchStats"/>
                    </object>
                    <property>
                      <number value="0"/>
                    </property>
                  </bracketaccessor>
                </object>
                <property>
                  <number value="2"/>
                </property>
              </bracketaccessor>
            </object>
            <property>
              <number value="0"/>
            </property>
          </bracketaccessor>
        </property>
        <property name="away">
          <bracketaccessor>
            <object>
              <bracketaccessor>
                <object>
                  <bracketaccessor>
                    <object>
                      <identifier name="matchStats"/>
                    </object>
                    <property>
                      <number value="0"/>
                    </property>
                  </bracketaccessor>
                </object>
                <property>
                  <number value="2"/>
                </property>
              </bracketaccessor>
            </object>
            <property>
              <number value="1"/>
            </property>
          </bracketaccessor>
        </property>
      </object>
    </arguments>
  </functioncall>
  <functioncall>
    <function>
      <dotaccessor>
        <object>
          <functioncall>
            <function>
              <identifier name="$"/>
            </function>
            <arguments>
              <identifier name="document"/>
            </arguments>
          </functioncall>
        </object>
        <property>
          <identifier name="bind"/>
        </property>
      </dotaccessor>
    </function>
    <arguments>
      <binaryoperation operation="+">
        <left>
          <binaryoperation operation="+">
            <left>
              <string>match-live-player-stats-</string>
            </left>
            <right>
              <number value="1080700"/>
            </right>
          </binaryoperation>
        </left>
        <right>
          <string>-updated</string>
        </right>
      </binaryoperation>
      <funcexpr>
        <identifier/>
        <parameters>
          <identifier name="options"/>
          <identifier name="data"/>
        </parameters>
        <body>
          <functioncall>
            <function>
              <dotaccessor>
                <object>
                  <identifier name="liveTeamStatsInfo"/>
                </object>
                <property>
                  <identifier name="load"/>
                </property>
              </dotaccessor>
            </function>
            <arguments>
              <object>
                <property name="home">
                  <bracketaccessor>
                    <object>
                      <bracketaccessor>
                        <object>
                          <identifier name="data"/>
                        </object>
                        <property>
                          <number value="1"/>
                        </property>
                      </bracketaccessor>
                    </object>
                    <property>
                      <number value="0"/>
                    </property>
                  </bracketaccessor>
                </property>
                <property name="away">
                  <bracketaccessor>
                    <object>
                      <bracketaccessor>
                        <object>
                          <identifier name="data"/>
                        </object>
                        <property>
                          <number value="1"/>
                        </property>
                      </bracketaccessor>
                    </object>
                    <property>
                      <number value="1"/>
                    </property>
                  </bracketaccessor>
                </property>
              </object>
            </arguments>
          </functioncall>
        </body>
      </funcexpr>
    </arguments>
  </functioncall>
</program>
