<program>
  <var name="matchStats">
    <array>
      <array>
        <array>
          <number value="214"/>
          <number value="184"/>
          <string>Hull</string>
          <string>Burnley</string>
          <string>25/02/2017 15:00:00</string>
          <string>25/02/2017 00:00:00</string>
          <number value="6"/>
          <string>FT</string>
          <string>0 : 0</string>
          <string>1 : 1</string>
          <undefined/>
          <undefined/>
          <string>1 : 1</string>
          <string>England</string>
          <string>England</string>
        </array>
        <array>
          <array>
            <array>
              <number value="40"/>
              <array/>
              <array>
                <array>
                  <string>Ashley Westwood</string>
                  <undefined/>
                  <string>yellow</string>
                  <undefined/>
                  <undefined/>
                  <number value="40"/>
                  <number value="79050"/>
                  <number value="0"/>
                </array>
              </array>
              <number value="0"/>
              <number value="1"/>
            </array>
            <array>
              <number value="53"/>
              <array>
                <array>
                  <string>Tom Huddlestone</string>
                  <undefined/>
                  <string>yellow</string>
                  <undefined/>
                  <undefined/>
                  <number value="53"/>
                  <number value="8194"/>
                  <number value="0"/>
                </array>
              </array>
              <array/>
              <number value="1"/>
              <number value="0"/>
            </array>
            <array>
              <number value="67"/>
              <array>
                <array>
                  <string>Dieudonne Mbokani Bezua</string>
                  <string>Oumar Niasse</string>
                  <string>subst</string>
                  <undefined/>
                  <undefined/>
                  <number value="67"/>
                  <number value="22820"/>
                  <number value="111141"/>
                </array>
                <array>
                  <string>Shaun Maloney</string>
                  <string>David Meyler</string>
                  <string>subst</string>
                  <undefined/>
                  <undefined/>
                  <number value="67"/>
                  <number value="4616"/>
                  <number value="41589"/>
                </array>
              </array>
              <array/>
              <number value="1"/>
              <number value="0"/>
            </array>
            <array>
              <number value="71"/>
              <array/>
              <array>
                <array>
                  <string>Ashley Barnes</string>
                  <undefined/>
                  <string>yellow</string>
                  <undefined/>
                  <undefined/>
                  <number value="71"/>
                  <number value="33386"/>
                  <number value="0"/>
                </array>
              </array>
              <number value="0"/>
              <number value="1"/>
            </array>
            <array>
              <number value="72"/>
              <array>
                <array>
                  <string>Tom Huddlestone</string>
                  <undefined/>
                  <string>penalty-goal</string>
                  <string>(1-0)</string>
                  <string>Pen.</string>
                  <number value="72"/>
                  <number value="8194"/>
                  <number value="0"/>
                </array>
              </array>
              <array/>
              <number value="1"/>
              <number value="0"/>
            </array>
            <array>
              <number value="76"/>
              <array/>
              <array>
                <array>
                  <string>Michael Keane</string>
                  <string>Robbie Brady</string>
                  <string>goal</string>
                  <string>(1-1)</string>
                  <undefined/>
                  <number value="76"/>
                  <number value="107941"/>
                  <number value="93473"/>
                </array>
              </array>
              <number value="0"/>
              <number value="1"/>
            </array>
            <array>
              <number value="82"/>
              <array>
                <array>
                  <string>Omar Elabdellaoui</string>
                  <string>Abel Hernández</string>
                  <string>subst</string>
                  <undefined/>
                  <undefined/>
                  <number value="82"/>
                  <number value="94936"/>
                  <number value="32741"/>
                </array>
              </array>
              <array/>
              <number value="1"/>
              <number value="0"/>
            </array>
            <array>
              <number value="85"/>
              <array/>
              <array>
                <array>
                  <string>Andre Gray</string>
                  <string>Sam Vokes</string>
                  <string>subst</string>
                  <undefined/>
                  <undefined/>
                  <number value="85"/>
                  <number value="131487"/>
                  <number value="13938"/>
                </array>
                <array>
                  <string>Ashley Westwood</string>
                  <string>James Tarkowski</string>
                  <string>subst</string>
                  <undefined/>
                  <undefined/>
                  <number value="85"/>
                  <number value="79050"/>
                  <number value="131464"/>
                </array>
              </array>
              <number value="0"/>
              <number value="1"/>
            </array>
            <array>
              <number value="89"/>
              <array/>
              <array>
                <array>
                  <string>Robbie Brady</string>
                  <string>Scott Arfield</string>
                  <string>subst</string>
                  <undefined/>
                  <undefined/>
                  <number value="89"/>
                  <number value="93473"/>
                  <number value="21686"/>
                </array>
              </array>
              <number value="0"/>
              <number value="1"/>
            </array>
            <array>
              <number value="90"/>
              <array/>
              <array>
                <array>
                  <string>Ashley Barnes</string>
                  <undefined/>
                  <string>secondyellow</string>
                  <undefined/>
                  <undefined/>
                  <number value="90"/>
                  <number value="33386"/>
                  <number value="0"/>
                </array>
              </array>
              <number value="0"/>
              <number value="1"/>
            </array>
          </array>
        </array>
        <array>
          <array>
            <number value="214"/>
            <string>Hull</string>
            <number value="6.64428571428572"/>
            <array>
              <array>
                <array>
                  <string>blocked_scoring_att</string>
                  <array>
                    <number value="5"/>
                  </array>
                </array>
                <array>
                  <string>att_goal_low_left</string>
                  <array>
                    <number value="1"/>
                  </array>
                </array>
                <array>
                  <string>accurate_pass</string>
                  <array>
                    <number value="371"/>
                  </array>
                </array>
                <array>
                  <string>att_miss_left</string>
                  <array>
                    <number value="2"/>
                  </array>
                </array>
                <array>
                  <string>won_contest</string>
                  <array>
                    <number value="6"/>
                  </array>
                </array>
                <array>
                  <string>ontarget_scoring_att</string>
                  <array>
                    <number value="1"/>
                  </array>
                </array>
                <array>
                  <string>total_scoring_att</string>
                  <array>
                    <number value="15"/>
                  </array>
                </array>
                <array>
                  <string>att_pen_goal</string>
                  <array>
                    <number value="1"/>
                  </array>
                </array>
                <array>
                  <string>total_throws</string>
                  <array>
                    <number value="22"/>
                  </array>
                </array>
                <array>
                  <string>aerial_won</string>
                  <array>
                    <number value="28"/>
                  </array>
                </array>
                <array>
                  <string>total_pass</string>
                  <array>
                    <number value="477"/>
                  </array>
                </array>
                <array>
                  <string>goals</string>
                  <array>
                    <number value="1"/>
                  </array>
                </array>
                <array>
                  <string>att_miss_right</string>
                  <array>
                    <number value="3"/>
                  </array>
                </array>
                <array>
                  <string>total_tackle</string>
                  <array>
                    <number value="9"/>
                  </array>
                </array>
                <array>
                  <string>shot_off_target</string>
                  <array>
                    <number value="9"/>
                  </array>
                </array>
                <array>
                  <string>aerial_lost</string>
                  <array>
                    <number value="20"/>
                  </array>
                </array>
                <array>
                  <string>fk_foul_lost</string>
                  <array>
                    <number value="8"/>
                  </array>
                </array>
                <array>
                  <string>won_corners</string>
                  <array>
                    <number value="6"/>
                  </array>
                </array>
                <array>
                  <string>possession_percentage</string>
                  <array>
                    <number value="66.8"/>
                  </array>
                </array>
                <array>
                  <string>att_miss_high</string>
                  <array>
                    <number value="3"/>
                  </array>
                </array>
                <array>
                  <string>att_miss_high_right</string>
                  <array>
                    <number value="1"/>
                  </array>
                </array>
              </array>
            </array>
            <array>
              <array>
                <number value="18310"/>
                <string>Eldin Jakupovic</string>
                <number value="6.51"/>
                <array>
                  <array>
                    <array>
                      <string>accurate_pass</string>
                      <array>
                        <number value="18"/>
                      </array>
                    </array>
                    <array>
                      <string>touches</string>
                      <array>
                        <number value="45"/>
                      </array>
                    </array>
                    <array>
                      <string>saves</string>
                      <array>
                        <number value="2"/>
                      </array>
                    </array>
                    <array>
                      <string>total_pass</string>
                      <array>
                        <number value="32"/>
                      </array>
                    </array>
                    <array>
                      <string>good_high_claim</string>
                      <array>
                        <number value="2"/>
                      </array>
                    </array>
                    <array>
                      <string>formation_place</string>
                      <array>
                        <number value="1"/>
                      </array>
                    </array>
                  </array>
                </array>
                <number value="1"/>
                <string>GK</string>
                <number value="16"/>
                <number value="0"/>
                <number value="0"/>
                <string>GK</string>
                <number value="33"/>
                <number value="191"/>
                <number value="85"/>
              </array>
              <array>
                <number value="27421"/>
                <string>Andrea Ranocchia</string>
                <number value="7.47"/>
                <array>
                  <array>
                    <array>
                      <string>blocked_scoring_att</string>
                      <array>
                        <number value="1"/>
                      </array>
                    </array>
                    <array>
                      <string>six_yard_block</string>
                      <array>
                        <number value="1"/>
                      </array>
                    </array>
                    <array>
                      <string>accurate_pass</string>
                      <array>
                        <number value="40"/>
                      </array>
                    </array>
                    <array>
                      <string>touches</string>
                      <array>
                        <number value="75"/>
                      </array>
                    </array>
                    <array>
                      <string>total_scoring_att</string>
                      <array>
                        <number value="1"/>
                      </array>
                    </array>
                    <array>
                      <string>aerial_won</string>
                      <array>
                        <number value="6"/>
                      </array>
                    </array>
                    <array>
                      <string>total_pass</string>
                      <array>
                        <number value="53"/>
                      </array>
                    </array>
                    <array>
                      <string>total_tackle</string>
                      <array>
                        <number value="2"/>
                      </array>
                    </array>
                    <array>
                      <string>aerial_lost</string>
                      <array>
                        <number value="4"/>
                      </array>
                    </array>
                    <array>
                      <string>fouls</string>
                      <array>
                        <number value="2"/>
                      </array>
                    </array>
                    <array>
                      <string>formation_place</string>
                      <array>
                        <number value="5"/>
                      </array>
                    </array>
                  </array>
                </array>
                <number value="2"/>
                <string>DC</string>
                <number value="13"/>
                <number value="0"/>
                <number value="0"/>
                <string>D(C)</string>
                <number value="29"/>
                <number value="195"/>
                <number value="81"/>
              </array>
              <array>
                <number value="94936"/>
                <string>Omar Elabdellaoui</string>
                <number value="6.28"/>
                <array>
                  <array>
                    <array>
                      <string>accurate_pass</string>
                      <array>
                        <number value="30"/>
                      </array>
                    </array>
                    <array>
                      <string>touches</string>
                      <array>
                        <number value="53"/>
                      </array>
                    </array>
                    <array>
                      <string>aerial_won</string>
                      <array>
                        <number value="2"/>
                      </array>
                    </array>
                    <array>
                      <string>total_pass</string>
                      <array>
                        <number value="35"/>
                      </array>
                    </array>
                    <array>
                      <string>total_tackle</string>
                      <array>
                        <number value="1"/>
                      </array>
                    </array>
                    <array>
                      <string>aerial_lost</string>
                      <array>
                        <number value="2"/>
                      </array>
                    </array>
                    <array>
                      <string>formation_place</string>
                      <array>
                        <number value="2"/>
                      </array>
                    </array>
                  </array>
                </array>
                <number value="2"/>
                <string>DR</string>
                <number value="14"/>
                <number value="1"/>
                <number value="82"/>
                <string>D(R),M(R)</string>
                <number value="25"/>
                <number value="179"/>
                <number value="73"/>
              </array>
              <array>
                <number value="115726"/>
                <string>Andrew Robertson</string>
                <number value="6.64"/>
                <array>
                  <array>
                    <array>
                      <string>blocked_scoring_att</string>
                      <array>
                        <number value="1"/>
                      </array>
                    </array>
                    <array>
                      <string>accurate_pass</string>
                      <array>
                        <number value="46"/>
                      </array>
                    </array>
                    <array>
                      <string>touches</string>
                      <array>
                        <number value="75"/>
                      </array>
                    </array>
                    <array>
                      <string>total_scoring_att</string>
                      <array>
                        <number value="1"/>
                      </array>
                    </array>
                    <array>
                      <string>aerial_won</string>
                      <array>
                        <number value="2"/>
                      </array>
                    </array>
                    <array>
                      <string>total_pass</string>
                      <array>
                        <number value="53"/>
                      </array>
                    </array>
                    <array>
                      <string>aerial_lost</string>
                      <array>
                        <number value="1"/>
                      </array>
                    </array>
                    <array>
                      <string>formation_place</string>
                      <array>
                        <number value="3"/>
                      </array>
                    </array>
                  </array>
                </array>
                <number value="2"/>
                <string>DL</string>
                <number value="3"/>
                <number value="0"/>
                <number value="0"/>
                <string>D(L),M(L)</string>
                <number value="23"/>
                <number value="178"/>
                <number value="64"/>
              </array>
              <array>
                <number value="99487"/>
                <string>Harry Maguire</string>
                <number value="7.72"/>
                <array>
                  <array>
                    <array>
                      <string>blocked_scoring_att</string>
                      <array>
                        <number value="1"/>
                      </array>
                    </array>
                    <array>
                      <string>accurate_pass</string>
                      <array>
                        <number value="53"/>
                      </array>
                    </array>
                    <array>
                      <string>touches</string>
                      <array>
                        <number value="97"/>
                      </array>
                    </array>
                    <array>
                      <string>won_contest</string>
                      <array>
                        <number value="2"/>
                      </array>
                    </array>
                    <array>
                      <string>total_scoring_att</string>
                      <array>
                        <number value="1"/>
                      </array>
                    </array>
                    <array>
                      <string>aerial_won</string>
                      <array>
                        <number value="3"/>
                      </array>
                    </array>
                    <array>
                      <string>total_pass</string>
                      <array>
                        <number value="68"/>
                      </array>
                    </array>
                    <array>
                      <string>total_tackle</string>
                      <array>
                        <number value="1"/>
                      </array>
                    </array>
                    <array>
                      <string>formation_place</string>
                      <array>
                        <number value="6"/>
                      </array>
                    </array>
                    <array>
                      <string>man_of_the_match</string>
                      <array>
                        <number value="1"/>
                      </array>
                    </array>
                  </array>
                </array>
                <number value="2"/>
                <string>DC</string>
                <number value="5"/>
                <number value="0"/>
                <number value="0"/>
                <string>D(C)</string>
                <number value="24"/>
                <number value="194"/>
                <number value="100"/>
              </array>
              <array>
                <number value="4616"/>
                <string>Shaun Maloney</string>
                <number value="6.66"/>
                <array>
                  <array>
                    <array>
                      <string>accurate_pass</string>
                      <array>
                        <number value="21"/>
                      </array>
                    </array>
                    <array>
                      <string>touches</string>
                      <array>
                        <number value="36"/>
                      </array>
                    </array>
                    <array>
                      <string>won_contest</string>
                      <array>
                        <number value="2"/>
                      </array>
                    </array>
                    <array>
                      <string>total_pass</string>
                      <array>
                        <number value="27"/>
                      </array>
                    </array>
                    <array>
                      <string>total_tackle</string>
                      <array>
                        <number value="1"/>
                      </array>
                    </array>
                    <array>
                      <string>formation_place</string>
                      <array>
                        <number value="10"/>
                      </array>
                    </array>
                  </array>
                </array>
                <number value="3"/>
                <string>AMC</string>
                <number value="15"/>
                <number value="1"/>
                <number value="67"/>
                <string>AM(CLR)</string>
                <number value="34"/>
                <number value="170"/>
                <number value="69"/>
              </array>
              <array>
                <number value="34123"/>
                <string>Alfred N'Diaye</string>
                <number value="6.54"/>
                <array>
                  <array>
                    <array>
                      <string>accurate_pass</string>
                      <array>
                        <number value="38"/>
                      </array>
                    </array>
                    <array>
                      <string>touches</string>
                      <array>
                        <number value="54"/>
                      </array>
                    </array>
                    <array>
                      <string>won_contest</string>
                      <array>
                        <number value="1"/>
                      </array>
                    </array>
                    <array>
                      <string>aerial_won</string>
                      <array>
                        <number value="1"/>
                      </array>
                    </array>
                    <array>
                      <string>total_pass</string>
                      <array>
                        <number value="45"/>
                      </array>
                    </array>
                    <array>
                      <string>total_tackle</string>
                      <array>
                        <number value="1"/>
                      </array>
                    </array>
                    <array>
                      <string>aerial_lost</string>
                      <array>
                        <number value="1"/>
                      </array>
                    </array>
                    <array>
                      <string>fouls</string>
                      <array>
                        <number value="3"/>
                      </array>
                    </array>
                    <array>
                      <string>formation_place</string>
                      <array>
                        <number value="8"/>
                      </array>
                    </array>
                  </array>
                </array>
                <number value="3"/>
                <string>DMC</string>
                <number value="10"/>
                <number value="0"/>
                <number value="0"/>
                <string>D(C),M(C)</string>
                <number value="27"/>
                <number value="187"/>
                <number value="82"/>
              </array>
              <array>
                <number value="30524"/>
                <string>Kamil Grosicki</string>
                <number value="6.64"/>
                <array>
                  <array>
                    <array>
                      <string>blocked_scoring_att</string>
                      <array>
                        <number value="2"/>
                      </array>
                    </array>
                    <array>
                      <string>accurate_pass</string>
                      <array>
                        <number value="14"/>
                      </array>
                    </array>
                    <array>
                      <string>touches</string>
                      <array>
                        <number value="42"/>
                      </array>
                    </array>
                    <array>
                      <string>won_contest</string>
                      <array>
                        <number value="1"/>
                      </array>
                    </array>
                    <array>
                      <string>total_scoring_att</string>
                      <array>
                        <number value="5"/>
                      </array>
                    </array>
                    <array>
                      <string>total_pass</string>
                      <array>
                        <number value="18"/>
                      </array>
                    </array>
                    <array>
                      <string>total_tackle</string>
                      <array>
                        <number value="1"/>
                      </array>
                    </array>
                    <array>
                      <string>aerial_lost</string>
                      <array>
                        <number value="2"/>
                      </array>
                    </array>
                    <array>
                      <string>formation_place</string>
                      <array>
                        <number value="11"/>
                      </array>
                    </array>
                  </array>
                </array>
                <number value="3"/>
                <string>AML</string>
                <number value="17"/>
                <number value="0"/>
                <number value="0"/>
                <string>AM(LR)</string>
                <number value="29"/>
                <number value="180"/>
                <number value="78"/>
              </array>
              <array>
                <number value="34876"/>
                <string>Ahmed El Mohamady</string>
                <number value="6.54"/>
                <array>
                  <array>
                    <array>
                      <string>accurate_pass</string>
                      <array>
                        <number value="36"/>
                      </array>
                    </array>
                    <array>
                      <string>touches</string>
                      <array>
                        <number value="60"/>
                      </array>
                    </array>
                    <array>
                      <string>total_scoring_att</string>
                      <array>
                        <number value="2"/>
                      </array>
                    </array>
                    <array>
                      <string>aerial_won</string>
                      <array>
                        <number value="2"/>
                      </array>
                    </array>
                    <array>
                      <string>total_pass</string>
                      <array>
                        <number value="45"/>
                      </array>
                    </array>
                    <array>
                      <string>aerial_lost</string>
                      <array>
                        <number value="1"/>
                      </array>
                    </array>
                    <array>
                      <string>fouls</string>
                      <array>
                        <number value="1"/>
                      </array>
                    </array>
                    <array>
                      <string>formation_place</string>
                      <array>
                        <number value="7"/>
                      </array>
                    </array>
                  </array>
                </array>
                <number value="3"/>
                <string>AMR</string>
                <number value="27"/>
                <number value="0"/>
                <number value="0"/>
                <string>D(R),M(R)</string>
                <number value="30"/>
                <number value="182"/>
                <number value="75"/>
              </array>
              <array>
                <number value="8194"/>
                <string>Tom Huddlestone</string>
                <number value="7.56"/>
                <array>
                  <array>
                    <array>
                      <string>accurate_pass</string>
                      <array>
                        <number value="58"/>
                      </array>
                    </array>
                    <array>
                      <string>touches</string>
                      <array>
                        <number value="88"/>
                      </array>
                    </array>
                    <array>
                      <string>yellow_card</string>
                      <array>
                        <number value="1"/>
                      </array>
                    </array>
                    <array>
                      <string>total_scoring_att</string>
                      <array>
                        <number value="1"/>
                      </array>
                    </array>
                    <array>
                      <string>att_pen_goal</string>
                      <array>
                        <number value="1"/>
                      </array>
                    </array>
                    <array>
                      <string>aerial_won</string>
                      <array>
                        <number value="5"/>
                      </array>
                    </array>
                    <array>
                      <string>total_pass</string>
                      <array>
                        <number value="73"/>
                      </array>
                    </array>
                    <array>
                      <string>goals</string>
                      <array>
                        <number value="1"/>
                      </array>
                    </array>
                    <array>
                      <string>total_tackle</string>
                      <array>
                        <number value="2"/>
                      </array>
                    </array>
                    <array>
                      <string>fouls</string>
                      <array>
                        <number value="1"/>
                      </array>
                    </array>
                    <array>
                      <string>formation_place</string>
                      <array>
                        <number value="4"/>
                      </array>
                    </array>
                  </array>
                </array>
                <number value="3"/>
                <string>DMC</string>
                <number value="8"/>
                <number value="0"/>
                <number value="0"/>
                <string>DMC</string>
                <number value="30"/>
                <number value="188"/>
                <number value="80"/>
              </array>
              <array>
                <number value="22820"/>
                <string>Dieudonne Mbokani Bezua</string>
                <number value="6.53"/>
                <array>
                  <array>
                    <array>
                      <string>accurate_pass</string>
                      <array>
                        <number value="9"/>
                      </array>
                    </array>
                    <array>
                      <string>touches</string>
                      <array>
                        <number value="22"/>
                      </array>
                    </array>
                    <array>
                      <string>total_scoring_att</string>
                      <array>
                        <number value="2"/>
                      </array>
                    </array>
                    <array>
                      <string>aerial_won</string>
                      <array>
                        <number value="7"/>
                      </array>
                    </array>
                    <array>
                      <string>total_pass</string>
                      <array>
                        <number value="15"/>
                      </array>
                    </array>
                    <array>
                      <string>aerial_lost</string>
                      <array>
                        <number value="5"/>
                      </array>
                    </array>
                    <array>
                      <string>formation_place</string>
                      <array>
                        <number value="9"/>
                      </array>
                    </array>
                  </array>
                </array>
                <number value="4"/>
                <string>FW</string>
                <number value="18"/>
                <number value="1"/>
                <number value="67"/>
                <string>FW</string>
                <number value="32"/>
                <number value="185"/>
                <number value="80"/>
              </array>
              <array>
                <number value="111141"/>
                <string>Oumar Niasse</string>
                <number value="5.85"/>
                <array>
                  <array>
                    <array>
                      <string>accurate_pass</string>
                      <array>
                        <number value="1"/>
                      </array>
                    </array>
                    <array>
                      <string>touches</string>
                      <array>
                        <number value="6"/>
                      </array>
                    </array>
                    <array>
                      <string>total_pass</string>
                      <array>
                        <number value="3"/>
                      </array>
                    </array>
                    <array>
                      <string>aerial_lost</string>
                      <array>
                        <number value="2"/>
                      </array>
                    </array>
                    <array>
                      <string>fouls</string>
                      <array>
                        <number value="1"/>
                      </array>
                    </array>
                    <array>
                      <string>formation_place</string>
                      <array>
                        <number value="0"/>
                      </array>
                    </array>
                  </array>
                </array>
                <number value="5"/>
                <string>Sub</string>
                <number value="24"/>
                <number value="2"/>
                <number value="67"/>
                <string>FW</string>
                <number value="27"/>
                <number value="182"/>
                <number value="75"/>
              </array>
              <array>
                <number value="9002"/>
                <string>David Marshall</string>
                <number value="0"/>
                <array>
                  <array>
                    <array>
                      <string>formation_place</string>
                      <array>
                        <number value="0"/>
                      </array>
                    </array>
                  </array>
                </array>
                <number value="5"/>
                <string>Sub</string>
                <number value="23"/>
                <number value="0"/>
                <number value="0"/>
                <string>GK</string>
                <number value="32"/>
                <number value="190"/>
                <number value="83"/>
              </array>
              <array>
                <number value="322596"/>
                <string>Jarrod Bowen</string>
                <number value="0"/>
                <array>
                  <array>
                    <array>
                      <string>formation_place</string>
                      <array>
                        <number value="0"/>
                      </array>
                    </array>
                  </array>
                </array>
                <number value="5"/>
                <string>Sub</string>
                <number value="29"/>
                <number value="0"/>
                <number value="0"/>
                <string>AM(R)</string>
                <number value="20"/>
                <number value="175"/>
              </array>
              <array>
                <number value="243562"/>
                <string>Adama Diomande</string>
                <number value="0"/>
                <array>
                  <array>
                    <array>
                      <string>formation_place</string>
                      <array>
                        <number value="0"/>
                      </array>
                    </array>
                  </array>
                </array>
                <number value="5"/>
                <string>Sub</string>
                <number value="20"/>
                <number value="0"/>
                <number value="0"/>
                <string>AM(L),FW</string>
                <number value="27"/>
                <number value="180"/>
                <number value="75"/>
              </array>
              <array>
                <number value="32741"/>
                <string>Abel Hernández</string>
                <number value="6.07"/>
                <array>
                  <array>
                    <array>
                      <string>touches</string>
                      <array>
                        <number value="2"/>
                      </array>
                    </array>
                    <array>
                      <string>total_scoring_att</string>
                      <array>
                        <number value="2"/>
                      </array>
                    </array>
                    <array>
                      <string>aerial_lost</string>
                      <array>
                        <number value="1"/>
                      </array>
                    </array>
                    <array>
                      <string>formation_place</string>
                      <array>
                        <number value="0"/>
                      </array>
                    </array>
                  </array>
                </array>
                <number value="5"/>
                <string>Sub</string>
                <number value="9"/>
                <number value="2"/>
                <number value="82"/>
                <string>FW</string>
                <number value="27"/>
                <number value="185"/>
                <number value="70"/>
              </array>
              <array>
                <number value="303743"/>
                <string>Josh Tymon</string>
                <number value="0"/>
                <array>
                  <array>
                    <array>
                      <string>formation_place</string>
                      <array>
                        <number value="0"/>
                      </array>
                    </array>
                  </array>
                </array>
                <number value="5"/>
                <string>Sub</string>
                <number value="28"/>
                <number value="0"/>
                <number value="0"/>
                <string>Defender</string>
                <number value="18"/>
                <number value="178"/>
                <number value="74"/>
              </array>
              <array>
                <number value="41589"/>
                <string>David Meyler</string>
                <number value="6.01"/>
                <array>
                  <array>
                    <array>
                      <string>accurate_pass</string>
                      <array>
                        <number value="7"/>
                      </array>
                    </array>
                    <array>
                      <string>touches</string>
                      <array>
                        <number value="12"/>
                      </array>
                    </array>
                    <array>
                      <string>total_pass</string>
                      <array>
                        <number value="10"/>
                      </array>
                    </array>
                    <array>
                      <string>aerial_lost</string>
                      <array>
                        <number value="1"/>
                      </array>
                    </array>
                    <array>
                      <string>formation_place</string>
                      <array>
                        <number value="0"/>
                      </array>
                    </array>
                  </array>
                </array>
                <number value="5"/>
                <string>Sub</string>
                <number value="7"/>
                <number value="2"/>
                <number value="67"/>
                <string>D(R),DMC,M(LR)</string>
                <number value="28"/>
                <number value="189"/>
                <number value="81"/>
              </array>
            </array>
            <array>
              <string>4231</string>
              <array>
                <array>
                  <number value="5"/>
                  <number value="1"/>
                </array>
                <array>
                  <number value="8"/>
                  <number value="3"/>
                </array>
                <array>
                  <number value="2"/>
                  <number value="3"/>
                </array>
                <array>
                  <number value="4"/>
                  <number value="5"/>
                </array>
                <array>
                  <number value="6"/>
                  <number value="3"/>
                </array>
                <array>
                  <number value="4"/>
                  <number value="3"/>
                </array>
                <array>
                  <number value="7"/>
                  <number value="7"/>
                </array>
                <array>
                  <number value="6"/>
                  <number value="5"/>
                </array>
                <array>
                  <number value="5"/>
                  <number value="9"/>
                </array>
                <array>
                  <number value="5"/>
                  <number value="7"/>
                </array>
                <array>
                  <number value="3"/>
                  <number value="7"/>
                </array>
              </array>
            </array>
          </array>
          <array>
            <number value="184"/>
            <string>Burnley</string>
            <number value="6.405"/>
            <array>
              <array>
                <array>
                  <string>blocked_scoring_att</string>
                  <array>
                    <number value="4"/>
                  </array>
                </array>
                <array>
                  <string>accurate_pass</string>
                  <array>
                    <number value="136"/>
                  </array>
                </array>
                <array>
                  <string>att_miss_left</string>
                  <array>
                    <number value="2"/>
                  </array>
                </array>
                <array>
                  <string>won_contest</string>
                  <array>
                    <number value="5"/>
                  </array>
                </array>
                <array>
                  <string>ontarget_scoring_att</string>
                  <array>
                    <number value="3"/>
                  </array>
                </array>
                <array>
                  <string>total_scoring_att</string>
                  <array>
                    <number value="11"/>
                  </array>
                </array>
                <array>
                  <string>att_goal_low_centre</string>
                  <array>
                    <number value="1"/>
                  </array>
                </array>
                <array>
                  <string>total_throws</string>
                  <array>
                    <number value="20"/>
                  </array>
                </array>
                <array>
                  <string>aerial_won</string>
                  <array>
                    <number value="20"/>
                  </array>
                </array>
                <array>
                  <string>total_pass</string>
                  <array>
                    <number value="240"/>
                  </array>
                </array>
                <array>
                  <string>att_miss_high_left</string>
                  <array>
                    <number value="1"/>
                  </array>
                </array>
                <array>
                  <string>goals</string>
                  <array>
                    <number value="1"/>
                  </array>
                </array>
                <array>
                  <string>att_miss_right</string>
                  <array>
                    <number value="1"/>
                  </array>
                </array>
                <array>
                  <string>total_tackle</string>
                  <array>
                    <number value="9"/>
                  </array>
                </array>
                <array>
                  <string>total_offside</string>
                  <array>
                    <number value="6"/>
                  </array>
                </array>
                <array>
                  <string>att_sv_high_left</string>
                  <array>
                    <number value="1"/>
                  </array>
                </array>
                <array>
                  <string>shot_off_target</string>
                  <array>
                    <number value="4"/>
                  </array>
                </array>
                <array>
                  <string>aerial_lost</string>
                  <array>
                    <number value="28"/>
                  </array>
                </array>
                <array>
                  <string>att_sv_low_right</string>
                  <array>
                    <number value="1"/>
                  </array>
                </array>
                <array>
                  <string>fk_foul_lost</string>
                  <array>
                    <number value="13"/>
                  </array>
                </array>
                <array>
                  <string>won_corners</string>
                  <array>
                    <number value="3"/>
                  </array>
                </array>
                <array>
                  <string>possession_percentage</string>
                  <array>
                    <number value="33.2"/>
                  </array>
                </array>
              </array>
            </array>
            <array>
              <array>
                <number value="17708"/>
                <string>Tom Heaton</string>
                <number value="6.14"/>
                <array>
                  <array>
                    <array>
                      <string>accurate_pass</string>
                      <array>
                        <number value="8"/>
                      </array>
                    </array>
                    <array>
                      <string>touches</string>
                      <array>
                        <number value="38"/>
                      </array>
                    </array>
                    <array>
                      <string>aerial_won</string>
                      <array>
                        <number value="1"/>
                      </array>
                    </array>
                    <array>
                      <string>total_pass</string>
                      <array>
                        <number value="29"/>
                      </array>
                    </array>
                    <array>
                      <string>good_high_claim</string>
                      <array>
                        <number value="2"/>
                      </array>
                    </array>
                    <array>
                      <string>formation_place</string>
                      <array>
                        <number value="1"/>
                      </array>
                    </array>
                  </array>
                </array>
                <number value="1"/>
                <string>GK</string>
                <number value="1"/>
                <number value="0"/>
                <number value="0"/>
                <string>GK</string>
                <number value="31"/>
                <number value="188"/>
                <number value="85"/>
              </array>
              <array>
                <number value="107941"/>
                <string>Michael Keane</string>
                <number value="6.42"/>
                <array>
                  <array>
                    <array>
                      <string>accurate_pass</string>
                      <array>
                        <number value="14"/>
                      </array>
                    </array>
                    <array>
                      <string>penalty_conceded</string>
                      <array>
                        <number value="1"/>
                      </array>
                    </array>
                    <array>
                      <string>touches</string>
                      <array>
                        <number value="32"/>
                      </array>
                    </array>
                    <array>
                      <string>total_scoring_att</string>
                      <array>
                        <number value="1"/>
                      </array>
                    </array>
                    <array>
                      <string>total_pass</string>
                      <array>
                        <number value="22"/>
                      </array>
                    </array>
                    <array>
                      <string>goals</string>
                      <array>
                        <number value="1"/>
                      </array>
                    </array>
                    <array>
                      <string>aerial_lost</string>
                      <array>
                        <number value="3"/>
                      </array>
                    </array>
                    <array>
                      <string>fouls</string>
                      <array>
                        <number value="1"/>
                      </array>
                    </array>
                    <array>
                      <string>formation_place</string>
                      <array>
                        <number value="5"/>
                      </array>
                    </array>
                  </array>
                </array>
                <number value="2"/>
                <string>DC</string>
                <number value="5"/>
                <number value="0"/>
                <number value="0"/>
                <string>D(CR)</string>
                <number value="24"/>
                <number value="191"/>
                <number value="82"/>
              </array>
              <array>
                <number value="80067"/>
                <string>Matthew Lowton</string>
                <number value="7.37"/>
                <array>
                  <array>
                    <array>
                      <string>accurate_pass</string>
                      <array>
                        <number value="9"/>
                      </array>
                    </array>
                    <array>
                      <string>touches</string>
                      <array>
                        <number value="46"/>
                      </array>
                    </array>
                    <array>
                      <string>won_contest</string>
                      <array>
                        <number value="1"/>
                      </array>
                    </array>
                    <array>
                      <string>aerial_won</string>
                      <array>
                        <number value="4"/>
                      </array>
                    </array>
                    <array>
                      <string>total_pass</string>
                      <array>
                        <number value="16"/>
                      </array>
                    </array>
                    <array>
                      <string>total_tackle</string>
                      <array>
                        <number value="1"/>
                      </array>
                    </array>
                    <array>
                      <string>aerial_lost</string>
                      <array>
                        <number value="2"/>
                      </array>
                    </array>
                    <array>
                      <string>fouls</string>
                      <array>
                        <number value="1"/>
                      </array>
                    </array>
                    <array>
                      <string>formation_place</string>
                      <array>
                        <number value="2"/>
                      </array>
                    </array>
                  </array>
                </array>
                <number value="2"/>
                <string>DR</string>
                <number value="2"/>
                <number value="0"/>
                <number value="0"/>
                <string>D(LR),M(R)</string>
                <number value="28"/>
                <number value="180"/>
                <number value="78"/>
              </array>
              <array>
                <number value="15764"/>
                <string>Stephen Ward</string>
                <number value="6.28"/>
                <array>
                  <array>
                    <array>
                      <string>accurate_pass</string>
                      <array>
                        <number value="15"/>
                      </array>
                    </array>
                    <array>
                      <string>touches</string>
                      <array>
                        <number value="51"/>
                      </array>
                    </array>
                    <array>
                      <string>aerial_won</string>
                      <array>
                        <number value="2"/>
                      </array>
                    </array>
                    <array>
                      <string>total_pass</string>
                      <array>
                        <number value="33"/>
                      </array>
                    </array>
                    <array>
                      <string>total_tackle</string>
                      <array>
                        <number value="1"/>
                      </array>
                    </array>
                    <array>
                      <string>aerial_lost</string>
                      <array>
                        <number value="4"/>
                      </array>
                    </array>
                    <array>
                      <string>fouls</string>
                      <array>
                        <number value="1"/>
                      </array>
                    </array>
                    <array>
                      <string>formation_place</string>
                      <array>
                        <number value="3"/>
                      </array>
                    </array>
                  </array>
                </array>
                <number value="2"/>
                <string>DL</string>
                <number value="23"/>
                <number value="0"/>
                <number value="0"/>
                <string>D(L)</string>
                <number value="32"/>
                <number value="184"/>
                <number value="82"/>
              </array>
              <array>
                <number value="94935"/>
                <string>Ben Mee</string>
                <number value="7"/>
                <array>
                  <array>
                    <array>
                      <string>accurate_pass</string>
                      <array>
                        <number value="15"/>
                      </array>
                    </array>
                    <array>
                      <string>touches</string>
                      <array>
                        <number value="33"/>
                      </array>
                    </array>
                    <array>
                      <string>total_scoring_att</string>
                      <array>
                        <number value="1"/>
                      </array>
                    </array>
                    <array>
                      <string>aerial_won</string>
                      <array>
                        <number value="5"/>
                      </array>
                    </array>
                    <array>
                      <string>total_pass</string>
                      <array>
                        <number value="22"/>
                      </array>
                    </array>
                    <array>
                      <string>aerial_lost</string>
                      <array>
                        <number value="3"/>
                      </array>
                    </array>
                    <array>
                      <string>formation_place</string>
                      <array>
                        <number value="6"/>
                      </array>
                    </array>
                  </array>
                </array>
                <number value="2"/>
                <string>DC</string>
                <number value="6"/>
                <number value="0"/>
                <number value="0"/>
                <string>D(CL)</string>
                <number value="28"/>
                <number value="180"/>
                <number value="74"/>
              </array>
              <array>
                <number value="93473"/>
                <string>Robbie Brady</string>
                <number value="7.23"/>
                <array>
                  <array>
                    <array>
                      <string>blocked_scoring_att</string>
                      <array>
                        <number value="1"/>
                      </array>
                    </array>
                    <array>
                      <string>accurate_pass</string>
                      <array>
                        <number value="12"/>
                      </array>
                    </array>
                    <array>
                      <string>touches</string>
                      <array>
                        <number value="47"/>
                      </array>
                    </array>
                    <array>
                      <string>won_contest</string>
                      <array>
                        <number value="1"/>
                      </array>
                    </array>
                    <array>
                      <string>total_scoring_att</string>
                      <array>
                        <number value="2"/>
                      </array>
                    </array>
                    <array>
                      <string>goal_assist</string>
                      <array>
                        <number value="1"/>
                      </array>
                    </array>
                    <array>
                      <string>total_pass</string>
                      <array>
                        <number value="23"/>
                      </array>
                    </array>
                    <array>
                      <string>total_tackle</string>
                      <array>
                        <number value="2"/>
                      </array>
                    </array>
                    <array>
                      <string>aerial_lost</string>
                      <array>
                        <number value="1"/>
                      </array>
                    </array>
                    <array>
                      <string>formation_place</string>
                      <array>
                        <number value="11"/>
                      </array>
                    </array>
                  </array>
                </array>
                <number value="3"/>
                <string>ML</string>
                <number value="12"/>
                <number value="1"/>
                <number value="89"/>
                <string>D(L),M(CLR)</string>
                <number value="25"/>
                <number value="176"/>
                <number value="71"/>
              </array>
              <array>
                <number value="79050"/>
                <string>Ashley Westwood</string>
                <number value="6.83"/>
                <array>
                  <array>
                    <array>
                      <string>accurate_pass</string>
                      <array>
                        <number value="20"/>
                      </array>
                    </array>
                    <array>
                      <string>touches</string>
                      <array>
                        <number value="37"/>
                      </array>
                    </array>
                    <array>
                      <string>yellow_card</string>
                      <array>
                        <number value="1"/>
                      </array>
                    </array>
                    <array>
                      <string>total_pass</string>
                      <array>
                        <number value="25"/>
                      </array>
                    </array>
                    <array>
                      <string>total_tackle</string>
                      <array>
                        <number value="3"/>
                      </array>
                    </array>
                    <array>
                      <string>fouls</string>
                      <array>
                        <number value="2"/>
                      </array>
                    </array>
                    <array>
                      <string>formation_place</string>
                      <array>
                        <number value="4"/>
                      </array>
                    </array>
                  </array>
                </array>
                <number value="3"/>
                <string>MC</string>
                <number value="18"/>
                <number value="1"/>
                <number value="85"/>
                <string>DMC</string>
                <number value="27"/>
                <number value="175"/>
                <number value="80"/>
              </array>
              <array>
                <number value="4835"/>
                <string>Joey Barton</string>
                <number value="6.45"/>
                <array>
                  <array>
                    <array>
                      <string>blocked_scoring_att</string>
                      <array>
                        <number value="1"/>
                      </array>
                    </array>
                    <array>
                      <string>accurate_pass</string>
                      <array>
                        <number value="19"/>
                      </array>
                    </array>
                    <array>
                      <string>touches</string>
                      <array>
                        <number value="34"/>
                      </array>
                    </array>
                    <array>
                      <string>total_scoring_att</string>
                      <array>
                        <number value="1"/>
                      </array>
                    </array>
                    <array>
                      <string>aerial_won</string>
                      <array>
                        <number value="1"/>
                      </array>
                    </array>
                    <array>
                      <string>total_pass</string>
                      <array>
                        <number value="24"/>
                      </array>
                    </array>
                    <array>
                      <string>total_tackle</string>
                      <array>
                        <number value="2"/>
                      </array>
                    </array>
                    <array>
                      <string>aerial_lost</string>
                      <array>
                        <number value="3"/>
                      </array>
                    </array>
                    <array>
                      <string>formation_place</string>
                      <array>
                        <number value="8"/>
                      </array>
                    </array>
                  </array>
                </array>
                <number value="3"/>
                <string>MC</string>
                <number value="19"/>
                <number value="0"/>
                <number value="0"/>
                <string>M(C)</string>
                <number value="35"/>
                <number value="172"/>
                <number value="70"/>
              </array>
              <array>
                <number value="13056"/>
                <string>George Boyd</string>
                <number value="6.35"/>
                <array>
                  <array>
                    <array>
                      <string>blocked_scoring_att</string>
                      <array>
                        <number value="1"/>
                      </array>
                    </array>
                    <array>
                      <string>accurate_pass</string>
                      <array>
                        <number value="7"/>
                      </array>
                    </array>
                    <array>
                      <string>touches</string>
                      <array>
                        <number value="24"/>
                      </array>
                    </array>
                    <array>
                      <string>won_contest</string>
                      <array>
                        <number value="1"/>
                      </array>
                    </array>
                    <array>
                      <string>total_scoring_att</string>
                      <array>
                        <number value="2"/>
                      </array>
                    </array>
                    <array>
                      <string>total_pass</string>
                      <array>
                        <number value="10"/>
                      </array>
                    </array>
                    <array>
                      <string>fouls</string>
                      <array>
                        <number value="2"/>
                      </array>
                    </array>
                    <array>
                      <string>formation_place</string>
                      <array>
                        <number value="7"/>
                      </array>
                    </array>
                  </array>
                </array>
                <number value="3"/>
                <string>MR</string>
                <number value="21"/>
                <number value="0"/>
                <number value="0"/>
                <string>M(LR)</string>
                <number value="32"/>
                <number value="186"/>
                <number value="79"/>
              </array>
              <array>
                <number value="131487"/>
                <string>Andre Gray</string>
                <number value="6.11"/>
                <array>
                  <array>
                    <array>
                      <string>blocked_scoring_att</string>
                      <array>
                        <number value="1"/>
                      </array>
                    </array>
                    <array>
                      <string>accurate_pass</string>
                      <array>
                        <number value="10"/>
                      </array>
                    </array>
                    <array>
                      <string>touches</string>
                      <array>
                        <number value="23"/>
                      </array>
                    </array>
                    <array>
                      <string>won_contest</string>
                      <array>
                        <number value="1"/>
                      </array>
                    </array>
                    <array>
                      <string>total_scoring_att</string>
                      <array>
                        <number value="2"/>
                      </array>
                    </array>
                    <array>
                      <string>total_pass</string>
                      <array>
                        <number value="14"/>
                      </array>
                    </array>
                    <array>
                      <string>aerial_lost</string>
                      <array>
                        <number value="3"/>
                      </array>
                    </array>
                    <array>
                      <string>formation_place</string>
                      <array>
                        <number value="9"/>
                      </array>
                    </array>
                  </array>
                </array>
                <number value="4"/>
                <string>FW</string>
                <number value="7"/>
                <number value="1"/>
                <number value="85"/>
                <string>FW</string>
                <number value="26"/>
                <number value="178"/>
                <number value="83"/>
              </array>
              <array>
                <number value="33386"/>
                <string>Ashley Barnes</string>
                <number value="5.4"/>
                <array>
                  <array>
                    <array>
                      <string>accurate_pass</string>
                      <array>
                        <number value="6"/>
                      </array>
                    </array>
                    <array>
                      <string>touches</string>
                      <array>
                        <number value="35"/>
                      </array>
                    </array>
                    <array>
                      <string>won_contest</string>
                      <array>
                        <number value="1"/>
                      </array>
                    </array>
                    <array>
                      <string>second_yellow</string>
                      <array>
                        <number value="1"/>
                      </array>
                    </array>
                    <array>
                      <string>total_scoring_att</string>
                      <array>
                        <number value="2"/>
                      </array>
                    </array>
                    <array>
                      <string>aerial_won</string>
                      <array>
                        <number value="7"/>
                      </array>
                    </array>
                    <array>
                      <string>total_pass</string>
                      <array>
                        <number value="20"/>
                      </array>
                    </array>
                    <array>
                      <string>red_card</string>
                      <array>
                        <number value="1"/>
                      </array>
                    </array>
                    <array>
                      <string>aerial_lost</string>
                      <array>
                        <number value="8"/>
                      </array>
                    </array>
                    <array>
                      <string>fouls</string>
                      <array>
                        <number value="5"/>
                      </array>
                    </array>
                    <array>
                      <string>formation_place</string>
                      <array>
                        <number value="10"/>
                      </array>
                    </array>
                  </array>
                </array>
                <number value="4"/>
                <string>FW</string>
                <number value="10"/>
                <number value="0"/>
                <number value="0"/>
                <string>AM(CL),FW</string>
                <number value="28"/>
                <number value="186"/>
                <number value="77"/>
              </array>
              <array>
                <number value="13938"/>
                <string>Sam Vokes</string>
                <number value="6.01"/>
                <array>
                  <array>
                    <array>
                      <string>touches</string>
                      <array>
                        <number value="3"/>
                      </array>
                    </array>
                    <array>
                      <string>total_pass</string>
                      <array>
                        <number value="1"/>
                      </array>
                    </array>
                    <array>
                      <string>aerial_lost</string>
                      <array>
                        <number value="1"/>
                      </array>
                    </array>
                    <array>
                      <string>fouls</string>
                      <array>
                        <number value="1"/>
                      </array>
                    </array>
                    <array>
                      <string>formation_place</string>
                      <array>
                        <number value="0"/>
                      </array>
                    </array>
                  </array>
                </array>
                <number value="5"/>
                <string>Sub</string>
                <number value="9"/>
                <number value="2"/>
                <number value="85"/>
                <string>FW</string>
                <number value="28"/>
                <number value="186"/>
                <number value="90"/>
              </array>
              <array>
                <number value="275887"/>
                <string>Daniel Agyei</string>
                <number value="0"/>
                <array>
                  <array>
                    <array>
                      <string>formation_place</string>
                      <array>
                        <number value="0"/>
                      </array>
                    </array>
                  </array>
                </array>
                <number value="5"/>
                <string>Sub</string>
                <number value="32"/>
                <number value="0"/>
                <number value="0"/>
                <string>Forward</string>
                <number value="20"/>
                <number value="183"/>
                <number value="77"/>
              </array>
              <array>
                <number value="131464"/>
                <string>James Tarkowski</string>
                <number value="6.15"/>
                <array>
                  <array>
                    <array>
                      <string>accurate_pass</string>
                      <array>
                        <number value="1"/>
                      </array>
                    </array>
                    <array>
                      <string>touches</string>
                      <array>
                        <number value="5"/>
                      </array>
                    </array>
                    <array>
                      <string>total_pass</string>
                      <array>
                        <number value="1"/>
                      </array>
                    </array>
                    <array>
                      <string>formation_place</string>
                      <array>
                        <number value="0"/>
                      </array>
                    </array>
                  </array>
                </array>
                <number value="5"/>
                <string>Sub</string>
                <number value="26"/>
                <number value="2"/>
                <number value="85"/>
                <string>D(C)</string>
                <number value="25"/>
                <number value="185"/>
                <number value="81"/>
              </array>
              <array>
                <number value="21686"/>
                <string>Scott Arfield</string>
                <number value="5.93"/>
                <array>
                  <array>
                    <array>
                      <string>touches</string>
                      <array>
                        <number value="1"/>
                      </array>
                    </array>
                    <array>
                      <string>formation_place</string>
                      <array>
                        <number value="0"/>
                      </array>
                    </array>
                  </array>
                </array>
                <number value="5"/>
                <string>Sub</string>
                <number value="37"/>
                <number value="2"/>
                <number value="89"/>
                <string>AM(CLR)</string>
                <number value="29"/>
                <number value="178"/>
                <number value="70"/>
              </array>
              <array>
                <number value="134668"/>
                <string>Tendayi Darikwa</string>
                <number value="0"/>
                <array>
                  <array>
                    <array>
                      <string>formation_place</string>
                      <array>
                        <number value="0"/>
                      </array>
                    </array>
                  </array>
                </array>
                <number value="5"/>
                <string>Sub</string>
                <number value="27"/>
                <number value="0"/>
                <number value="0"/>
                <string>D(R),M(R)</string>
                <number value="25"/>
                <number value="187"/>
                <number value="77"/>
              </array>
              <array>
                <number value="94030"/>
                <string>Jon Flanagan</string>
                <number value="0"/>
                <array>
                  <array>
                    <array>
                      <string>formation_place</string>
                      <array>
                        <number value="0"/>
                      </array>
                    </array>
                  </array>
                </array>
                <number value="5"/>
                <string>Sub</string>
                <number value="4"/>
                <number value="0"/>
                <number value="0"/>
                <string>D(LR)</string>
                <number value="24"/>
                <number value="181"/>
                <number value="79"/>
              </array>
              <array>
                <number value="3874"/>
                <string>Paul Robinson</string>
                <number value="0"/>
                <array>
                  <array>
                    <array>
                      <string>formation_place</string>
                      <array>
                        <number value="0"/>
                      </array>
                    </array>
                  </array>
                </array>
                <number value="5"/>
                <string>Sub</string>
                <number value="17"/>
                <number value="0"/>
                <number value="0"/>
                <string>GK</string>
                <number value="38"/>
                <number value="193"/>
                <number value="90"/>
              </array>
            </array>
            <array>
              <string>442</string>
              <array>
                <array>
                  <number value="5"/>
                  <number value="1"/>
                </array>
                <array>
                  <number value="2"/>
                  <number value="3"/>
                </array>
                <array>
                  <number value="8"/>
                  <number value="3"/>
                </array>
                <array>
                  <number value="4"/>
                  <number value="6"/>
                </array>
                <array>
                  <number value="4"/>
                  <number value="3"/>
                </array>
                <array>
                  <number value="6"/>
                  <number value="3"/>
                </array>
                <array>
                  <number value="2"/>
                  <number value="6"/>
                </array>
                <array>
                  <number value="6"/>
                  <number value="6"/>
                </array>
                <array>
                  <number value="6"/>
                  <number value="9"/>
                </array>
                <array>
                  <number value="4"/>
                  <number value="9"/>
                </array>
                <array>
                  <number value="8"/>
                  <number value="6"/>
                </array>
              </array>
            </array>
          </array>
        </array>
      </array>
      <number value="0"/>
    </array>
  </var>
  <var name="liveTeamStatsInfoConfig">
    <object>
      <property name="view">
        <object>
          <property name="renderTo">
            <string>match-report-team-statistics</string>
          </property>
          <property name="width">
            <number value="250"/>
          </property>
          <property name="labelWidth">
            <number value="100"/>
          </property>
        </object>
      </property>
      <property name="model">
        <object>
          <property name="instanceType">
            <identifier name="LiveTeamStatsSummaryInfoModel"/>
          </property>
          <property name="labelGroups">
            <array>
              <object>
                <property name="start">
                  <number value="0"/>
                </property>
                <property name="end">
                  <number value="5"/>
                </property>
                <property name="clazz">
                  <string>no-top-margin</string>
                </property>
                <property name="labelWidth">
                  <number value="120"/>
                </property>
                <property name="statValueWidth">
                  <number value="60"/>
                </property>
                <property name="hideBars">
                  <boolean>true</boolean>
                </property>
              </object>
              <object>
                <property name="start">
                  <number value="6"/>
                </property>
                <property name="end">
                  <number value="6"/>
                </property>
                <property name="title">
                  <string>Possession</string>
                </property>
                <property name="labelWidth">
                  <number value="0"/>
                </property>
              </object>
            </array>
          </property>
          <property name="labels">
            <array>
              <object>
                <property name="type">
                  <string>value</string>
                </property>
                <property name="displayValue">
                  <string>Shots</string>
                </property>
              </object>
              <object>
                <property name="type">
                  <string>value</string>
                </property>
                <property name="displayValue">
                  <string>Shots on target</string>
                </property>
              </object>
              <object>
                <property name="type">
                  <string>percentage</string>
                </property>
                <property name="displayValue">
                  <string>Pass Success %</string>
                </property>
              </object>
              <object>
                <property name="type">
                  <string>percentage</string>
                </property>
                <property name="displayValue">
                  <string>Aerial Duel Success</string>
                </property>
              </object>
              <object>
                <property name="type">
                  <string>value</string>
                </property>
                <property name="displayValue">
                  <string>Dribbles won</string>
                </property>
              </object>
              <object>
                <property name="type">
                  <string>value</string>
                </property>
                <property name="displayValue">
                  <string>Tackles</string>
                </property>
              </object>
              <object>
                <property name="type">
                  <string>percentage</string>
                </property>
                <property name="displayValue">
                  <string></string>
                </property>
              </object>
            </array>
          </property>
        </object>
      </property>
    </object>
  </var>
  <var name="liveTeamStatsInfo">
    <new>
      <dotaccessor>
        <object>
          <dotaccessor>
            <object>
              <identifier name="WS"/>
            </object>
            <property>
              <identifier name="Stats"/>
            </property>
          </dotaccessor>
        </object>
        <property>
          <identifier name="Info"/>
        </property>
      </dotaccessor>
      <arguments>
        <identifier name="liveTeamStatsInfoConfig"/>
      </arguments>
    </new>
  </var>
  <functioncall>
    <function>
      <dotaccessor>
        <object>
          <identifier name="liveTeamStatsInfo"/>
        </object>
        <property>
          <identifier name="load"/>
        </property>
      </dotaccessor>
    </function>
    <arguments>
      <object>
        <property name="home">
          <bracketaccessor>
            <object>
              <bracketaccessor>
                <object>
                  <bracketaccessor>
                    <object>
                      <identifier name="matchStats"/>
                    </object>
                    <property>
                      <number value="0"/>
                    </property>
                  </bracketaccessor>
                </object>
                <property>
                  <number value="2"/>
                </property>
              </bracketaccessor>
            </object>
            <property>
              <number value="0"/>
            </property>
          </bracketaccessor>
        </property>
        <property name="away">
          <bracketaccessor>
            <object>
              <bracketaccessor>
                <object>
                  <bracketaccessor>
                    <object>
                      <identifier name="matchStats"/>
                    </object>
                    <property>
                      <number value="0"/>
                    </property>
                  </bracketaccessor>
                </object>
                <property>
                  <number value="2"/>
                </property>
              </bracketaccessor>
            </object>
            <property>
              <number value="1"/>
            </property>
          </bracketaccessor>
        </property>
      </object>
    </arguments>
  </functioncall>
  <functioncall>
    <function>
      <dotaccessor>
        <object>
          <functioncall>
            <function>
              <identifier name="$"/>
            </function>
            <arguments>
              <identifier name="document"/>
            </arguments>
          </functioncall>
        </object>
        <property>
          <identifier name="bind"/>
        </property>
      </dotaccessor>
    </function>
    <arguments>
      <binaryoperation operation="+">
        <left>
          <binaryoperation operation="+">
            <left>
              <string>match-live-player-stats-</string>
            </left>
            <right>
              <number value="1080753"/>
            </right>
          </binaryoperation>
        </left>
        <right>
          <string>-updated</string>
        </right>
      </binaryoperation>
      <funcexpr>
        <identifier/>
        <parameters>
          <identifier name="options"/>
          <identifier name="data"/>
        </parameters>
        <body>
          <functioncall>
            <function>
              <dotaccessor>
                <object>
                  <identifier name="liveTeamStatsInfo"/>
                </object>
                <property>
                  <identifier name="load"/>
                </property>
              </dotaccessor>
            </function>
            <arguments>
              <object>
                <property name="home">
                  <bracketaccessor>
                    <object>
                      <bracketaccessor>
                        <object>
                          <identifier name="data"/>
                        </object>
                        <property>
                          <number value="1"/>
                        </property>
                      </bracketaccessor>
                    </object>
                    <property>
                      <number value="0"/>
                    </property>
                  </bracketaccessor>
                </property>
                <property name="away">
                  <bracketaccessor>
                    <object>
                      <bracketaccessor>
                        <object>
                          <identifier name="data"/>
                        </object>
                        <property>
                          <number value="1"/>
                        </property>
                      </bracketaccessor>
                    </object>
                    <property>
                      <number value="1"/>
                    </property>
                  </bracketaccessor>
                </property>
              </object>
            </arguments>
          </functioncall>
        </body>
      </funcexpr>
    </arguments>
  </functioncall>
</program>
