<program>
  <var name="matchStats">
    <array>
      <array>
        <array>
          <number value="21"/>
          <number value="214"/>
          <string>Middlesbrough</string>
          <string>Hull</string>
          <string>05/12/2016 20:00:00</string>
          <string>05/12/2016 00:00:00</string>
          <number value="6"/>
          <string>FT</string>
          <string>0 : 0</string>
          <string>1 : 0</string>
          <undefined/>
          <undefined/>
          <string>1 : 0</string>
          <string>England</string>
          <string>England</string>
        </array>
        <array>
          <array>
            <array>
              <number value="15"/>
              <array/>
              <array>
                <array>
                  <string>Jake Livermore</string>
                  <undefined/>
                  <string>yellow</string>
                  <undefined/>
                  <undefined/>
                  <number value="15"/>
                  <number value="36849"/>
                  <number value="0"/>
                </array>
              </array>
              <number value="0"/>
              <number value="1"/>
            </array>
            <array>
              <number value="60"/>
              <array>
                <array>
                  <string>Gastón Ramírez</string>
                  <string>Viktor Fischer</string>
                  <string>goal</string>
                  <string>(1-0)</string>
                  <undefined/>
                  <number value="60"/>
                  <number value="82923"/>
                  <number value="101862"/>
                </array>
              </array>
              <array/>
              <number value="1"/>
              <number value="0"/>
            </array>
            <array>
              <number value="62"/>
              <array/>
              <array>
                <array>
                  <string>Ryan Mason</string>
                  <string>Jarrod Bowen</string>
                  <string>subst</string>
                  <undefined/>
                  <undefined/>
                  <number value="62"/>
                  <number value="69878"/>
                  <number value="322596"/>
                </array>
                <array>
                  <string>Jake Livermore</string>
                  <string>Tom Huddlestone</string>
                  <string>subst</string>
                  <undefined/>
                  <undefined/>
                  <number value="62"/>
                  <number value="36849"/>
                  <number value="8194"/>
                </array>
              </array>
              <number value="0"/>
              <number value="1"/>
            </array>
            <array>
              <number value="72"/>
              <array>
                <array>
                  <string>Fabio</string>
                  <undefined/>
                  <string>yellow</string>
                  <undefined/>
                  <undefined/>
                  <number value="72"/>
                  <number value="44031"/>
                  <number value="0"/>
                </array>
              </array>
              <array/>
              <number value="1"/>
              <number value="0"/>
            </array>
            <array>
              <number value="81"/>
              <array>
                <array>
                  <string>Viktor Fischer</string>
                  <string>Cristhian Stuani</string>
                  <string>subst</string>
                  <undefined/>
                  <undefined/>
                  <number value="81"/>
                  <number value="101862"/>
                  <number value="24400"/>
                </array>
              </array>
              <array>
                <array>
                  <string>Markus Henriksen</string>
                  <string>David Meyler</string>
                  <string>subst</string>
                  <undefined/>
                  <undefined/>
                  <number value="81"/>
                  <number value="69090"/>
                  <number value="41589"/>
                </array>
              </array>
              <number value="1"/>
              <number value="1"/>
            </array>
            <array>
              <number value="87"/>
              <array>
                <array>
                  <string>Gastón Ramírez</string>
                  <string>Stewart Downing</string>
                  <string>subst</string>
                  <undefined/>
                  <undefined/>
                  <number value="87"/>
                  <number value="82923"/>
                  <number value="5641"/>
                </array>
              </array>
              <array/>
              <number value="1"/>
              <number value="0"/>
            </array>
          </array>
        </array>
        <array>
          <array>
            <number value="21"/>
            <string>Middlesbrough</string>
            <number value="7.12153846153846"/>
            <array>
              <array>
                <array>
                  <string>blocked_scoring_att</string>
                  <array>
                    <number value="7"/>
                  </array>
                </array>
                <array>
                  <string>accurate_pass</string>
                  <array>
                    <number value="524"/>
                  </array>
                </array>
                <array>
                  <string>att_miss_left</string>
                  <array>
                    <number value="3"/>
                  </array>
                </array>
                <array>
                  <string>won_contest</string>
                  <array>
                    <number value="8"/>
                  </array>
                </array>
                <array>
                  <string>att_sv_high_centre</string>
                  <array>
                    <number value="1"/>
                  </array>
                </array>
                <array>
                  <string>ontarget_scoring_att</string>
                  <array>
                    <number value="4"/>
                  </array>
                </array>
                <array>
                  <string>total_scoring_att</string>
                  <array>
                    <number value="16"/>
                  </array>
                </array>
                <array>
                  <string>total_throws</string>
                  <array>
                    <number value="10"/>
                  </array>
                </array>
                <array>
                  <string>aerial_won</string>
                  <array>
                    <number value="20"/>
                  </array>
                </array>
                <array>
                  <string>total_pass</string>
                  <array>
                    <number value="601"/>
                  </array>
                </array>
                <array>
                  <string>goals</string>
                  <array>
                    <number value="1"/>
                  </array>
                </array>
                <array>
                  <string>total_tackle</string>
                  <array>
                    <number value="20"/>
                  </array>
                </array>
                <array>
                  <string>total_offside</string>
                  <array>
                    <number value="3"/>
                  </array>
                </array>
                <array>
                  <string>att_goal_high_right</string>
                  <array>
                    <number value="1"/>
                  </array>
                </array>
                <array>
                  <string>shot_off_target</string>
                  <array>
                    <number value="5"/>
                  </array>
                </array>
                <array>
                  <string>aerial_lost</string>
                  <array>
                    <number value="15"/>
                  </array>
                </array>
                <array>
                  <string>att_sv_low_right</string>
                  <array>
                    <number value="2"/>
                  </array>
                </array>
                <array>
                  <string>fk_foul_lost</string>
                  <array>
                    <number value="6"/>
                  </array>
                </array>
                <array>
                  <string>won_corners</string>
                  <array>
                    <number value="13"/>
                  </array>
                </array>
                <array>
                  <string>possession_percentage</string>
                  <array>
                    <number value="60.7"/>
                  </array>
                </array>
                <array>
                  <string>att_miss_high</string>
                  <array>
                    <number value="1"/>
                  </array>
                </array>
                <array>
                  <string>att_miss_high_right</string>
                  <array>
                    <number value="1"/>
                  </array>
                </array>
              </array>
            </array>
            <array>
              <array>
                <number value="9484"/>
                <string>Víctor Valdés</string>
                <number value="6.91"/>
                <array>
                  <array>
                    <array>
                      <string>accurate_pass</string>
                      <array>
                        <number value="24"/>
                      </array>
                    </array>
                    <array>
                      <string>touches</string>
                      <array>
                        <number value="37"/>
                      </array>
                    </array>
                    <array>
                      <string>saves</string>
                      <array>
                        <number value="2"/>
                      </array>
                    </array>
                    <array>
                      <string>total_pass</string>
                      <array>
                        <number value="33"/>
                      </array>
                    </array>
                    <array>
                      <string>formation_place</string>
                      <array>
                        <number value="1"/>
                      </array>
                    </array>
                  </array>
                </array>
                <number value="1"/>
                <string>GK</string>
                <number value="26"/>
                <number value="0"/>
                <number value="0"/>
                <string>GK</string>
                <number value="35"/>
                <number value="183"/>
                <number value="78"/>
              </array>
              <array>
                <number value="124316"/>
                <string>Calum Chambers</string>
                <number value="7.45"/>
                <array>
                  <array>
                    <array>
                      <string>accurate_pass</string>
                      <array>
                        <number value="69"/>
                      </array>
                    </array>
                    <array>
                      <string>touches</string>
                      <array>
                        <number value="90"/>
                      </array>
                    </array>
                    <array>
                      <string>aerial_won</string>
                      <array>
                        <number value="5"/>
                      </array>
                    </array>
                    <array>
                      <string>total_pass</string>
                      <array>
                        <number value="80"/>
                      </array>
                    </array>
                    <array>
                      <string>total_tackle</string>
                      <array>
                        <number value="2"/>
                      </array>
                    </array>
                    <array>
                      <string>aerial_lost</string>
                      <array>
                        <number value="1"/>
                      </array>
                    </array>
                    <array>
                      <string>formation_place</string>
                      <array>
                        <number value="5"/>
                      </array>
                    </array>
                  </array>
                </array>
                <number value="2"/>
                <string>DC</string>
                <number value="25"/>
                <number value="0"/>
                <number value="0"/>
                <string>D(CR)</string>
                <number value="22"/>
                <number value="182"/>
                <number value="66"/>
              </array>
              <array>
                <number value="86458"/>
                <string>Ben Gibson</string>
                <number value="7.9"/>
                <array>
                  <array>
                    <array>
                      <string>accurate_pass</string>
                      <array>
                        <number value="73"/>
                      </array>
                    </array>
                    <array>
                      <string>touches</string>
                      <array>
                        <number value="92"/>
                      </array>
                    </array>
                    <array>
                      <string>aerial_won</string>
                      <array>
                        <number value="4"/>
                      </array>
                    </array>
                    <array>
                      <string>total_pass</string>
                      <array>
                        <number value="81"/>
                      </array>
                    </array>
                    <array>
                      <string>last_man_tackle</string>
                      <array>
                        <number value="1"/>
                      </array>
                    </array>
                    <array>
                      <string>total_tackle</string>
                      <array>
                        <number value="3"/>
                      </array>
                    </array>
                    <array>
                      <string>aerial_lost</string>
                      <array>
                        <number value="1"/>
                      </array>
                    </array>
                    <array>
                      <string>formation_place</string>
                      <array>
                        <number value="6"/>
                      </array>
                    </array>
                  </array>
                </array>
                <number value="2"/>
                <string>DC</string>
                <number value="6"/>
                <number value="0"/>
                <number value="0"/>
                <string>D(CL)</string>
                <number value="24"/>
                <number value="185"/>
                <number value="78"/>
              </array>
              <array>
                <number value="14085"/>
                <string>Antonio Barragán</string>
                <number value="7.21"/>
                <array>
                  <array>
                    <array>
                      <string>accurate_pass</string>
                      <array>
                        <number value="51"/>
                      </array>
                    </array>
                    <array>
                      <string>touches</string>
                      <array>
                        <number value="73"/>
                      </array>
                    </array>
                    <array>
                      <string>aerial_won</string>
                      <array>
                        <number value="2"/>
                      </array>
                    </array>
                    <array>
                      <string>total_pass</string>
                      <array>
                        <number value="55"/>
                      </array>
                    </array>
                    <array>
                      <string>total_tackle</string>
                      <array>
                        <number value="1"/>
                      </array>
                    </array>
                    <array>
                      <string>aerial_lost</string>
                      <array>
                        <number value="1"/>
                      </array>
                    </array>
                    <array>
                      <string>formation_place</string>
                      <array>
                        <number value="2"/>
                      </array>
                    </array>
                  </array>
                </array>
                <number value="2"/>
                <string>DR</string>
                <number value="17"/>
                <number value="0"/>
                <number value="0"/>
                <string>D(R),M(R)</string>
                <number value="30"/>
                <number value="182"/>
                <number value="76"/>
              </array>
              <array>
                <number value="44031"/>
                <string>Fabio</string>
                <number value="7.46"/>
                <array>
                  <array>
                    <array>
                      <string>accurate_pass</string>
                      <array>
                        <number value="36"/>
                      </array>
                    </array>
                    <array>
                      <string>touches</string>
                      <array>
                        <number value="73"/>
                      </array>
                    </array>
                    <array>
                      <string>yellow_card</string>
                      <array>
                        <number value="1"/>
                      </array>
                    </array>
                    <array>
                      <string>won_contest</string>
                      <array>
                        <number value="1"/>
                      </array>
                    </array>
                    <array>
                      <string>total_pass</string>
                      <array>
                        <number value="43"/>
                      </array>
                    </array>
                    <array>
                      <string>total_tackle</string>
                      <array>
                        <number value="4"/>
                      </array>
                    </array>
                    <array>
                      <string>aerial_lost</string>
                      <array>
                        <number value="3"/>
                      </array>
                    </array>
                    <array>
                      <string>fouls</string>
                      <array>
                        <number value="3"/>
                      </array>
                    </array>
                    <array>
                      <string>formation_place</string>
                      <array>
                        <number value="3"/>
                      </array>
                    </array>
                  </array>
                </array>
                <number value="2"/>
                <string>DL</string>
                <number value="2"/>
                <number value="0"/>
                <number value="0"/>
                <string>D(LR)</string>
                <number value="27"/>
                <number value="172"/>
                <number value="65"/>
              </array>
              <array>
                <number value="70140"/>
                <string>Adam Clayton</string>
                <number value="6.8"/>
                <array>
                  <array>
                    <array>
                      <string>accurate_pass</string>
                      <array>
                        <number value="71"/>
                      </array>
                    </array>
                    <array>
                      <string>touches</string>
                      <array>
                        <number value="92"/>
                      </array>
                    </array>
                    <array>
                      <string>total_scoring_att</string>
                      <array>
                        <number value="1"/>
                      </array>
                    </array>
                    <array>
                      <string>total_pass</string>
                      <array>
                        <number value="79"/>
                      </array>
                    </array>
                    <array>
                      <string>total_tackle</string>
                      <array>
                        <number value="2"/>
                      </array>
                    </array>
                    <array>
                      <string>fouls</string>
                      <array>
                        <number value="1"/>
                      </array>
                    </array>
                    <array>
                      <string>formation_place</string>
                      <array>
                        <number value="4"/>
                      </array>
                    </array>
                  </array>
                </array>
                <number value="3"/>
                <string>MC</string>
                <number value="8"/>
                <number value="0"/>
                <number value="0"/>
                <string>M(C)</string>
                <number value="28"/>
                <number value="175"/>
                <number value="75"/>
              </array>
              <array>
                <number value="85070"/>
                <string>Marten de Roon</string>
                <number value="6.99"/>
                <array>
                  <array>
                    <array>
                      <string>accurate_pass</string>
                      <array>
                        <number value="35"/>
                      </array>
                    </array>
                    <array>
                      <string>touches</string>
                      <array>
                        <number value="52"/>
                      </array>
                    </array>
                    <array>
                      <string>total_pass</string>
                      <array>
                        <number value="42"/>
                      </array>
                    </array>
                    <array>
                      <string>total_tackle</string>
                      <array>
                        <number value="4"/>
                      </array>
                    </array>
                    <array>
                      <string>aerial_lost</string>
                      <array>
                        <number value="4"/>
                      </array>
                    </array>
                    <array>
                      <string>formation_place</string>
                      <array>
                        <number value="7"/>
                      </array>
                    </array>
                  </array>
                </array>
                <number value="3"/>
                <string>MC</string>
                <number value="14"/>
                <number value="0"/>
                <number value="0"/>
                <string>DMC</string>
                <number value="26"/>
                <number value="185"/>
                <number value="76"/>
              </array>
              <array>
                <number value="82972"/>
                <string>Adam Forshaw</string>
                <number value="7.42"/>
                <array>
                  <array>
                    <array>
                      <string>accurate_pass</string>
                      <array>
                        <number value="55"/>
                      </array>
                    </array>
                    <array>
                      <string>touches</string>
                      <array>
                        <number value="72"/>
                      </array>
                    </array>
                    <array>
                      <string>won_contest</string>
                      <array>
                        <number value="1"/>
                      </array>
                    </array>
                    <array>
                      <string>total_scoring_att</string>
                      <array>
                        <number value="1"/>
                      </array>
                    </array>
                    <array>
                      <string>total_pass</string>
                      <array>
                        <number value="57"/>
                      </array>
                    </array>
                    <array>
                      <string>total_tackle</string>
                      <array>
                        <number value="2"/>
                      </array>
                    </array>
                    <array>
                      <string>aerial_lost</string>
                      <array>
                        <number value="3"/>
                      </array>
                    </array>
                    <array>
                      <string>formation_place</string>
                      <array>
                        <number value="8"/>
                      </array>
                    </array>
                  </array>
                </array>
                <number value="3"/>
                <string>MC</string>
                <number value="34"/>
                <number value="0"/>
                <number value="0"/>
                <string>M(C)</string>
                <number value="26"/>
                <number value="185"/>
                <number value="71"/>
              </array>
              <array>
                <number value="101862"/>
                <string>Viktor Fischer</string>
                <number value="7.09"/>
                <array>
                  <array>
                    <array>
                      <string>blocked_scoring_att</string>
                      <array>
                        <number value="5"/>
                      </array>
                    </array>
                    <array>
                      <string>accurate_pass</string>
                      <array>
                        <number value="27"/>
                      </array>
                    </array>
                    <array>
                      <string>touches</string>
                      <array>
                        <number value="57"/>
                      </array>
                    </array>
                    <array>
                      <string>won_contest</string>
                      <array>
                        <number value="1"/>
                      </array>
                    </array>
                    <array>
                      <string>total_scoring_att</string>
                      <array>
                        <number value="6"/>
                      </array>
                    </array>
                    <array>
                      <string>goal_assist</string>
                      <array>
                        <number value="1"/>
                      </array>
                    </array>
                    <array>
                      <string>total_pass</string>
                      <array>
                        <number value="32"/>
                      </array>
                    </array>
                    <array>
                      <string>total_tackle</string>
                      <array>
                        <number value="1"/>
                      </array>
                    </array>
                    <array>
                      <string>formation_place</string>
                      <array>
                        <number value="11"/>
                      </array>
                    </array>
                  </array>
                </array>
                <number value="4"/>
                <string>FWL</string>
                <number value="11"/>
                <number value="1"/>
                <number value="81"/>
                <string>AM(L),FW</string>
                <number value="23"/>
                <number value="182"/>
                <number value="80"/>
              </array>
              <array>
                <number value="82923"/>
                <string>Gastón Ramírez</string>
                <number value="8.16"/>
                <array>
                  <array>
                    <array>
                      <string>blocked_scoring_att</string>
                      <array>
                        <number value="2"/>
                      </array>
                    </array>
                    <array>
                      <string>accurate_pass</string>
                      <array>
                        <number value="52"/>
                      </array>
                    </array>
                    <array>
                      <string>touches</string>
                      <array>
                        <number value="89"/>
                      </array>
                    </array>
                    <array>
                      <string>won_contest</string>
                      <array>
                        <number value="4"/>
                      </array>
                    </array>
                    <array>
                      <string>total_scoring_att</string>
                      <array>
                        <number value="5"/>
                      </array>
                    </array>
                    <array>
                      <string>total_pass</string>
                      <array>
                        <number value="58"/>
                      </array>
                    </array>
                    <array>
                      <string>goals</string>
                      <array>
                        <number value="1"/>
                      </array>
                    </array>
                    <array>
                      <string>total_tackle</string>
                      <array>
                        <number value="1"/>
                      </array>
                    </array>
                    <array>
                      <string>aerial_lost</string>
                      <array>
                        <number value="1"/>
                      </array>
                    </array>
                    <array>
                      <string>fouls</string>
                      <array>
                        <number value="1"/>
                      </array>
                    </array>
                    <array>
                      <string>formation_place</string>
                      <array>
                        <number value="10"/>
                      </array>
                    </array>
                    <array>
                      <string>man_of_the_match</string>
                      <array>
                        <number value="1"/>
                      </array>
                    </array>
                  </array>
                </array>
                <number value="4"/>
                <string>FWR</string>
                <number value="21"/>
                <number value="1"/>
                <number value="87"/>
                <string>AM(CLR)</string>
                <number value="26"/>
                <number value="183"/>
                <number value="78"/>
              </array>
              <array>
                <number value="23757"/>
                <string>Álvaro Negredo</string>
                <number value="7.02"/>
                <array>
                  <array>
                    <array>
                      <string>accurate_pass</string>
                      <array>
                        <number value="25"/>
                      </array>
                    </array>
                    <array>
                      <string>touches</string>
                      <array>
                        <number value="48"/>
                      </array>
                    </array>
                    <array>
                      <string>total_scoring_att</string>
                      <array>
                        <number value="3"/>
                      </array>
                    </array>
                    <array>
                      <string>aerial_won</string>
                      <array>
                        <number value="9"/>
                      </array>
                    </array>
                    <array>
                      <string>total_pass</string>
                      <array>
                        <number value="35"/>
                      </array>
                    </array>
                    <array>
                      <string>aerial_lost</string>
                      <array>
                        <number value="1"/>
                      </array>
                    </array>
                    <array>
                      <string>fouls</string>
                      <array>
                        <number value="1"/>
                      </array>
                    </array>
                    <array>
                      <string>formation_place</string>
                      <array>
                        <number value="9"/>
                      </array>
                    </array>
                  </array>
                </array>
                <number value="4"/>
                <string>FW</string>
                <number value="10"/>
                <number value="0"/>
                <number value="0"/>
                <string>FW</string>
                <number value="32"/>
                <number value="186"/>
                <number value="86"/>
              </array>
              <array>
                <number value="140088"/>
                <string>Adama Traoré</string>
                <number value="0"/>
                <array>
                  <array>
                    <array>
                      <string>formation_place</string>
                      <array>
                        <number value="0"/>
                      </array>
                    </array>
                  </array>
                </array>
                <number value="5"/>
                <string>Sub</string>
                <number value="37"/>
                <number value="0"/>
                <number value="0"/>
                <string>AM(R)</string>
                <number value="21"/>
                <number value="178"/>
                <number value="72"/>
              </array>
              <array>
                <number value="5641"/>
                <string>Stewart Downing</string>
                <number value="6"/>
                <array>
                  <array>
                    <array>
                      <string>accurate_pass</string>
                      <array>
                        <number value="4"/>
                      </array>
                    </array>
                    <array>
                      <string>touches</string>
                      <array>
                        <number value="6"/>
                      </array>
                    </array>
                    <array>
                      <string>total_pass</string>
                      <array>
                        <number value="4"/>
                      </array>
                    </array>
                    <array>
                      <string>formation_place</string>
                      <array>
                        <number value="0"/>
                      </array>
                    </array>
                  </array>
                </array>
                <number value="5"/>
                <string>Sub</string>
                <number value="19"/>
                <number value="2"/>
                <number value="87"/>
                <string>D(L),M(CLR)</string>
                <number value="33"/>
                <number value="180"/>
                <number value="64"/>
              </array>
              <array>
                <number value="28746"/>
                <string>Brad Guzan</string>
                <number value="0"/>
                <array>
                  <array>
                    <array>
                      <string>formation_place</string>
                      <array>
                        <number value="0"/>
                      </array>
                    </array>
                  </array>
                </array>
                <number value="5"/>
                <string>Sub</string>
                <number value="12"/>
                <number value="0"/>
                <number value="0"/>
                <string>GK</string>
                <number value="33"/>
                <number value="193"/>
                <number value="94"/>
              </array>
              <array>
                <number value="12417"/>
                <string>Grant Leadbitter</string>
                <number value="0"/>
                <array>
                  <array>
                    <array>
                      <string>formation_place</string>
                      <array>
                        <number value="0"/>
                      </array>
                    </array>
                  </array>
                </array>
                <number value="5"/>
                <string>Sub</string>
                <number value="7"/>
                <number value="0"/>
                <number value="0"/>
                <string>DMC</string>
                <number value="31"/>
                <number value="177"/>
                <number value="79"/>
              </array>
              <array>
                <number value="24400"/>
                <string>Cristhian Stuani</string>
                <number value="6.17"/>
                <array>
                  <array>
                    <array>
                      <string>accurate_pass</string>
                      <array>
                        <number value="2"/>
                      </array>
                    </array>
                    <array>
                      <string>touches</string>
                      <array>
                        <number value="4"/>
                      </array>
                    </array>
                    <array>
                      <string>won_contest</string>
                      <array>
                        <number value="1"/>
                      </array>
                    </array>
                    <array>
                      <string>total_pass</string>
                      <array>
                        <number value="2"/>
                      </array>
                    </array>
                    <array>
                      <string>formation_place</string>
                      <array>
                        <number value="0"/>
                      </array>
                    </array>
                  </array>
                </array>
                <number value="5"/>
                <string>Sub</string>
                <number value="18"/>
                <number value="2"/>
                <number value="81"/>
                <string>AM(CLR),FW</string>
                <number value="31"/>
                <number value="186"/>
                <number value="76"/>
              </array>
              <array>
                <number value="32224"/>
                <string>Nsue</string>
                <number value="0"/>
                <array>
                  <array>
                    <array>
                      <string>formation_place</string>
                      <array>
                        <number value="0"/>
                      </array>
                    </array>
                  </array>
                </array>
                <number value="5"/>
                <string>Sub</string>
                <number value="24"/>
                <number value="0"/>
                <number value="0"/>
                <string>D(R),M(R),FW</string>
                <number value="28"/>
                <number value="182"/>
                <number value="75"/>
              </array>
              <array>
                <number value="67327"/>
                <string>Bernardo Espinosa</string>
                <number value="0"/>
                <array>
                  <array>
                    <array>
                      <string>formation_place</string>
                      <array>
                        <number value="0"/>
                      </array>
                    </array>
                  </array>
                </array>
                <number value="5"/>
                <string>Sub</string>
                <number value="5"/>
                <number value="0"/>
                <number value="0"/>
                <string>D(C)</string>
                <number value="28"/>
                <number value="192"/>
                <number value="86"/>
              </array>
            </array>
            <array>
              <string>433</string>
              <array>
                <array>
                  <number value="5"/>
                  <number value="1"/>
                </array>
                <array>
                  <number value="8"/>
                  <number value="3"/>
                </array>
                <array>
                  <number value="2"/>
                  <number value="3"/>
                </array>
                <array>
                  <number value="5"/>
                  <number value="6"/>
                </array>
                <array>
                  <number value="6"/>
                  <number value="3"/>
                </array>
                <array>
                  <number value="4"/>
                  <number value="3"/>
                </array>
                <array>
                  <number value="7"/>
                  <number value="6"/>
                </array>
                <array>
                  <number value="3"/>
                  <number value="6"/>
                </array>
                <array>
                  <number value="5"/>
                  <number value="9"/>
                </array>
                <array>
                  <number value="7"/>
                  <number value="9"/>
                </array>
                <array>
                  <number value="3"/>
                  <number value="9"/>
                </array>
              </array>
            </array>
          </array>
          <array>
            <number value="214"/>
            <string>Hull</string>
            <number value="6.44642857142857"/>
            <array>
              <array>
                <array>
                  <string>blocked_scoring_att</string>
                  <array>
                    <number value="1"/>
                  </array>
                </array>
                <array>
                  <string>accurate_pass</string>
                  <array>
                    <number value="300"/>
                  </array>
                </array>
                <array>
                  <string>att_sv_high_right</string>
                  <array>
                    <number value="1"/>
                  </array>
                </array>
                <array>
                  <string>won_contest</string>
                  <array>
                    <number value="8"/>
                  </array>
                </array>
                <array>
                  <string>ontarget_scoring_att</string>
                  <array>
                    <number value="2"/>
                  </array>
                </array>
                <array>
                  <string>total_scoring_att</string>
                  <array>
                    <number value="6"/>
                  </array>
                </array>
                <array>
                  <string>total_throws</string>
                  <array>
                    <number value="19"/>
                  </array>
                </array>
                <array>
                  <string>aerial_won</string>
                  <array>
                    <number value="15"/>
                  </array>
                </array>
                <array>
                  <string>total_pass</string>
                  <array>
                    <number value="395"/>
                  </array>
                </array>
                <array>
                  <string>att_miss_right</string>
                  <array>
                    <number value="1"/>
                  </array>
                </array>
                <array>
                  <string>total_tackle</string>
                  <array>
                    <number value="17"/>
                  </array>
                </array>
                <array>
                  <string>total_offside</string>
                  <array>
                    <number value="2"/>
                  </array>
                </array>
                <array>
                  <string>shot_off_target</string>
                  <array>
                    <number value="3"/>
                  </array>
                </array>
                <array>
                  <string>aerial_lost</string>
                  <array>
                    <number value="20"/>
                  </array>
                </array>
                <array>
                  <string>att_sv_low_right</string>
                  <array>
                    <number value="1"/>
                  </array>
                </array>
                <array>
                  <string>fk_foul_lost</string>
                  <array>
                    <number value="10"/>
                  </array>
                </array>
                <array>
                  <string>won_corners</string>
                  <array>
                    <number value="7"/>
                  </array>
                </array>
                <array>
                  <string>possession_percentage</string>
                  <array>
                    <number value="39.3"/>
                  </array>
                </array>
                <array>
                  <string>att_miss_high</string>
                  <array>
                    <number value="2"/>
                  </array>
                </array>
              </array>
            </array>
            <array>
              <array>
                <number value="9002"/>
                <string>David Marshall</string>
                <number value="6.68"/>
                <array>
                  <array>
                    <array>
                      <string>accurate_pass</string>
                      <array>
                        <number value="7"/>
                      </array>
                    </array>
                    <array>
                      <string>touches</string>
                      <array>
                        <number value="34"/>
                      </array>
                    </array>
                    <array>
                      <string>saves</string>
                      <array>
                        <number value="3"/>
                      </array>
                    </array>
                    <array>
                      <string>total_pass</string>
                      <array>
                        <number value="22"/>
                      </array>
                    </array>
                    <array>
                      <string>good_high_claim</string>
                      <array>
                        <number value="2"/>
                      </array>
                    </array>
                    <array>
                      <string>formation_place</string>
                      <array>
                        <number value="1"/>
                      </array>
                    </array>
                  </array>
                </array>
                <number value="1"/>
                <string>GK</string>
                <number value="23"/>
                <number value="0"/>
                <number value="0"/>
                <string>GK</string>
                <number value="32"/>
                <number value="190"/>
                <number value="83"/>
              </array>
              <array>
                <number value="4905"/>
                <string>Michael Dawson</string>
                <number value="7.17"/>
                <array>
                  <array>
                    <array>
                      <string>accurate_pass</string>
                      <array>
                        <number value="39"/>
                      </array>
                    </array>
                    <array>
                      <string>touches</string>
                      <array>
                        <number value="66"/>
                      </array>
                    </array>
                    <array>
                      <string>total_scoring_att</string>
                      <array>
                        <number value="1"/>
                      </array>
                    </array>
                    <array>
                      <string>aerial_won</string>
                      <array>
                        <number value="5"/>
                      </array>
                    </array>
                    <array>
                      <string>total_pass</string>
                      <array>
                        <number value="51"/>
                      </array>
                    </array>
                    <array>
                      <string>total_tackle</string>
                      <array>
                        <number value="1"/>
                      </array>
                    </array>
                    <array>
                      <string>aerial_lost</string>
                      <array>
                        <number value="1"/>
                      </array>
                    </array>
                    <array>
                      <string>fouls</string>
                      <array>
                        <number value="1"/>
                      </array>
                    </array>
                    <array>
                      <string>formation_place</string>
                      <array>
                        <number value="5"/>
                      </array>
                    </array>
                  </array>
                </array>
                <number value="2"/>
                <string>DC</string>
                <number value="21"/>
                <number value="0"/>
                <number value="0"/>
                <string>D(C)</string>
                <number value="34"/>
                <number value="188"/>
                <number value="76"/>
              </array>
              <array>
                <number value="8484"/>
                <string>Curtis Davies</string>
                <number value="6.32"/>
                <array>
                  <array>
                    <array>
                      <string>accurate_pass</string>
                      <array>
                        <number value="27"/>
                      </array>
                    </array>
                    <array>
                      <string>touches</string>
                      <array>
                        <number value="38"/>
                      </array>
                    </array>
                    <array>
                      <string>total_pass</string>
                      <array>
                        <number value="28"/>
                      </array>
                    </array>
                    <array>
                      <string>aerial_lost</string>
                      <array>
                        <number value="7"/>
                      </array>
                    </array>
                    <array>
                      <string>fouls</string>
                      <array>
                        <number value="1"/>
                      </array>
                    </array>
                    <array>
                      <string>formation_place</string>
                      <array>
                        <number value="6"/>
                      </array>
                    </array>
                  </array>
                </array>
                <number value="2"/>
                <string>DC</string>
                <number value="6"/>
                <number value="0"/>
                <number value="0"/>
                <string>D(C)</string>
                <number value="32"/>
                <number value="188"/>
                <number value="76"/>
              </array>
              <array>
                <number value="115726"/>
                <string>Andrew Robertson</string>
                <number value="6.45"/>
                <array>
                  <array>
                    <array>
                      <string>accurate_pass</string>
                      <array>
                        <number value="32"/>
                      </array>
                    </array>
                    <array>
                      <string>touches</string>
                      <array>
                        <number value="67"/>
                      </array>
                    </array>
                    <array>
                      <string>won_contest</string>
                      <array>
                        <number value="2"/>
                      </array>
                    </array>
                    <array>
                      <string>aerial_won</string>
                      <array>
                        <number value="1"/>
                      </array>
                    </array>
                    <array>
                      <string>total_pass</string>
                      <array>
                        <number value="49"/>
                      </array>
                    </array>
                    <array>
                      <string>total_tackle</string>
                      <array>
                        <number value="1"/>
                      </array>
                    </array>
                    <array>
                      <string>formation_place</string>
                      <array>
                        <number value="3"/>
                      </array>
                    </array>
                  </array>
                </array>
                <number value="2"/>
                <string>DL</string>
                <number value="3"/>
                <number value="0"/>
                <number value="0"/>
                <string>D(L),M(L)</string>
                <number value="23"/>
                <number value="178"/>
                <number value="64"/>
              </array>
              <array>
                <number value="34876"/>
                <string>Ahmed El Mohamady</string>
                <number value="6.77"/>
                <array>
                  <array>
                    <array>
                      <string>accurate_pass</string>
                      <array>
                        <number value="38"/>
                      </array>
                    </array>
                    <array>
                      <string>touches</string>
                      <array>
                        <number value="67"/>
                      </array>
                    </array>
                    <array>
                      <string>aerial_won</string>
                      <array>
                        <number value="2"/>
                      </array>
                    </array>
                    <array>
                      <string>total_pass</string>
                      <array>
                        <number value="44"/>
                      </array>
                    </array>
                    <array>
                      <string>total_tackle</string>
                      <array>
                        <number value="1"/>
                      </array>
                    </array>
                    <array>
                      <string>aerial_lost</string>
                      <array>
                        <number value="1"/>
                      </array>
                    </array>
                    <array>
                      <string>formation_place</string>
                      <array>
                        <number value="2"/>
                      </array>
                    </array>
                  </array>
                </array>
                <number value="2"/>
                <string>DR</string>
                <number value="27"/>
                <number value="0"/>
                <number value="0"/>
                <string>D(R),M(R)</string>
                <number value="30"/>
                <number value="182"/>
                <number value="75"/>
              </array>
              <array>
                <number value="36849"/>
                <string>Jake Livermore</string>
                <number value="6.55"/>
                <array>
                  <array>
                    <array>
                      <string>accurate_pass</string>
                      <array>
                        <number value="37"/>
                      </array>
                    </array>
                    <array>
                      <string>touches</string>
                      <array>
                        <number value="55"/>
                      </array>
                    </array>
                    <array>
                      <string>yellow_card</string>
                      <array>
                        <number value="1"/>
                      </array>
                    </array>
                    <array>
                      <string>won_contest</string>
                      <array>
                        <number value="1"/>
                      </array>
                    </array>
                    <array>
                      <string>total_pass</string>
                      <array>
                        <number value="44"/>
                      </array>
                    </array>
                    <array>
                      <string>total_tackle</string>
                      <array>
                        <number value="3"/>
                      </array>
                    </array>
                    <array>
                      <string>fouls</string>
                      <array>
                        <number value="1"/>
                      </array>
                    </array>
                    <array>
                      <string>formation_place</string>
                      <array>
                        <number value="4"/>
                      </array>
                    </array>
                  </array>
                </array>
                <number value="3"/>
                <string>MC</string>
                <number value="14"/>
                <number value="1"/>
                <number value="62"/>
                <string>D(C),DMC</string>
                <number value="28"/>
                <number value="180"/>
                <number value="76"/>
              </array>
              <array>
                <number value="69878"/>
                <string>Ryan Mason</string>
                <number value="5.99"/>
                <array>
                  <array>
                    <array>
                      <string>accurate_pass</string>
                      <array>
                        <number value="13"/>
                      </array>
                    </array>
                    <array>
                      <string>touches</string>
                      <array>
                        <number value="23"/>
                      </array>
                    </array>
                    <array>
                      <string>total_pass</string>
                      <array>
                        <number value="17"/>
                      </array>
                    </array>
                    <array>
                      <string>total_tackle</string>
                      <array>
                        <number value="1"/>
                      </array>
                    </array>
                    <array>
                      <string>aerial_lost</string>
                      <array>
                        <number value="2"/>
                      </array>
                    </array>
                    <array>
                      <string>formation_place</string>
                      <array>
                        <number value="11"/>
                      </array>
                    </array>
                  </array>
                </array>
                <number value="3"/>
                <string>ML</string>
                <number value="25"/>
                <number value="1"/>
                <number value="62"/>
                <string>DMC</string>
                <number value="26"/>
                <number value="175"/>
                <number value="68"/>
              </array>
              <array>
                <number value="134459"/>
                <string>Sam Clucas</string>
                <number value="6.96"/>
                <array>
                  <array>
                    <array>
                      <string>accurate_pass</string>
                      <array>
                        <number value="28"/>
                      </array>
                    </array>
                    <array>
                      <string>touches</string>
                      <array>
                        <number value="50"/>
                      </array>
                    </array>
                    <array>
                      <string>won_contest</string>
                      <array>
                        <number value="4"/>
                      </array>
                    </array>
                    <array>
                      <string>total_scoring_att</string>
                      <array>
                        <number value="3"/>
                      </array>
                    </array>
                    <array>
                      <string>aerial_won</string>
                      <array>
                        <number value="2"/>
                      </array>
                    </array>
                    <array>
                      <string>total_pass</string>
                      <array>
                        <number value="33"/>
                      </array>
                    </array>
                    <array>
                      <string>total_tackle</string>
                      <array>
                        <number value="1"/>
                      </array>
                    </array>
                    <array>
                      <string>aerial_lost</string>
                      <array>
                        <number value="2"/>
                      </array>
                    </array>
                    <array>
                      <string>formation_place</string>
                      <array>
                        <number value="8"/>
                      </array>
                    </array>
                  </array>
                </array>
                <number value="3"/>
                <string>MC</string>
                <number value="11"/>
                <number value="0"/>
                <number value="0"/>
                <string>M(CL)</string>
                <number value="27"/>
                <number value="178"/>
                <number value="75"/>
              </array>
              <array>
                <number value="9767"/>
                <string>Robert Snodgrass</string>
                <number value="6.39"/>
                <array>
                  <array>
                    <array>
                      <string>blocked_scoring_att</string>
                      <array>
                        <number value="1"/>
                      </array>
                    </array>
                    <array>
                      <string>accurate_pass</string>
                      <array>
                        <number value="23"/>
                      </array>
                    </array>
                    <array>
                      <string>touches</string>
                      <array>
                        <number value="56"/>
                      </array>
                    </array>
                    <array>
                      <string>total_scoring_att</string>
                      <array>
                        <number value="1"/>
                      </array>
                    </array>
                    <array>
                      <string>aerial_won</string>
                      <array>
                        <number value="2"/>
                      </array>
                    </array>
                    <array>
                      <string>total_pass</string>
                      <array>
                        <number value="30"/>
                      </array>
                    </array>
                    <array>
                      <string>total_tackle</string>
                      <array>
                        <number value="4"/>
                      </array>
                    </array>
                    <array>
                      <string>aerial_lost</string>
                      <array>
                        <number value="2"/>
                      </array>
                    </array>
                    <array>
                      <string>fouls</string>
                      <array>
                        <number value="2"/>
                      </array>
                    </array>
                    <array>
                      <string>formation_place</string>
                      <array>
                        <number value="7"/>
                      </array>
                    </array>
                  </array>
                </array>
                <number value="3"/>
                <string>MR</string>
                <number value="10"/>
                <number value="0"/>
                <number value="0"/>
                <string>AM(CLR)</string>
                <number value="30"/>
                <number value="182"/>
                <number value="82"/>
              </array>
              <array>
                <number value="69090"/>
                <string>Markus Henriksen</string>
                <number value="6.55"/>
                <array>
                  <array>
                    <array>
                      <string>accurate_pass</string>
                      <array>
                        <number value="11"/>
                      </array>
                    </array>
                    <array>
                      <string>touches</string>
                      <array>
                        <number value="24"/>
                      </array>
                    </array>
                    <array>
                      <string>aerial_won</string>
                      <array>
                        <number value="2"/>
                      </array>
                    </array>
                    <array>
                      <string>total_pass</string>
                      <array>
                        <number value="17"/>
                      </array>
                    </array>
                    <array>
                      <string>total_tackle</string>
                      <array>
                        <number value="3"/>
                      </array>
                    </array>
                    <array>
                      <string>aerial_lost</string>
                      <array>
                        <number value="1"/>
                      </array>
                    </array>
                    <array>
                      <string>fouls</string>
                      <array>
                        <number value="2"/>
                      </array>
                    </array>
                    <array>
                      <string>formation_place</string>
                      <array>
                        <number value="10"/>
                      </array>
                    </array>
                  </array>
                </array>
                <number value="4"/>
                <string>AMC</string>
                <number value="22"/>
                <number value="1"/>
                <number value="81"/>
                <string>M(C)</string>
                <number value="25"/>
                <number value="187"/>
                <number value="85"/>
              </array>
              <array>
                <number value="243562"/>
                <string>Adama Diomande</string>
                <number value="5.94"/>
                <array>
                  <array>
                    <array>
                      <string>accurate_pass</string>
                      <array>
                        <number value="10"/>
                      </array>
                    </array>
                    <array>
                      <string>touches</string>
                      <array>
                        <number value="29"/>
                      </array>
                    </array>
                    <array>
                      <string>total_scoring_att</string>
                      <array>
                        <number value="1"/>
                      </array>
                    </array>
                    <array>
                      <string>total_pass</string>
                      <array>
                        <number value="13"/>
                      </array>
                    </array>
                    <array>
                      <string>total_tackle</string>
                      <array>
                        <number value="1"/>
                      </array>
                    </array>
                    <array>
                      <string>aerial_lost</string>
                      <array>
                        <number value="4"/>
                      </array>
                    </array>
                    <array>
                      <string>fouls</string>
                      <array>
                        <number value="1"/>
                      </array>
                    </array>
                    <array>
                      <string>formation_place</string>
                      <array>
                        <number value="9"/>
                      </array>
                    </array>
                  </array>
                </array>
                <number value="4"/>
                <string>FW</string>
                <number value="20"/>
                <number value="0"/>
                <number value="0"/>
                <string>AM(L),FW</string>
                <number value="27"/>
                <number value="180"/>
                <number value="75"/>
              </array>
              <array>
                <number value="8194"/>
                <string>Tom Huddlestone</string>
                <number value="6.15"/>
                <array>
                  <array>
                    <array>
                      <string>accurate_pass</string>
                      <array>
                        <number value="22"/>
                      </array>
                    </array>
                    <array>
                      <string>touches</string>
                      <array>
                        <number value="28"/>
                      </array>
                    </array>
                    <array>
                      <string>aerial_won</string>
                      <array>
                        <number value="1"/>
                      </array>
                    </array>
                    <array>
                      <string>total_pass</string>
                      <array>
                        <number value="27"/>
                      </array>
                    </array>
                    <array>
                      <string>fouls</string>
                      <array>
                        <number value="1"/>
                      </array>
                    </array>
                    <array>
                      <string>formation_place</string>
                      <array>
                        <number value="0"/>
                      </array>
                    </array>
                  </array>
                </array>
                <number value="5"/>
                <string>Sub</string>
                <number value="8"/>
                <number value="2"/>
                <number value="62"/>
                <string>DMC</string>
                <number value="30"/>
                <number value="188"/>
                <number value="80"/>
              </array>
              <array>
                <number value="303743"/>
                <string>Josh Tymon</string>
                <number value="0"/>
                <array>
                  <array>
                    <array>
                      <string>formation_place</string>
                      <array>
                        <number value="0"/>
                      </array>
                    </array>
                  </array>
                </array>
                <number value="5"/>
                <string>Sub</string>
                <number value="28"/>
                <number value="0"/>
                <number value="0"/>
                <string>Defender</string>
                <number value="18"/>
                <number value="178"/>
                <number value="74"/>
              </array>
              <array>
                <number value="322596"/>
                <string>Jarrod Bowen</string>
                <number value="6"/>
                <array>
                  <array>
                    <array>
                      <string>accurate_pass</string>
                      <array>
                        <number value="8"/>
                      </array>
                    </array>
                    <array>
                      <string>touches</string>
                      <array>
                        <number value="14"/>
                      </array>
                    </array>
                    <array>
                      <string>total_pass</string>
                      <array>
                        <number value="13"/>
                      </array>
                    </array>
                    <array>
                      <string>fouls</string>
                      <array>
                        <number value="1"/>
                      </array>
                    </array>
                    <array>
                      <string>formation_place</string>
                      <array>
                        <number value="0"/>
                      </array>
                    </array>
                  </array>
                </array>
                <number value="5"/>
                <string>Sub</string>
                <number value="29"/>
                <number value="2"/>
                <number value="62"/>
                <string>AM(R)</string>
                <number value="20"/>
                <number value="175"/>
              </array>
              <array>
                <number value="41589"/>
                <string>David Meyler</string>
                <number value="6.33"/>
                <array>
                  <array>
                    <array>
                      <string>accurate_pass</string>
                      <array>
                        <number value="5"/>
                      </array>
                    </array>
                    <array>
                      <string>touches</string>
                      <array>
                        <number value="12"/>
                      </array>
                    </array>
                    <array>
                      <string>won_contest</string>
                      <array>
                        <number value="1"/>
                      </array>
                    </array>
                    <array>
                      <string>total_pass</string>
                      <array>
                        <number value="7"/>
                      </array>
                    </array>
                    <array>
                      <string>total_tackle</string>
                      <array>
                        <number value="1"/>
                      </array>
                    </array>
                    <array>
                      <string>formation_place</string>
                      <array>
                        <number value="0"/>
                      </array>
                    </array>
                  </array>
                </array>
                <number value="5"/>
                <string>Sub</string>
                <number value="7"/>
                <number value="2"/>
                <number value="81"/>
                <string>D(R),DMC,M(LR)</string>
                <number value="28"/>
                <number value="189"/>
                <number value="81"/>
              </array>
              <array>
                <number value="99487"/>
                <string>Harry Maguire</string>
                <number value="0"/>
                <array>
                  <array>
                    <array>
                      <string>formation_place</string>
                      <array>
                        <number value="0"/>
                      </array>
                    </array>
                  </array>
                </array>
                <number value="5"/>
                <string>Sub</string>
                <number value="5"/>
                <number value="0"/>
                <number value="0"/>
                <string>D(C)</string>
                <number value="24"/>
                <number value="194"/>
                <number value="100"/>
              </array>
              <array>
                <number value="18310"/>
                <string>Eldin Jakupovic</string>
                <number value="0"/>
                <array>
                  <array>
                    <array>
                      <string>formation_place</string>
                      <array>
                        <number value="0"/>
                      </array>
                    </array>
                  </array>
                </array>
                <number value="5"/>
                <string>Sub</string>
                <number value="16"/>
                <number value="0"/>
                <number value="0"/>
                <string>GK</string>
                <number value="33"/>
                <number value="191"/>
                <number value="85"/>
              </array>
              <array>
                <number value="302386"/>
                <string>James Weir</string>
                <number value="0"/>
                <array>
                  <array>
                    <array>
                      <string>formation_place</string>
                      <array>
                        <number value="0"/>
                      </array>
                    </array>
                  </array>
                </array>
                <number value="5"/>
                <string>Sub</string>
                <number value="17"/>
                <number value="0"/>
                <number value="0"/>
                <string>Midfielder</string>
                <number value="22"/>
                <number value="177"/>
                <number value="71"/>
              </array>
            </array>
            <array>
              <string>4411</string>
              <array>
                <array>
                  <number value="5"/>
                  <number value="1"/>
                </array>
                <array>
                  <number value="2"/>
                  <number value="3"/>
                </array>
                <array>
                  <number value="8"/>
                  <number value="3"/>
                </array>
                <array>
                  <number value="4"/>
                  <number value="5"/>
                </array>
                <array>
                  <number value="4"/>
                  <number value="3"/>
                </array>
                <array>
                  <number value="6"/>
                  <number value="3"/>
                </array>
                <array>
                  <number value="2"/>
                  <number value="5"/>
                </array>
                <array>
                  <number value="6"/>
                  <number value="5"/>
                </array>
                <array>
                  <number value="5"/>
                  <number value="9"/>
                </array>
                <array>
                  <number value="5"/>
                  <number value="7"/>
                </array>
                <array>
                  <number value="8"/>
                  <number value="5"/>
                </array>
              </array>
            </array>
          </array>
        </array>
      </array>
      <number value="0"/>
    </array>
  </var>
  <var name="liveTeamStatsInfoConfig">
    <object>
      <property name="view">
        <object>
          <property name="renderTo">
            <string>match-report-team-statistics</string>
          </property>
          <property name="width">
            <number value="250"/>
          </property>
          <property name="labelWidth">
            <number value="100"/>
          </property>
        </object>
      </property>
      <property name="model">
        <object>
          <property name="instanceType">
            <identifier name="LiveTeamStatsSummaryInfoModel"/>
          </property>
          <property name="labelGroups">
            <array>
              <object>
                <property name="start">
                  <number value="0"/>
                </property>
                <property name="end">
                  <number value="5"/>
                </property>
                <property name="clazz">
                  <string>no-top-margin</string>
                </property>
                <property name="labelWidth">
                  <number value="120"/>
                </property>
                <property name="statValueWidth">
                  <number value="60"/>
                </property>
                <property name="hideBars">
                  <boolean>true</boolean>
                </property>
              </object>
              <object>
                <property name="start">
                  <number value="6"/>
                </property>
                <property name="end">
                  <number value="6"/>
                </property>
                <property name="title">
                  <string>Possession</string>
                </property>
                <property name="labelWidth">
                  <number value="0"/>
                </property>
              </object>
            </array>
          </property>
          <property name="labels">
            <array>
              <object>
                <property name="type">
                  <string>value</string>
                </property>
                <property name="displayValue">
                  <string>Shots</string>
                </property>
              </object>
              <object>
                <property name="type">
                  <string>value</string>
                </property>
                <property name="displayValue">
                  <string>Shots on target</string>
                </property>
              </object>
              <object>
                <property name="type">
                  <string>percentage</string>
                </property>
                <property name="displayValue">
                  <string>Pass Success %</string>
                </property>
              </object>
              <object>
                <property name="type">
                  <string>percentage</string>
                </property>
                <property name="displayValue">
                  <string>Aerial Duel Success</string>
                </property>
              </object>
              <object>
                <property name="type">
                  <string>value</string>
                </property>
                <property name="displayValue">
                  <string>Dribbles won</string>
                </property>
              </object>
              <object>
                <property name="type">
                  <string>value</string>
                </property>
                <property name="displayValue">
                  <string>Tackles</string>
                </property>
              </object>
              <object>
                <property name="type">
                  <string>percentage</string>
                </property>
                <property name="displayValue">
                  <string></string>
                </property>
              </object>
            </array>
          </property>
        </object>
      </property>
    </object>
  </var>
  <var name="liveTeamStatsInfo">
    <new>
      <dotaccessor>
        <object>
          <dotaccessor>
            <object>
              <identifier name="WS"/>
            </object>
            <property>
              <identifier name="Stats"/>
            </property>
          </dotaccessor>
        </object>
        <property>
          <identifier name="Info"/>
        </property>
      </dotaccessor>
      <arguments>
        <identifier name="liveTeamStatsInfoConfig"/>
      </arguments>
    </new>
  </var>
  <functioncall>
    <function>
      <dotaccessor>
        <object>
          <identifier name="liveTeamStatsInfo"/>
        </object>
        <property>
          <identifier name="load"/>
        </property>
      </dotaccessor>
    </function>
    <arguments>
      <object>
        <property name="home">
          <bracketaccessor>
            <object>
              <bracketaccessor>
                <object>
                  <bracketaccessor>
                    <object>
                      <identifier name="matchStats"/>
                    </object>
                    <property>
                      <number value="0"/>
                    </property>
                  </bracketaccessor>
                </object>
                <property>
                  <number value="2"/>
                </property>
              </bracketaccessor>
            </object>
            <property>
              <number value="0"/>
            </property>
          </bracketaccessor>
        </property>
        <property name="away">
          <bracketaccessor>
            <object>
              <bracketaccessor>
                <object>
                  <bracketaccessor>
                    <object>
                      <identifier name="matchStats"/>
                    </object>
                    <property>
                      <number value="0"/>
                    </property>
                  </bracketaccessor>
                </object>
                <property>
                  <number value="2"/>
                </property>
              </bracketaccessor>
            </object>
            <property>
              <number value="1"/>
            </property>
          </bracketaccessor>
        </property>
      </object>
    </arguments>
  </functioncall>
  <functioncall>
    <function>
      <dotaccessor>
        <object>
          <functioncall>
            <function>
              <identifier name="$"/>
            </function>
            <arguments>
              <identifier name="document"/>
            </arguments>
          </functioncall>
        </object>
        <property>
          <identifier name="bind"/>
        </property>
      </dotaccessor>
    </function>
    <arguments>
      <binaryoperation operation="+">
        <left>
          <binaryoperation operation="+">
            <left>
              <string>match-live-player-stats-</string>
            </left>
            <right>
              <number value="1080643"/>
            </right>
          </binaryoperation>
        </left>
        <right>
          <string>-updated</string>
        </right>
      </binaryoperation>
      <funcexpr>
        <identifier/>
        <parameters>
          <identifier name="options"/>
          <identifier name="data"/>
        </parameters>
        <body>
          <functioncall>
            <function>
              <dotaccessor>
                <object>
                  <identifier name="liveTeamStatsInfo"/>
                </object>
                <property>
                  <identifier name="load"/>
                </property>
              </dotaccessor>
            </function>
            <arguments>
              <object>
                <property name="home">
                  <bracketaccessor>
                    <object>
                      <bracketaccessor>
                        <object>
                          <identifier name="data"/>
                        </object>
                        <property>
                          <number value="1"/>
                        </property>
                      </bracketaccessor>
                    </object>
                    <property>
                      <number value="0"/>
                    </property>
                  </bracketaccessor>
                </property>
                <property name="away">
                  <bracketaccessor>
                    <object>
                      <bracketaccessor>
                        <object>
                          <identifier name="data"/>
                        </object>
                        <property>
                          <number value="1"/>
                        </property>
                      </bracketaccessor>
                    </object>
                    <property>
                      <number value="1"/>
                    </property>
                  </bracketaccessor>
                </property>
              </object>
            </arguments>
          </functioncall>
        </body>
      </funcexpr>
    </arguments>
  </functioncall>
</program>
