<program>
  <var name="matchStats">
    <array>
      <array>
        <array>
          <number value="29"/>
          <number value="18"/>
          <string>West Ham</string>
          <string>Southampton</string>
          <string>25/09/2016 16:00:00</string>
          <string>25/09/2016 00:00:00</string>
          <number value="6"/>
          <string>FT</string>
          <string>0 : 1</string>
          <string>0 : 3</string>
          <undefined/>
          <undefined/>
          <string>0 : 3</string>
          <string>England</string>
          <string>England</string>
        </array>
        <array>
          <array>
            <array>
              <number value="9"/>
              <array/>
              <array>
                <array>
                  <string>Oriol Romeu</string>
                  <undefined/>
                  <string>yellow</string>
                  <undefined/>
                  <undefined/>
                  <number value="9"/>
                  <number value="90780"/>
                  <number value="0"/>
                </array>
              </array>
              <number value="0"/>
              <number value="1"/>
            </array>
            <array>
              <number value="40"/>
              <array/>
              <array>
                <array>
                  <string>Charlie Austin</string>
                  <string>Ryan Bertrand</string>
                  <string>goal</string>
                  <string>(0-1)</string>
                  <undefined/>
                  <number value="40"/>
                  <number value="82102"/>
                  <number value="22846"/>
                </array>
              </array>
              <number value="0"/>
              <number value="1"/>
            </array>
            <array>
              <number value="45"/>
              <array>
                <array>
                  <string>Manuel Lanzini</string>
                  <string>Sofiane Feghouli</string>
                  <string>subst</string>
                  <undefined/>
                  <undefined/>
                  <number value="45"/>
                  <number value="89998"/>
                  <number value="34239"/>
                </array>
              </array>
              <array/>
              <number value="1"/>
              <number value="0"/>
            </array>
            <array>
              <number value="55"/>
              <array>
                <array>
                  <string>Mark Noble</string>
                  <undefined/>
                  <string>yellow</string>
                  <undefined/>
                  <undefined/>
                  <number value="55"/>
                  <number value="8247"/>
                  <number value="0"/>
                </array>
              </array>
              <array/>
              <number value="1"/>
              <number value="0"/>
            </array>
            <array>
              <number value="59"/>
              <array>
                <array>
                  <string>Simone Zaza</string>
                  <undefined/>
                  <string>yellow</string>
                  <undefined/>
                  <undefined/>
                  <number value="59"/>
                  <number value="71647"/>
                  <number value="0"/>
                </array>
              </array>
              <array/>
              <number value="1"/>
              <number value="0"/>
            </array>
            <array>
              <number value="62"/>
              <array/>
              <array>
                <array>
                  <string>Dusan Tadic</string>
                  <string>Charlie Austin</string>
                  <string>goal</string>
                  <string>(0-2)</string>
                  <undefined/>
                  <number value="62"/>
                  <number value="29474"/>
                  <number value="82102"/>
                </array>
              </array>
              <number value="0"/>
              <number value="1"/>
            </array>
            <array>
              <number value="68"/>
              <array/>
              <array>
                <array>
                  <string>Virgil van Dijk</string>
                  <undefined/>
                  <string>yellow</string>
                  <undefined/>
                  <undefined/>
                  <number value="68"/>
                  <number value="95408"/>
                  <number value="0"/>
                </array>
              </array>
              <number value="0"/>
              <number value="1"/>
            </array>
            <array>
              <number value="71"/>
              <array>
                <array>
                  <string>Håvard Nordtveit</string>
                  <string>Ashley Fletcher</string>
                  <string>subst</string>
                  <undefined/>
                  <undefined/>
                  <number value="71"/>
                  <number value="21742"/>
                  <number value="302206"/>
                </array>
              </array>
              <array/>
              <number value="1"/>
              <number value="0"/>
            </array>
            <array>
              <number value="72"/>
              <array>
                <array>
                  <string>Álvaro Arbeloa</string>
                  <undefined/>
                  <string>yellow</string>
                  <undefined/>
                  <undefined/>
                  <number value="72"/>
                  <number value="11104"/>
                  <number value="0"/>
                </array>
              </array>
              <array/>
              <number value="1"/>
              <number value="0"/>
            </array>
            <array>
              <number value="74"/>
              <array/>
              <array>
                <array>
                  <string>Charlie Austin</string>
                  <string>Shane Long</string>
                  <string>subst</string>
                  <undefined/>
                  <undefined/>
                  <number value="74"/>
                  <number value="82102"/>
                  <number value="13798"/>
                </array>
              </array>
              <number value="0"/>
              <number value="1"/>
            </array>
            <array>
              <number value="80"/>
              <array/>
              <array>
                <array>
                  <string>Dusan Tadic</string>
                  <string>James Ward-Prowse</string>
                  <string>subst</string>
                  <undefined/>
                  <undefined/>
                  <number value="80"/>
                  <number value="29474"/>
                  <number value="105172"/>
                </array>
              </array>
              <number value="0"/>
              <number value="1"/>
            </array>
            <array>
              <number value="81"/>
              <array>
                <array>
                  <string>Winston Reid</string>
                  <undefined/>
                  <string>yellow</string>
                  <undefined/>
                  <undefined/>
                  <number value="81"/>
                  <number value="19277"/>
                  <number value="0"/>
                </array>
              </array>
              <array/>
              <number value="1"/>
              <number value="0"/>
            </array>
            <array>
              <number value="82"/>
              <array>
                <array>
                  <string>Mark Noble</string>
                  <string>Edimilson Fernandes</string>
                  <string>subst</string>
                  <undefined/>
                  <undefined/>
                  <number value="82"/>
                  <number value="8247"/>
                  <number value="130964"/>
                </array>
              </array>
              <array/>
              <number value="1"/>
              <number value="0"/>
            </array>
            <array>
              <number value="89"/>
              <array>
                <array>
                  <string>Dimitri Payet</string>
                  <undefined/>
                  <string>yellow</string>
                  <undefined/>
                  <undefined/>
                  <number value="89"/>
                  <number value="14058"/>
                  <number value="0"/>
                </array>
              </array>
              <array>
                <array>
                  <string>Cédric Soares</string>
                  <string>Cuco Martina</string>
                  <string>subst</string>
                  <undefined/>
                  <undefined/>
                  <number value="89"/>
                  <number value="69945"/>
                  <number value="43712"/>
                </array>
              </array>
              <number value="1"/>
              <number value="1"/>
            </array>
            <array>
              <number value="90"/>
              <array/>
              <array>
                <array>
                  <string>James Ward-Prowse</string>
                  <undefined/>
                  <string>goal</string>
                  <string>(0-3)</string>
                  <undefined/>
                  <number value="90"/>
                  <number value="105172"/>
                  <number value="0"/>
                </array>
              </array>
              <number value="0"/>
              <number value="1"/>
            </array>
          </array>
        </array>
        <array>
          <array>
            <number value="29"/>
            <string>West Ham</string>
            <number value="6.35071428571429"/>
            <array>
              <array>
                <array>
                  <string>blocked_scoring_att</string>
                  <array>
                    <number value="5"/>
                  </array>
                </array>
                <array>
                  <string>accurate_pass</string>
                  <array>
                    <number value="286"/>
                  </array>
                </array>
                <array>
                  <string>att_miss_left</string>
                  <array>
                    <number value="2"/>
                  </array>
                </array>
                <array>
                  <string>won_contest</string>
                  <array>
                    <number value="9"/>
                  </array>
                </array>
                <array>
                  <string>ontarget_scoring_att</string>
                  <array>
                    <number value="1"/>
                  </array>
                </array>
                <array>
                  <string>total_scoring_att</string>
                  <array>
                    <number value="13"/>
                  </array>
                </array>
                <array>
                  <string>total_throws</string>
                  <array>
                    <number value="17"/>
                  </array>
                </array>
                <array>
                  <string>aerial_won</string>
                  <array>
                    <number value="17"/>
                  </array>
                </array>
                <array>
                  <string>total_pass</string>
                  <array>
                    <number value="370"/>
                  </array>
                </array>
                <array>
                  <string>att_miss_high_left</string>
                  <array>
                    <number value="1"/>
                  </array>
                </array>
                <array>
                  <string>att_miss_right</string>
                  <array>
                    <number value="4"/>
                  </array>
                </array>
                <array>
                  <string>total_tackle</string>
                  <array>
                    <number value="7"/>
                  </array>
                </array>
                <array>
                  <string>att_sv_low_centre</string>
                  <array>
                    <number value="1"/>
                  </array>
                </array>
                <array>
                  <string>shot_off_target</string>
                  <array>
                    <number value="7"/>
                  </array>
                </array>
                <array>
                  <string>aerial_lost</string>
                  <array>
                    <number value="12"/>
                  </array>
                </array>
                <array>
                  <string>fk_foul_lost</string>
                  <array>
                    <number value="9"/>
                  </array>
                </array>
                <array>
                  <string>won_corners</string>
                  <array>
                    <number value="7"/>
                  </array>
                </array>
                <array>
                  <string>possession_percentage</string>
                  <array>
                    <number value="45.1"/>
                  </array>
                </array>
              </array>
            </array>
            <array>
              <array>
                <number value="73399"/>
                <string>Adrián</string>
                <number value="7.32"/>
                <array>
                  <array>
                    <array>
                      <string>accurate_pass</string>
                      <array>
                        <number value="9"/>
                      </array>
                    </array>
                    <array>
                      <string>touches</string>
                      <array>
                        <number value="37"/>
                      </array>
                    </array>
                    <array>
                      <string>saves</string>
                      <array>
                        <number value="6"/>
                      </array>
                    </array>
                    <array>
                      <string>aerial_won</string>
                      <array>
                        <number value="1"/>
                      </array>
                    </array>
                    <array>
                      <string>total_pass</string>
                      <array>
                        <number value="22"/>
                      </array>
                    </array>
                    <array>
                      <string>good_high_claim</string>
                      <array>
                        <number value="3"/>
                      </array>
                    </array>
                    <array>
                      <string>formation_place</string>
                      <array>
                        <number value="1"/>
                      </array>
                    </array>
                  </array>
                </array>
                <number value="1"/>
                <string>GK</string>
                <number value="13"/>
                <number value="0"/>
                <number value="0"/>
                <string>GK</string>
                <number value="30"/>
                <number value="190"/>
                <number value="80"/>
              </array>
              <array>
                <number value="19277"/>
                <string>Winston Reid</string>
                <number value="6.74"/>
                <array>
                  <array>
                    <array>
                      <string>accurate_pass</string>
                      <array>
                        <number value="32"/>
                      </array>
                    </array>
                    <array>
                      <string>touches</string>
                      <array>
                        <number value="58"/>
                      </array>
                    </array>
                    <array>
                      <string>yellow_card</string>
                      <array>
                        <number value="1"/>
                      </array>
                    </array>
                    <array>
                      <string>total_scoring_att</string>
                      <array>
                        <number value="2"/>
                      </array>
                    </array>
                    <array>
                      <string>aerial_won</string>
                      <array>
                        <number value="4"/>
                      </array>
                    </array>
                    <array>
                      <string>total_pass</string>
                      <array>
                        <number value="40"/>
                      </array>
                    </array>
                    <array>
                      <string>total_tackle</string>
                      <array>
                        <number value="2"/>
                      </array>
                    </array>
                    <array>
                      <string>fouls</string>
                      <array>
                        <number value="3"/>
                      </array>
                    </array>
                    <array>
                      <string>formation_place</string>
                      <array>
                        <number value="5"/>
                      </array>
                    </array>
                  </array>
                </array>
                <number value="2"/>
                <string>DC</string>
                <number value="2"/>
                <number value="0"/>
                <number value="0"/>
                <string>D(C)</string>
                <number value="29"/>
                <number value="190"/>
                <number value="87"/>
              </array>
              <array>
                <number value="21742"/>
                <string>Håvard Nordtveit</string>
                <number value="5.84"/>
                <array>
                  <array>
                    <array>
                      <string>accurate_pass</string>
                      <array>
                        <number value="18"/>
                      </array>
                    </array>
                    <array>
                      <string>touches</string>
                      <array>
                        <number value="34"/>
                      </array>
                    </array>
                    <array>
                      <string>total_pass</string>
                      <array>
                        <number value="22"/>
                      </array>
                    </array>
                    <array>
                      <string>total_tackle</string>
                      <array>
                        <number value="1"/>
                      </array>
                    </array>
                    <array>
                      <string>fouls</string>
                      <array>
                        <number value="1"/>
                      </array>
                    </array>
                    <array>
                      <string>formation_place</string>
                      <array>
                        <number value="2"/>
                      </array>
                    </array>
                  </array>
                </array>
                <number value="2"/>
                <string>DR</string>
                <number value="4"/>
                <number value="1"/>
                <number value="71"/>
                <string>D(CR),DMC</string>
                <number value="27"/>
                <number value="188"/>
                <number value="83"/>
              </array>
              <array>
                <number value="11104"/>
                <string>Álvaro Arbeloa</string>
                <number value="6.58"/>
                <array>
                  <array>
                    <array>
                      <string>accurate_pass</string>
                      <array>
                        <number value="37"/>
                      </array>
                    </array>
                    <array>
                      <string>touches</string>
                      <array>
                        <number value="63"/>
                      </array>
                    </array>
                    <array>
                      <string>yellow_card</string>
                      <array>
                        <number value="1"/>
                      </array>
                    </array>
                    <array>
                      <string>aerial_won</string>
                      <array>
                        <number value="2"/>
                      </array>
                    </array>
                    <array>
                      <string>total_pass</string>
                      <array>
                        <number value="40"/>
                      </array>
                    </array>
                    <array>
                      <string>total_tackle</string>
                      <array>
                        <number value="2"/>
                      </array>
                    </array>
                    <array>
                      <string>fouls</string>
                      <array>
                        <number value="2"/>
                      </array>
                    </array>
                    <array>
                      <string>formation_place</string>
                      <array>
                        <number value="3"/>
                      </array>
                    </array>
                  </array>
                </array>
                <number value="2"/>
                <string>DL</string>
                <number value="5"/>
                <number value="0"/>
                <number value="0"/>
                <string>D(LR)</string>
                <number value="34"/>
                <number value="184"/>
                <number value="79"/>
              </array>
              <array>
                <number value="23547"/>
                <string>Angelo Ogbonna</string>
                <number value="6.81"/>
                <array>
                  <array>
                    <array>
                      <string>accurate_pass</string>
                      <array>
                        <number value="36"/>
                      </array>
                    </array>
                    <array>
                      <string>touches</string>
                      <array>
                        <number value="65"/>
                      </array>
                    </array>
                    <array>
                      <string>aerial_won</string>
                      <array>
                        <number value="1"/>
                      </array>
                    </array>
                    <array>
                      <string>total_pass</string>
                      <array>
                        <number value="44"/>
                      </array>
                    </array>
                    <array>
                      <string>formation_place</string>
                      <array>
                        <number value="6"/>
                      </array>
                    </array>
                  </array>
                </array>
                <number value="2"/>
                <string>DC</string>
                <number value="21"/>
                <number value="0"/>
                <number value="0"/>
                <string>D(C)</string>
                <number value="29"/>
                <number value="191"/>
                <number value="86"/>
              </array>
              <array>
                <number value="89998"/>
                <string>Manuel Lanzini</string>
                <number value="6.13"/>
                <array>
                  <array>
                    <array>
                      <string>accurate_pass</string>
                      <array>
                        <number value="16"/>
                      </array>
                    </array>
                    <array>
                      <string>touches</string>
                      <array>
                        <number value="29"/>
                      </array>
                    </array>
                    <array>
                      <string>won_contest</string>
                      <array>
                        <number value="1"/>
                      </array>
                    </array>
                    <array>
                      <string>total_pass</string>
                      <array>
                        <number value="23"/>
                      </array>
                    </array>
                    <array>
                      <string>formation_place</string>
                      <array>
                        <number value="10"/>
                      </array>
                    </array>
                  </array>
                </array>
                <number value="3"/>
                <string>AMC</string>
                <number value="10"/>
                <number value="1"/>
                <number value="45"/>
                <string>AM(CLR)</string>
                <number value="24"/>
                <number value="167"/>
                <number value="59"/>
              </array>
              <array>
                <number value="69517"/>
                <string>Michail Antonio</string>
                <number value="6.84"/>
                <array>
                  <array>
                    <array>
                      <string>accurate_pass</string>
                      <array>
                        <number value="13"/>
                      </array>
                    </array>
                    <array>
                      <string>touches</string>
                      <array>
                        <number value="44"/>
                      </array>
                    </array>
                    <array>
                      <string>won_contest</string>
                      <array>
                        <number value="4"/>
                      </array>
                    </array>
                    <array>
                      <string>total_scoring_att</string>
                      <array>
                        <number value="2"/>
                      </array>
                    </array>
                    <array>
                      <string>aerial_won</string>
                      <array>
                        <number value="4"/>
                      </array>
                    </array>
                    <array>
                      <string>total_pass</string>
                      <array>
                        <number value="22"/>
                      </array>
                    </array>
                    <array>
                      <string>aerial_lost</string>
                      <array>
                        <number value="6"/>
                      </array>
                    </array>
                    <array>
                      <string>fouls</string>
                      <array>
                        <number value="1"/>
                      </array>
                    </array>
                    <array>
                      <string>formation_place</string>
                      <array>
                        <number value="7"/>
                      </array>
                    </array>
                  </array>
                </array>
                <number value="3"/>
                <string>AMR</string>
                <number value="30"/>
                <number value="0"/>
                <number value="0"/>
                <string>D(R),M(CLR),FW</string>
                <number value="27"/>
                <number value="180"/>
                <number value="82"/>
              </array>
              <array>
                <number value="8247"/>
                <string>Mark Noble</string>
                <number value="6.42"/>
                <array>
                  <array>
                    <array>
                      <string>blocked_scoring_att</string>
                      <array>
                        <number value="1"/>
                      </array>
                    </array>
                    <array>
                      <string>accurate_pass</string>
                      <array>
                        <number value="48"/>
                      </array>
                    </array>
                    <array>
                      <string>touches</string>
                      <array>
                        <number value="67"/>
                      </array>
                    </array>
                    <array>
                      <string>yellow_card</string>
                      <array>
                        <number value="1"/>
                      </array>
                    </array>
                    <array>
                      <string>total_scoring_att</string>
                      <array>
                        <number value="1"/>
                      </array>
                    </array>
                    <array>
                      <string>total_pass</string>
                      <array>
                        <number value="55"/>
                      </array>
                    </array>
                    <array>
                      <string>fouls</string>
                      <array>
                        <number value="1"/>
                      </array>
                    </array>
                    <array>
                      <string>formation_place</string>
                      <array>
                        <number value="8"/>
                      </array>
                    </array>
                  </array>
                </array>
                <number value="3"/>
                <string>DMC</string>
                <number value="16"/>
                <number value="1"/>
                <number value="82"/>
                <string>M(C)</string>
                <number value="30"/>
                <number value="180"/>
                <number value="70"/>
              </array>
              <array>
                <number value="14058"/>
                <string>Dimitri Payet</string>
                <number value="6.54"/>
                <array>
                  <array>
                    <array>
                      <string>blocked_scoring_att</string>
                      <array>
                        <number value="2"/>
                      </array>
                    </array>
                    <array>
                      <string>accurate_pass</string>
                      <array>
                        <number value="26"/>
                      </array>
                    </array>
                    <array>
                      <string>touches</string>
                      <array>
                        <number value="63"/>
                      </array>
                    </array>
                    <array>
                      <string>yellow_card</string>
                      <array>
                        <number value="1"/>
                      </array>
                    </array>
                    <array>
                      <string>won_contest</string>
                      <array>
                        <number value="3"/>
                      </array>
                    </array>
                    <array>
                      <string>total_scoring_att</string>
                      <array>
                        <number value="3"/>
                      </array>
                    </array>
                    <array>
                      <string>total_pass</string>
                      <array>
                        <number value="35"/>
                      </array>
                    </array>
                    <array>
                      <string>total_tackle</string>
                      <array>
                        <number value="1"/>
                      </array>
                    </array>
                    <array>
                      <string>formation_place</string>
                      <array>
                        <number value="11"/>
                      </array>
                    </array>
                  </array>
                </array>
                <number value="3"/>
                <string>AML</string>
                <number value="27"/>
                <number value="0"/>
                <number value="0"/>
                <string>M(CLR)</string>
                <number value="30"/>
                <number value="175"/>
                <number value="77"/>
              </array>
              <array>
                <number value="66741"/>
                <string>Cheikhou Kouyaté</string>
                <number value="5.4"/>
                <array>
                  <array>
                    <array>
                      <string>accurate_pass</string>
                      <array>
                        <number value="15"/>
                      </array>
                    </array>
                    <array>
                      <string>touches</string>
                      <array>
                        <number value="38"/>
                      </array>
                    </array>
                    <array>
                      <string>won_contest</string>
                      <array>
                        <number value="1"/>
                      </array>
                    </array>
                    <array>
                      <string>error_lead_to_goal</string>
                      <array>
                        <number value="1"/>
                      </array>
                    </array>
                    <array>
                      <string>aerial_won</string>
                      <array>
                        <number value="2"/>
                      </array>
                    </array>
                    <array>
                      <string>total_pass</string>
                      <array>
                        <number value="21"/>
                      </array>
                    </array>
                    <array>
                      <string>total_tackle</string>
                      <array>
                        <number value="1"/>
                      </array>
                    </array>
                    <array>
                      <string>aerial_lost</string>
                      <array>
                        <number value="3"/>
                      </array>
                    </array>
                    <array>
                      <string>fouls</string>
                      <array>
                        <number value="1"/>
                      </array>
                    </array>
                    <array>
                      <string>formation_place</string>
                      <array>
                        <number value="4"/>
                      </array>
                    </array>
                  </array>
                </array>
                <number value="3"/>
                <string>DMC</string>
                <number value="8"/>
                <number value="0"/>
                <number value="0"/>
                <string>D(CR),DMC</string>
                <number value="27"/>
                <number value="189"/>
                <number value="83"/>
              </array>
              <array>
                <number value="71647"/>
                <string>Simone Zaza</string>
                <number value="5.83"/>
                <array>
                  <array>
                    <array>
                      <string>blocked_scoring_att</string>
                      <array>
                        <number value="1"/>
                      </array>
                    </array>
                    <array>
                      <string>accurate_pass</string>
                      <array>
                        <number value="10"/>
                      </array>
                    </array>
                    <array>
                      <string>touches</string>
                      <array>
                        <number value="25"/>
                      </array>
                    </array>
                    <array>
                      <string>yellow_card</string>
                      <array>
                        <number value="1"/>
                      </array>
                    </array>
                    <array>
                      <string>total_scoring_att</string>
                      <array>
                        <number value="3"/>
                      </array>
                    </array>
                    <array>
                      <string>aerial_won</string>
                      <array>
                        <number value="1"/>
                      </array>
                    </array>
                    <array>
                      <string>total_pass</string>
                      <array>
                        <number value="14"/>
                      </array>
                    </array>
                    <array>
                      <string>aerial_lost</string>
                      <array>
                        <number value="1"/>
                      </array>
                    </array>
                    <array>
                      <string>formation_place</string>
                      <array>
                        <number value="9"/>
                      </array>
                    </array>
                  </array>
                </array>
                <number value="4"/>
                <string>FW</string>
                <number value="11"/>
                <number value="0"/>
                <number value="0"/>
                <string>FW</string>
                <number value="26"/>
                <number value="186"/>
                <number value="84"/>
              </array>
              <array>
                <number value="70676"/>
                <string>Pedro Obiang</string>
                <number value="0"/>
                <array>
                  <array>
                    <array>
                      <string>formation_place</string>
                      <array>
                        <number value="0"/>
                      </array>
                    </array>
                  </array>
                </array>
                <number value="5"/>
                <string>Sub</string>
                <number value="14"/>
                <number value="0"/>
                <number value="0"/>
                <string>DMC</string>
                <number value="25"/>
                <number value="185"/>
                <number value="75"/>
              </array>
              <array>
                <number value="260779"/>
                <string>Reece Oxford</string>
                <number value="0"/>
                <array>
                  <array>
                    <array>
                      <string>formation_place</string>
                      <array>
                        <number value="0"/>
                      </array>
                    </array>
                  </array>
                </array>
                <number value="5"/>
                <string>Sub</string>
                <number value="35"/>
                <number value="0"/>
                <number value="0"/>
                <string>Defender</string>
                <number value="18"/>
                <number value="191"/>
                <number value="78"/>
              </array>
              <array>
                <number value="302206"/>
                <string>Ashley Fletcher</string>
                <number value="6.08"/>
                <array>
                  <array>
                    <array>
                      <string>accurate_pass</string>
                      <array>
                        <number value="6"/>
                      </array>
                    </array>
                    <array>
                      <string>touches</string>
                      <array>
                        <number value="11"/>
                      </array>
                    </array>
                    <array>
                      <string>total_scoring_att</string>
                      <array>
                        <number value="1"/>
                      </array>
                    </array>
                    <array>
                      <string>aerial_won</string>
                      <array>
                        <number value="1"/>
                      </array>
                    </array>
                    <array>
                      <string>total_pass</string>
                      <array>
                        <number value="8"/>
                      </array>
                    </array>
                    <array>
                      <string>aerial_lost</string>
                      <array>
                        <number value="2"/>
                      </array>
                    </array>
                    <array>
                      <string>formation_place</string>
                      <array>
                        <number value="0"/>
                      </array>
                    </array>
                  </array>
                </array>
                <number value="5"/>
                <string>Sub</string>
                <number value="24"/>
                <number value="2"/>
                <number value="71"/>
                <string>FW</string>
                <number value="22"/>
                <number value="185"/>
                <number value="78"/>
              </array>
              <array>
                <number value="34239"/>
                <string>Sofiane Feghouli</string>
                <number value="6.34"/>
                <array>
                  <array>
                    <array>
                      <string>blocked_scoring_att</string>
                      <array>
                        <number value="1"/>
                      </array>
                    </array>
                    <array>
                      <string>accurate_pass</string>
                      <array>
                        <number value="10"/>
                      </array>
                    </array>
                    <array>
                      <string>touches</string>
                      <array>
                        <number value="30"/>
                      </array>
                    </array>
                    <array>
                      <string>total_scoring_att</string>
                      <array>
                        <number value="1"/>
                      </array>
                    </array>
                    <array>
                      <string>aerial_won</string>
                      <array>
                        <number value="1"/>
                      </array>
                    </array>
                    <array>
                      <string>total_pass</string>
                      <array>
                        <number value="13"/>
                      </array>
                    </array>
                    <array>
                      <string>formation_place</string>
                      <array>
                        <number value="0"/>
                      </array>
                    </array>
                  </array>
                </array>
                <number value="5"/>
                <string>Sub</string>
                <number value="7"/>
                <number value="2"/>
                <number value="45"/>
                <string>M(R)</string>
                <number value="27"/>
                <number value="177"/>
                <number value="75"/>
              </array>
              <array>
                <number value="19782"/>
                <string>Darren Randolph</string>
                <number value="0"/>
                <array>
                  <array>
                    <array>
                      <string>formation_place</string>
                      <array>
                        <number value="0"/>
                      </array>
                    </array>
                  </array>
                </array>
                <number value="5"/>
                <string>Sub</string>
                <number value="1"/>
                <number value="0"/>
                <number value="0"/>
                <string>GK</string>
                <number value="30"/>
                <number value="188"/>
                <number value="98"/>
              </array>
              <array>
                <number value="118303"/>
                <string>Sam Byram</string>
                <number value="0"/>
                <array>
                  <array>
                    <array>
                      <string>formation_place</string>
                      <array>
                        <number value="0"/>
                      </array>
                    </array>
                  </array>
                </array>
                <number value="5"/>
                <string>Sub</string>
                <number value="22"/>
                <number value="0"/>
                <number value="0"/>
                <string>D(R),M(R)</string>
                <number value="24"/>
                <number value="180"/>
                <number value="72"/>
              </array>
              <array>
                <number value="130964"/>
                <string>Edimilson Fernandes</string>
                <number value="6.04"/>
                <array>
                  <array>
                    <array>
                      <string>accurate_pass</string>
                      <array>
                        <number value="10"/>
                      </array>
                    </array>
                    <array>
                      <string>touches</string>
                      <array>
                        <number value="12"/>
                      </array>
                    </array>
                    <array>
                      <string>total_pass</string>
                      <array>
                        <number value="11"/>
                      </array>
                    </array>
                    <array>
                      <string>formation_place</string>
                      <array>
                        <number value="0"/>
                      </array>
                    </array>
                  </array>
                </array>
                <number value="5"/>
                <string>Sub</string>
                <number value="31"/>
                <number value="2"/>
                <number value="82"/>
                <string>M(CR)</string>
                <number value="21"/>
                <number value="190"/>
                <number value="70"/>
              </array>
            </array>
            <array>
              <string>4231</string>
              <array>
                <array>
                  <number value="5"/>
                  <number value="1"/>
                </array>
                <array>
                  <number value="8"/>
                  <number value="3"/>
                </array>
                <array>
                  <number value="2"/>
                  <number value="3"/>
                </array>
                <array>
                  <number value="4"/>
                  <number value="5"/>
                </array>
                <array>
                  <number value="6"/>
                  <number value="3"/>
                </array>
                <array>
                  <number value="4"/>
                  <number value="3"/>
                </array>
                <array>
                  <number value="7"/>
                  <number value="7"/>
                </array>
                <array>
                  <number value="6"/>
                  <number value="5"/>
                </array>
                <array>
                  <number value="5"/>
                  <number value="9"/>
                </array>
                <array>
                  <number value="5"/>
                  <number value="7"/>
                </array>
                <array>
                  <number value="3"/>
                  <number value="7"/>
                </array>
              </array>
            </array>
          </array>
          <array>
            <number value="18"/>
            <string>Southampton</string>
            <number value="7.405"/>
            <array>
              <array>
                <array>
                  <string>blocked_scoring_att</string>
                  <array>
                    <number value="4"/>
                  </array>
                </array>
                <array>
                  <string>accurate_pass</string>
                  <array>
                    <number value="386"/>
                  </array>
                </array>
                <array>
                  <string>att_miss_left</string>
                  <array>
                    <number value="2"/>
                  </array>
                </array>
                <array>
                  <string>won_contest</string>
                  <array>
                    <number value="5"/>
                  </array>
                </array>
                <array>
                  <string>att_sv_high_centre</string>
                  <array>
                    <number value="2"/>
                  </array>
                </array>
                <array>
                  <string>ontarget_scoring_att</string>
                  <array>
                    <number value="9"/>
                  </array>
                </array>
                <array>
                  <string>total_scoring_att</string>
                  <array>
                    <number value="18"/>
                  </array>
                </array>
                <array>
                  <string>att_goal_low_centre</string>
                  <array>
                    <number value="1"/>
                  </array>
                </array>
                <array>
                  <string>total_throws</string>
                  <array>
                    <number value="17"/>
                  </array>
                </array>
                <array>
                  <string>aerial_won</string>
                  <array>
                    <number value="12"/>
                  </array>
                </array>
                <array>
                  <string>total_pass</string>
                  <array>
                    <number value="472"/>
                  </array>
                </array>
                <array>
                  <string>goals</string>
                  <array>
                    <number value="3"/>
                  </array>
                </array>
                <array>
                  <string>att_miss_right</string>
                  <array>
                    <number value="2"/>
                  </array>
                </array>
                <array>
                  <string>total_tackle</string>
                  <array>
                    <number value="19"/>
                  </array>
                </array>
                <array>
                  <string>att_sv_low_centre</string>
                  <array>
                    <number value="3"/>
                  </array>
                </array>
                <array>
                  <string>att_goal_low_right</string>
                  <array>
                    <number value="2"/>
                  </array>
                </array>
                <array>
                  <string>shot_off_target</string>
                  <array>
                    <number value="5"/>
                  </array>
                </array>
                <array>
                  <string>aerial_lost</string>
                  <array>
                    <number value="17"/>
                  </array>
                </array>
                <array>
                  <string>att_sv_low_right</string>
                  <array>
                    <number value="1"/>
                  </array>
                </array>
                <array>
                  <string>fk_foul_lost</string>
                  <array>
                    <number value="14"/>
                  </array>
                </array>
                <array>
                  <string>won_corners</string>
                  <array>
                    <number value="2"/>
                  </array>
                </array>
                <array>
                  <string>possession_percentage</string>
                  <array>
                    <number value="54.9"/>
                  </array>
                </array>
                <array>
                  <string>att_miss_high</string>
                  <array>
                    <number value="1"/>
                  </array>
                </array>
              </array>
            </array>
            <array>
              <array>
                <number value="29796"/>
                <string>Fraser Forster</string>
                <number value="6.82"/>
                <array>
                  <array>
                    <array>
                      <string>accurate_pass</string>
                      <array>
                        <number value="13"/>
                      </array>
                    </array>
                    <array>
                      <string>touches</string>
                      <array>
                        <number value="30"/>
                      </array>
                    </array>
                    <array>
                      <string>won_contest</string>
                      <array>
                        <number value="1"/>
                      </array>
                    </array>
                    <array>
                      <string>total_pass</string>
                      <array>
                        <number value="25"/>
                      </array>
                    </array>
                    <array>
                      <string>good_high_claim</string>
                      <array>
                        <number value="1"/>
                      </array>
                    </array>
                    <array>
                      <string>aerial_lost</string>
                      <array>
                        <number value="1"/>
                      </array>
                    </array>
                    <array>
                      <string>formation_place</string>
                      <array>
                        <number value="1"/>
                      </array>
                    </array>
                  </array>
                </array>
                <number value="1"/>
                <string>GK</string>
                <number value="1"/>
                <number value="0"/>
                <number value="0"/>
                <string>GK</string>
                <number value="29"/>
                <number value="201"/>
                <number value="93"/>
              </array>
              <array>
                <number value="95408"/>
                <string>Virgil van Dijk</string>
                <number value="8.96"/>
                <array>
                  <array>
                    <array>
                      <string>accurate_pass</string>
                      <array>
                        <number value="40"/>
                      </array>
                    </array>
                    <array>
                      <string>touches</string>
                      <array>
                        <number value="69"/>
                      </array>
                    </array>
                    <array>
                      <string>yellow_card</string>
                      <array>
                        <number value="1"/>
                      </array>
                    </array>
                    <array>
                      <string>clearance_off_line</string>
                      <array>
                        <number value="1"/>
                      </array>
                    </array>
                    <array>
                      <string>aerial_won</string>
                      <array>
                        <number value="8"/>
                      </array>
                    </array>
                    <array>
                      <string>total_pass</string>
                      <array>
                        <number value="46"/>
                      </array>
                    </array>
                    <array>
                      <string>aerial_lost</string>
                      <array>
                        <number value="1"/>
                      </array>
                    </array>
                    <array>
                      <string>fouls</string>
                      <array>
                        <number value="1"/>
                      </array>
                    </array>
                    <array>
                      <string>formation_place</string>
                      <array>
                        <number value="6"/>
                      </array>
                    </array>
                    <array>
                      <string>man_of_the_match</string>
                      <array>
                        <number value="1"/>
                      </array>
                    </array>
                  </array>
                </array>
                <number value="2"/>
                <string>DC</string>
                <number value="17"/>
                <number value="0"/>
                <number value="0"/>
                <string>D(C)</string>
                <number value="26"/>
                <number value="193"/>
                <number value="92"/>
              </array>
              <array>
                <number value="19859"/>
                <string>José Fonte</string>
                <number value="7.6"/>
                <array>
                  <array>
                    <array>
                      <string>accurate_pass</string>
                      <array>
                        <number value="52"/>
                      </array>
                    </array>
                    <array>
                      <string>touches</string>
                      <array>
                        <number value="79"/>
                      </array>
                    </array>
                    <array>
                      <string>total_scoring_att</string>
                      <array>
                        <number value="1"/>
                      </array>
                    </array>
                    <array>
                      <string>aerial_won</string>
                      <array>
                        <number value="1"/>
                      </array>
                    </array>
                    <array>
                      <string>total_pass</string>
                      <array>
                        <number value="60"/>
                      </array>
                    </array>
                    <array>
                      <string>total_tackle</string>
                      <array>
                        <number value="3"/>
                      </array>
                    </array>
                    <array>
                      <string>aerial_lost</string>
                      <array>
                        <number value="3"/>
                      </array>
                    </array>
                    <array>
                      <string>fouls</string>
                      <array>
                        <number value="1"/>
                      </array>
                    </array>
                    <array>
                      <string>formation_place</string>
                      <array>
                        <number value="5"/>
                      </array>
                    </array>
                  </array>
                </array>
                <number value="2"/>
                <string>DC</string>
                <number value="6"/>
                <number value="0"/>
                <number value="0"/>
                <string>D(C)</string>
                <number value="33"/>
                <number value="187"/>
                <number value="81"/>
              </array>
              <array>
                <number value="22846"/>
                <string>Ryan Bertrand</string>
                <number value="7.7"/>
                <array>
                  <array>
                    <array>
                      <string>accurate_pass</string>
                      <array>
                        <number value="36"/>
                      </array>
                    </array>
                    <array>
                      <string>touches</string>
                      <array>
                        <number value="54"/>
                      </array>
                    </array>
                    <array>
                      <string>goal_assist</string>
                      <array>
                        <number value="1"/>
                      </array>
                    </array>
                    <array>
                      <string>total_pass</string>
                      <array>
                        <number value="38"/>
                      </array>
                    </array>
                    <array>
                      <string>total_tackle</string>
                      <array>
                        <number value="1"/>
                      </array>
                    </array>
                    <array>
                      <string>fouls</string>
                      <array>
                        <number value="3"/>
                      </array>
                    </array>
                    <array>
                      <string>formation_place</string>
                      <array>
                        <number value="3"/>
                      </array>
                    </array>
                  </array>
                </array>
                <number value="2"/>
                <string>DL</string>
                <number value="21"/>
                <number value="0"/>
                <number value="0"/>
                <string>D(CL),M(L)</string>
                <number value="28"/>
                <number value="179"/>
                <number value="85"/>
              </array>
              <array>
                <number value="69945"/>
                <string>Cédric Soares</string>
                <number value="7.52"/>
                <array>
                  <array>
                    <array>
                      <string>accurate_pass</string>
                      <array>
                        <number value="27"/>
                      </array>
                    </array>
                    <array>
                      <string>touches</string>
                      <array>
                        <number value="66"/>
                      </array>
                    </array>
                    <array>
                      <string>won_contest</string>
                      <array>
                        <number value="1"/>
                      </array>
                    </array>
                    <array>
                      <string>total_scoring_att</string>
                      <array>
                        <number value="1"/>
                      </array>
                    </array>
                    <array>
                      <string>total_pass</string>
                      <array>
                        <number value="36"/>
                      </array>
                    </array>
                    <array>
                      <string>total_tackle</string>
                      <array>
                        <number value="3"/>
                      </array>
                    </array>
                    <array>
                      <string>aerial_lost</string>
                      <array>
                        <number value="3"/>
                      </array>
                    </array>
                    <array>
                      <string>formation_place</string>
                      <array>
                        <number value="2"/>
                      </array>
                    </array>
                  </array>
                </array>
                <number value="2"/>
                <string>DR</string>
                <number value="2"/>
                <number value="1"/>
                <number value="89"/>
                <string>D(R),M(R)</string>
                <number value="26"/>
                <number value="172"/>
                <number value="67"/>
              </array>
              <array>
                <number value="9734"/>
                <string>Steven Davis</string>
                <number value="7.14"/>
                <array>
                  <array>
                    <array>
                      <string>blocked_scoring_att</string>
                      <array>
                        <number value="1"/>
                      </array>
                    </array>
                    <array>
                      <string>accurate_pass</string>
                      <array>
                        <number value="50"/>
                      </array>
                    </array>
                    <array>
                      <string>touches</string>
                      <array>
                        <number value="72"/>
                      </array>
                    </array>
                    <array>
                      <string>won_contest</string>
                      <array>
                        <number value="1"/>
                      </array>
                    </array>
                    <array>
                      <string>total_scoring_att</string>
                      <array>
                        <number value="2"/>
                      </array>
                    </array>
                    <array>
                      <string>total_pass</string>
                      <array>
                        <number value="57"/>
                      </array>
                    </array>
                    <array>
                      <string>total_tackle</string>
                      <array>
                        <number value="4"/>
                      </array>
                    </array>
                    <array>
                      <string>aerial_lost</string>
                      <array>
                        <number value="1"/>
                      </array>
                    </array>
                    <array>
                      <string>formation_place</string>
                      <array>
                        <number value="11"/>
                      </array>
                    </array>
                  </array>
                </array>
                <number value="3"/>
                <string>MC</string>
                <number value="8"/>
                <number value="0"/>
                <number value="0"/>
                <string>M(CLR)</string>
                <number value="32"/>
                <number value="173"/>
                <number value="70"/>
              </array>
              <array>
                <number value="101859"/>
                <string>Pierre-Emile Højbjerg</string>
                <number value="7.36"/>
                <array>
                  <array>
                    <array>
                      <string>blocked_scoring_att</string>
                      <array>
                        <number value="1"/>
                      </array>
                    </array>
                    <array>
                      <string>accurate_pass</string>
                      <array>
                        <number value="62"/>
                      </array>
                    </array>
                    <array>
                      <string>touches</string>
                      <array>
                        <number value="91"/>
                      </array>
                    </array>
                    <array>
                      <string>total_scoring_att</string>
                      <array>
                        <number value="3"/>
                      </array>
                    </array>
                    <array>
                      <string>total_pass</string>
                      <array>
                        <number value="74"/>
                      </array>
                    </array>
                    <array>
                      <string>total_tackle</string>
                      <array>
                        <number value="3"/>
                      </array>
                    </array>
                    <array>
                      <string>fouls</string>
                      <array>
                        <number value="1"/>
                      </array>
                    </array>
                    <array>
                      <string>formation_place</string>
                      <array>
                        <number value="7"/>
                      </array>
                    </array>
                  </array>
                </array>
                <number value="3"/>
                <string>MC</string>
                <number value="23"/>
                <number value="0"/>
                <number value="0"/>
                <string>M(C)</string>
                <number value="22"/>
                <number value="185"/>
                <number value="84"/>
              </array>
              <array>
                <number value="29474"/>
                <string>Dusan Tadic</string>
                <number value="8.35"/>
                <array>
                  <array>
                    <array>
                      <string>accurate_pass</string>
                      <array>
                        <number value="21"/>
                      </array>
                    </array>
                    <array>
                      <string>touches</string>
                      <array>
                        <number value="51"/>
                      </array>
                    </array>
                    <array>
                      <string>won_contest</string>
                      <array>
                        <number value="2"/>
                      </array>
                    </array>
                    <array>
                      <string>total_scoring_att</string>
                      <array>
                        <number value="3"/>
                      </array>
                    </array>
                    <array>
                      <string>total_pass</string>
                      <array>
                        <number value="32"/>
                      </array>
                    </array>
                    <array>
                      <string>goals</string>
                      <array>
                        <number value="1"/>
                      </array>
                    </array>
                    <array>
                      <string>aerial_lost</string>
                      <array>
                        <number value="1"/>
                      </array>
                    </array>
                    <array>
                      <string>fouls</string>
                      <array>
                        <number value="1"/>
                      </array>
                    </array>
                    <array>
                      <string>formation_place</string>
                      <array>
                        <number value="8"/>
                      </array>
                    </array>
                  </array>
                </array>
                <number value="3"/>
                <string>AMC</string>
                <number value="11"/>
                <number value="1"/>
                <number value="80"/>
                <string>AM(CLR)</string>
                <number value="29"/>
                <number value="181"/>
                <number value="76"/>
              </array>
              <array>
                <number value="90780"/>
                <string>Oriol Romeu</string>
                <number value="6.82"/>
                <array>
                  <array>
                    <array>
                      <string>accurate_pass</string>
                      <array>
                        <number value="40"/>
                      </array>
                    </array>
                    <array>
                      <string>touches</string>
                      <array>
                        <number value="51"/>
                      </array>
                    </array>
                    <array>
                      <string>yellow_card</string>
                      <array>
                        <number value="1"/>
                      </array>
                    </array>
                    <array>
                      <string>total_pass</string>
                      <array>
                        <number value="47"/>
                      </array>
                    </array>
                    <array>
                      <string>total_tackle</string>
                      <array>
                        <number value="3"/>
                      </array>
                    </array>
                    <array>
                      <string>fouls</string>
                      <array>
                        <number value="2"/>
                      </array>
                    </array>
                    <array>
                      <string>formation_place</string>
                      <array>
                        <number value="4"/>
                      </array>
                    </array>
                  </array>
                </array>
                <number value="3"/>
                <string>DMC</string>
                <number value="14"/>
                <number value="0"/>
                <number value="0"/>
                <string>DMC</string>
                <number value="26"/>
                <number value="183"/>
                <number value="83"/>
              </array>
              <array>
                <number value="82102"/>
                <string>Charlie Austin</string>
                <number value="8.27"/>
                <array>
                  <array>
                    <array>
                      <string>accurate_pass</string>
                      <array>
                        <number value="10"/>
                      </array>
                    </array>
                    <array>
                      <string>touches</string>
                      <array>
                        <number value="26"/>
                      </array>
                    </array>
                    <array>
                      <string>total_scoring_att</string>
                      <array>
                        <number value="1"/>
                      </array>
                    </array>
                    <array>
                      <string>aerial_won</string>
                      <array>
                        <number value="2"/>
                      </array>
                    </array>
                    <array>
                      <string>goal_assist</string>
                      <array>
                        <number value="1"/>
                      </array>
                    </array>
                    <array>
                      <string>total_pass</string>
                      <array>
                        <number value="16"/>
                      </array>
                    </array>
                    <array>
                      <string>goals</string>
                      <array>
                        <number value="1"/>
                      </array>
                    </array>
                    <array>
                      <string>total_tackle</string>
                      <array>
                        <number value="1"/>
                      </array>
                    </array>
                    <array>
                      <string>aerial_lost</string>
                      <array>
                        <number value="5"/>
                      </array>
                    </array>
                    <array>
                      <string>fouls</string>
                      <array>
                        <number value="1"/>
                      </array>
                    </array>
                    <array>
                      <string>formation_place</string>
                      <array>
                        <number value="10"/>
                      </array>
                    </array>
                  </array>
                </array>
                <number value="4"/>
                <string>FW</string>
                <number value="10"/>
                <number value="1"/>
                <number value="74"/>
                <string>FW</string>
                <number value="28"/>
                <number value="188"/>
                <number value="84"/>
              </array>
              <array>
                <number value="86425"/>
                <string>Nathan Redmond</string>
                <number value="7.28"/>
                <array>
                  <array>
                    <array>
                      <string>blocked_scoring_att</string>
                      <array>
                        <number value="1"/>
                      </array>
                    </array>
                    <array>
                      <string>accurate_pass</string>
                      <array>
                        <number value="24"/>
                      </array>
                    </array>
                    <array>
                      <string>touches</string>
                      <array>
                        <number value="35"/>
                      </array>
                    </array>
                    <array>
                      <string>total_scoring_att</string>
                      <array>
                        <number value="4"/>
                      </array>
                    </array>
                    <array>
                      <string>aerial_won</string>
                      <array>
                        <number value="1"/>
                      </array>
                    </array>
                    <array>
                      <string>total_pass</string>
                      <array>
                        <number value="27"/>
                      </array>
                    </array>
                    <array>
                      <string>total_tackle</string>
                      <array>
                        <number value="1"/>
                      </array>
                    </array>
                    <array>
                      <string>fouls</string>
                      <array>
                        <number value="3"/>
                      </array>
                    </array>
                    <array>
                      <string>formation_place</string>
                      <array>
                        <number value="9"/>
                      </array>
                    </array>
                  </array>
                </array>
                <number value="4"/>
                <string>FW</string>
                <number value="22"/>
                <number value="0"/>
                <number value="0"/>
                <string>AM(CLR),FW</string>
                <number value="23"/>
                <number value="173"/>
                <number value="69"/>
              </array>
              <array>
                <number value="90802"/>
                <string>Jordy Clasie</string>
                <number value="0"/>
                <array>
                  <array>
                    <array>
                      <string>formation_place</string>
                      <array>
                        <number value="0"/>
                      </array>
                    </array>
                  </array>
                </array>
                <number value="5"/>
                <string>Sub</string>
                <number value="4"/>
                <number value="0"/>
                <number value="0"/>
                <string>DMC</string>
                <number value="26"/>
                <number value="169"/>
                <number value="66"/>
              </array>
              <array>
                <number value="105172"/>
                <string>James Ward-Prowse</string>
                <number value="7.11"/>
                <array>
                  <array>
                    <array>
                      <string>accurate_pass</string>
                      <array>
                        <number value="5"/>
                      </array>
                    </array>
                    <array>
                      <string>touches</string>
                      <array>
                        <number value="12"/>
                      </array>
                    </array>
                    <array>
                      <string>total_scoring_att</string>
                      <array>
                        <number value="2"/>
                      </array>
                    </array>
                    <array>
                      <string>total_pass</string>
                      <array>
                        <number value="7"/>
                      </array>
                    </array>
                    <array>
                      <string>goals</string>
                      <array>
                        <number value="1"/>
                      </array>
                    </array>
                    <array>
                      <string>aerial_lost</string>
                      <array>
                        <number value="2"/>
                      </array>
                    </array>
                    <array>
                      <string>formation_place</string>
                      <array>
                        <number value="0"/>
                      </array>
                    </array>
                  </array>
                </array>
                <number value="5"/>
                <string>Sub</string>
                <number value="16"/>
                <number value="2"/>
                <number value="80"/>
                <string>M(CR)</string>
                <number value="23"/>
                <number value="173"/>
                <number value="66"/>
              </array>
              <array>
                <number value="13798"/>
                <string>Shane Long</string>
                <number value="6.62"/>
                <array>
                  <array>
                    <array>
                      <string>blocked_scoring_att</string>
                      <array>
                        <number value="1"/>
                      </array>
                    </array>
                    <array>
                      <string>accurate_pass</string>
                      <array>
                        <number value="5"/>
                      </array>
                    </array>
                    <array>
                      <string>touches</string>
                      <array>
                        <number value="11"/>
                      </array>
                    </array>
                    <array>
                      <string>total_scoring_att</string>
                      <array>
                        <number value="1"/>
                      </array>
                    </array>
                    <array>
                      <string>total_pass</string>
                      <array>
                        <number value="5"/>
                      </array>
                    </array>
                    <array>
                      <string>fouls</string>
                      <array>
                        <number value="1"/>
                      </array>
                    </array>
                    <array>
                      <string>formation_place</string>
                      <array>
                        <number value="0"/>
                      </array>
                    </array>
                  </array>
                </array>
                <number value="5"/>
                <string>Sub</string>
                <number value="7"/>
                <number value="2"/>
                <number value="74"/>
                <string>AM(R),FW</string>
                <number value="30"/>
                <number value="178"/>
                <number value="81"/>
              </array>
              <array>
                <number value="255505"/>
                <string>Jake Hesketh</string>
                <number value="0"/>
                <array>
                  <array>
                    <array>
                      <string>formation_place</string>
                      <array>
                        <number value="0"/>
                      </array>
                    </array>
                  </array>
                </array>
                <number value="5"/>
                <string>Sub</string>
                <number value="42"/>
                <number value="0"/>
                <number value="0"/>
                <string>Midfielder</string>
                <number value="21"/>
                <number value="168"/>
                <number value="63"/>
              </array>
              <array>
                <number value="43712"/>
                <string>Cuco Martina</string>
                <number value="6.12"/>
                <array>
                  <array>
                    <array>
                      <string>accurate_pass</string>
                      <array>
                        <number value="1"/>
                      </array>
                    </array>
                    <array>
                      <string>touches</string>
                      <array>
                        <number value="5"/>
                      </array>
                    </array>
                    <array>
                      <string>total_pass</string>
                      <array>
                        <number value="2"/>
                      </array>
                    </array>
                    <array>
                      <string>formation_place</string>
                      <array>
                        <number value="0"/>
                      </array>
                    </array>
                  </array>
                </array>
                <number value="5"/>
                <string>Sub</string>
                <number value="15"/>
                <number value="2"/>
                <number value="89"/>
                <string>D(CR)</string>
                <number value="28"/>
                <number value="185"/>
                <number value="77"/>
              </array>
              <array>
                <number value="38577"/>
                <string>Alex McCarthy</string>
                <number value="0"/>
                <array>
                  <array>
                    <array>
                      <string>formation_place</string>
                      <array>
                        <number value="0"/>
                      </array>
                    </array>
                  </array>
                </array>
                <number value="5"/>
                <string>Sub</string>
                <number value="13"/>
                <number value="0"/>
                <number value="0"/>
                <string>GK</string>
                <number value="27"/>
                <number value="193"/>
                <number value="79"/>
              </array>
              <array>
                <number value="37204"/>
                <string>Maya Yoshida</string>
                <number value="0"/>
                <array>
                  <array>
                    <array>
                      <string>formation_place</string>
                      <array>
                        <number value="0"/>
                      </array>
                    </array>
                  </array>
                </array>
                <number value="5"/>
                <string>Sub</string>
                <number value="3"/>
                <number value="0"/>
                <number value="0"/>
                <string>D(CR)</string>
                <number value="29"/>
                <number value="189"/>
                <number value="78"/>
              </array>
            </array>
            <array>
              <string>41212</string>
              <array>
                <array>
                  <number value="5"/>
                  <number value="1"/>
                </array>
                <array>
                  <number value="2"/>
                  <number value="3"/>
                </array>
                <array>
                  <number value="8"/>
                  <number value="3"/>
                </array>
                <array>
                  <number value="5"/>
                  <number value="5"/>
                </array>
                <array>
                  <number value="4"/>
                  <number value="3"/>
                </array>
                <array>
                  <number value="6"/>
                  <number value="3"/>
                </array>
                <array>
                  <number value="3"/>
                  <number value="5"/>
                </array>
                <array>
                  <number value="5"/>
                  <number value="7"/>
                </array>
                <array>
                  <number value="6"/>
                  <number value="9"/>
                </array>
                <array>
                  <number value="4"/>
                  <number value="9"/>
                </array>
                <array>
                  <number value="7"/>
                  <number value="5"/>
                </array>
              </array>
            </array>
          </array>
        </array>
      </array>
      <number value="0"/>
    </array>
  </var>
  <var name="liveTeamStatsInfoConfig">
    <object>
      <property name="view">
        <object>
          <property name="renderTo">
            <string>match-report-team-statistics</string>
          </property>
          <property name="width">
            <number value="250"/>
          </property>
          <property name="labelWidth">
            <number value="100"/>
          </property>
        </object>
      </property>
      <property name="model">
        <object>
          <property name="instanceType">
            <identifier name="LiveTeamStatsSummaryInfoModel"/>
          </property>
          <property name="labelGroups">
            <array>
              <object>
                <property name="start">
                  <number value="0"/>
                </property>
                <property name="end">
                  <number value="5"/>
                </property>
                <property name="clazz">
                  <string>no-top-margin</string>
                </property>
                <property name="labelWidth">
                  <number value="120"/>
                </property>
                <property name="statValueWidth">
                  <number value="60"/>
                </property>
                <property name="hideBars">
                  <boolean>true</boolean>
                </property>
              </object>
              <object>
                <property name="start">
                  <number value="6"/>
                </property>
                <property name="end">
                  <number value="6"/>
                </property>
                <property name="title">
                  <string>Possession</string>
                </property>
                <property name="labelWidth">
                  <number value="0"/>
                </property>
              </object>
            </array>
          </property>
          <property name="labels">
            <array>
              <object>
                <property name="type">
                  <string>value</string>
                </property>
                <property name="displayValue">
                  <string>Shots</string>
                </property>
              </object>
              <object>
                <property name="type">
                  <string>value</string>
                </property>
                <property name="displayValue">
                  <string>Shots on target</string>
                </property>
              </object>
              <object>
                <property name="type">
                  <string>percentage</string>
                </property>
                <property name="displayValue">
                  <string>Pass Success %</string>
                </property>
              </object>
              <object>
                <property name="type">
                  <string>percentage</string>
                </property>
                <property name="displayValue">
                  <string>Aerial Duel Success</string>
                </property>
              </object>
              <object>
                <property name="type">
                  <string>value</string>
                </property>
                <property name="displayValue">
                  <string>Dribbles won</string>
                </property>
              </object>
              <object>
                <property name="type">
                  <string>value</string>
                </property>
                <property name="displayValue">
                  <string>Tackles</string>
                </property>
              </object>
              <object>
                <property name="type">
                  <string>percentage</string>
                </property>
                <property name="displayValue">
                  <string></string>
                </property>
              </object>
            </array>
          </property>
        </object>
      </property>
    </object>
  </var>
  <var name="liveTeamStatsInfo">
    <new>
      <dotaccessor>
        <object>
          <dotaccessor>
            <object>
              <identifier name="WS"/>
            </object>
            <property>
              <identifier name="Stats"/>
            </property>
          </dotaccessor>
        </object>
        <property>
          <identifier name="Info"/>
        </property>
      </dotaccessor>
      <arguments>
        <identifier name="liveTeamStatsInfoConfig"/>
      </arguments>
    </new>
  </var>
  <functioncall>
    <function>
      <dotaccessor>
        <object>
          <identifier name="liveTeamStatsInfo"/>
        </object>
        <property>
          <identifier name="load"/>
        </property>
      </dotaccessor>
    </function>
    <arguments>
      <object>
        <property name="home">
          <bracketaccessor>
            <object>
              <bracketaccessor>
                <object>
                  <bracketaccessor>
                    <object>
                      <identifier name="matchStats"/>
                    </object>
                    <property>
                      <number value="0"/>
                    </property>
                  </bracketaccessor>
                </object>
                <property>
                  <number value="2"/>
                </property>
              </bracketaccessor>
            </object>
            <property>
              <number value="0"/>
            </property>
          </bracketaccessor>
        </property>
        <property name="away">
          <bracketaccessor>
            <object>
              <bracketaccessor>
                <object>
                  <bracketaccessor>
                    <object>
                      <identifier name="matchStats"/>
                    </object>
                    <property>
                      <number value="0"/>
                    </property>
                  </bracketaccessor>
                </object>
                <property>
                  <number value="2"/>
                </property>
              </bracketaccessor>
            </object>
            <property>
              <number value="1"/>
            </property>
          </bracketaccessor>
        </property>
      </object>
    </arguments>
  </functioncall>
  <functioncall>
    <function>
      <dotaccessor>
        <object>
          <functioncall>
            <function>
              <identifier name="$"/>
            </function>
            <arguments>
              <identifier name="document"/>
            </arguments>
          </functioncall>
        </object>
        <property>
          <identifier name="bind"/>
        </property>
      </dotaccessor>
    </function>
    <arguments>
      <binaryoperation operation="+">
        <left>
          <binaryoperation operation="+">
            <left>
              <string>match-live-player-stats-</string>
            </left>
            <right>
              <number value="1080575"/>
            </right>
          </binaryoperation>
        </left>
        <right>
          <string>-updated</string>
        </right>
      </binaryoperation>
      <funcexpr>
        <identifier/>
        <parameters>
          <identifier name="options"/>
          <identifier name="data"/>
        </parameters>
        <body>
          <functioncall>
            <function>
              <dotaccessor>
                <object>
                  <identifier name="liveTeamStatsInfo"/>
                </object>
                <property>
                  <identifier name="load"/>
                </property>
              </dotaccessor>
            </function>
            <arguments>
              <object>
                <property name="home">
                  <bracketaccessor>
                    <object>
                      <bracketaccessor>
                        <object>
                          <identifier name="data"/>
                        </object>
                        <property>
                          <number value="1"/>
                        </property>
                      </bracketaccessor>
                    </object>
                    <property>
                      <number value="0"/>
                    </property>
                  </bracketaccessor>
                </property>
                <property name="away">
                  <bracketaccessor>
                    <object>
                      <bracketaccessor>
                        <object>
                          <identifier name="data"/>
                        </object>
                        <property>
                          <number value="1"/>
                        </property>
                      </bracketaccessor>
                    </object>
                    <property>
                      <number value="1"/>
                    </property>
                  </bracketaccessor>
                </property>
              </object>
            </arguments>
          </functioncall>
        </body>
      </funcexpr>
    </arguments>
  </functioncall>
</program>
